transaction_id,account_id,customer_id,transaction_date,amount,transaction_type,counterparty_name,counterparty_country,channel,full_name,risk_rating,country_of_residence
TXN000001,ACCT00282,CUST0171,2025-01-01 00:00:00,786.87,CashDeposit,Crown Exchange,UAE,Branch,Ahmed White,Low,Switzerland
TXN000002,ACCT00135,CUST0080,2025-01-01 00:00:00,301.14,Deposit,Silver Partners,Germany,ATM,Priya Lee,Medium,Canada
TXN000003,ACCT00065,CUST0036,2025-01-01 00:00:00,810.43,Deposit,Sunrise Ventures,Netherlands,ATM,Mia Scott,Medium,UAE
TXN000004,ACCT00297,CUST0179,2025-01-01 00:00:00,2131.5,Withdrawal,Sunrise Freight,France,Branch,Linda Robinson,Medium,Switzerland
TXN000005,ACCT00255,CUST0154,2025-01-01 00:00:00,752.89,Deposit,Ahmed Jones,Netherlands,Wire,William Martin,Low,United States
TXN000006,ACCT00061,CUST0034,2025-01-01 00:00:00,940.59,CashDeposit,Metro Trading,Australia,Online,William Harris,Low,Japan
TXN000007,ACCT00198,CUST0121,2025-01-01 00:00:00,401.12,Deposit,Karen Wilson,UAE,ATM,Susan Taylor,Low,United Kingdom
TXN000008,ACCT00235,CUST0141,2025-01-02 00:00:00,368.41,ACH,Summit Capital,United States,Online,Charles King,Medium,India
TXN000009,ACCT00286,CUST0173,2025-01-02 00:00:00,860.23,WireTransfer,Susan Ramirez,United Kingdom,ATM,Karen Clark,Low,United Kingdom
TXN000010,ACCT00138,CUST0082,2025-01-02 00:00:00,279.46,Withdrawal,Pacific Traders,Australia,Online,Sven Brown,Low,Spain
TXN000011,ACCT00300,CUST0182,2025-01-02 00:00:00,585.88,CashDeposit,Falcon Partners,Ireland,Wire,Elizabeth Flores,Medium,United Kingdom
TXN000012,ACCT00282,CUST0171,2025-01-02 00:00:00,917.52,CashDeposit,Fatima Young,United Kingdom,Online,Ahmed White,Low,Switzerland
TXN000013,ACCT00328,CUST0200,2025-01-03 00:00:00,366.27,Withdrawal,Delta Freight,United Kingdom,Wire,Linda Moore,Low,Spain
TXN000014,ACCT00016,CUST0007,2025-01-03 00:00:00,20000.0,WireTransfer,David Moore,Afghanistan,Branch,Wei Wilson,High,Netherlands
TXN000015,ACCT00251,CUST0151,2025-01-03 00:00:00,116.97,WireTransfer,Sofia Walker,Spain,ATM,Olga Garcia,Medium,Spain
TXN000016,ACCT00170,CUST0103,2025-01-03 00:00:00,1491.49,WireTransfer,Emma Scott,Ireland,Online,Emma Wilson,Low,Ireland
TXN000017,ACCT00049,CUST0029,2025-01-03 00:00:00,258.69,WireTransfer,Delta Freight,Ireland,Online,Sven Robinson,Low,Switzerland
TXN000018,ACCT00123,CUST0073,2025-01-03 00:00:00,222.61,Deposit,Sven Sanchez,India,ATM,Lucas Gonzalez,Low,India
TXN000019,ACCT00281,CUST0171,2025-01-03 00:00:00,1470.23,CashDeposit,Yuki White,United Kingdom,ATM,Ahmed White,Low,Switzerland
TXN000020,ACCT00065,CUST0036,2025-01-04 00:00:00,1042.35,WireTransfer,Mary Moore,Germany,Online,Mia Scott,Medium,UAE
TXN000021,ACCT00055,CUST0031,2025-01-04 00:00:00,2695.54,CashDeposit,Crown Imports,Singapore,Branch,David Ramirez,Low,France
TXN000022,ACCT00329,CUST0200,2025-01-04 00:00:00,341.43,Withdrawal,Delta Traders,Singapore,ATM,Linda Moore,Low,Spain
TXN000023,ACCT00110,CUST0063,2025-01-04 00:00:00,337.73,Withdrawal,Lucas King,Canada,Wire,Diego Smith,Low,Ireland
TXN000024,ACCT00133,CUST0078,2025-01-04 00:00:00,1204.18,ACH,Ava Flores,Germany,ATM,Thomas Thomas,Medium,France
TXN000025,ACCT00288,CUST0174,2025-01-04 00:00:00,110.71,WireTransfer,Lucas Torres,India,ATM,Emma Davis,Low,United Kingdom
TXN000026,ACCT00263,CUST0158,2025-01-04 00:00:00,613.46,WireTransfer,Metro Group,United Kingdom,ATM,Thomas Smith,Low,France
TXN000027,ACCT00298,CUST0180,2025-01-04 00:00:00,1249.06,Deposit,Sofia Robinson,United Kingdom,Branch,Patricia Perez,Low,United Kingdom
TXN000028,ACCT00201,CUST0122,2025-01-04 00:00:00,522.44,CashDeposit,Mia Davis,UAE,Branch,William Smith,Low,India
TXN000029,ACCT00187,CUST0112,2025-01-04 00:00:00,411.79,WireTransfer,Prime Exchange,India,Wire,Joseph White,Low,France
TXN000030,ACCT00059,CUST0033,2025-01-04 00:00:00,3209.87,CashDeposit,Chloe Lee,Spain,Branch,Jessica Hernandez,Low,India
TXN000031,ACCT00110,CUST0063,2025-01-05 00:00:00,173.13,Deposit,Camila Smith,Australia,Wire,Diego Smith,Low,Ireland
TXN000032,ACCT00060,CUST0033,2025-01-05 00:00:00,2911.84,Withdrawal,Nova Freight,India,Wire,Jessica Hernandez,Low,India
TXN000033,ACCT00062,CUST0034,2025-01-05 00:00:00,619.18,Deposit,Fatima Garcia,UAE,Wire,William Harris,Low,Japan
TXN000034,ACCT00157,CUST0095,2025-01-05 00:00:00,1312.09,Withdrawal,Liam Wilson,Singapore,ATM,Ahmed Sanchez,Medium,Canada
TXN000035,ACCT00291,CUST0176,2025-01-05 00:00:00,302.07,WireTransfer,David Hernandez,United Kingdom,Wire,Michael Young,Low,France
TXN000036,ACCT00189,CUST0114,2025-01-05 00:00:00,257.66,Withdrawal,Summit Imports,Japan,ATM,Emma Miller,Low,Netherlands
TXN000037,ACCT00235,CUST0141,2025-01-05 00:00:00,508.26,Withdrawal,Elizabeth Brown,India,Wire,Charles King,Medium,India
TXN000038,ACCT00285,CUST0173,2025-01-05 00:00:00,1065.87,CashDeposit,Arjun Miller,Singapore,Branch,Karen Clark,Low,United Kingdom
TXN000039,ACCT00025,CUST0013,2025-01-05 00:00:00,115.18,CashDeposit,Elizabeth Clark,Myanmar,Online,Jennifer Brown,High,Ireland
TXN000040,ACCT00206,CUST0126,2025-01-06 00:00:00,986.14,ACH,David Anderson,UAE,Branch,Elizabeth Jones,Low,United Kingdom
TXN000041,ACCT00144,CUST0086,2025-01-06 00:00:00,825.77,CashDeposit,Mia Green,Canada,Online,Olga Hernandez,Low,Singapore
TXN000042,ACCT00304,CUST0185,2025-01-06 00:00:00,5701.49,WireTransfer,Wei Jones,Ireland,Wire,Sven Wright,Low,UAE
TXN000043,ACCT00014,CUST0007,2025-01-06 00:00:00,508.32,Deposit,Olga Robinson,Myanmar,ATM,Wei Wilson,High,Netherlands
TXN000044,ACCT00002,CUST0001,2025-01-06 00:00:00,5000.0,CashDeposit,Richard Moore,Myanmar,Branch,Mateo Clark,High,Ireland
TXN000045,ACCT00227,CUST0136,2025-01-06 00:00:00,200.36,Deposit,Charles Ramirez,Netherlands,ATM,James Scott,Low,Japan
TXN000046,ACCT00252,CUST0151,2025-01-06 00:00:00,1210.44,Withdrawal,Anchor Trading,Spain,Online,Olga Garcia,Medium,Spain
TXN000047,ACCT00210,CUST0129,2025-01-06 00:00:00,260.73,CashDeposit,Noah Harris,France,Branch,Robert Ramirez,Medium,Netherlands
TXN000048,ACCT00314,CUST0191,2025-01-06 00:00:00,672.42,Deposit,Pacific Partners,Spain,Online,Liam Flores,Low,Canada
TXN000049,ACCT00137,CUST0082,2025-01-06 00:00:00,799.39,WireTransfer,Barbara Taylor,UAE,Online,Sven Brown,Low,Spain
TXN000050,ACCT00078,CUST0042,2025-01-06 00:00:00,2289.51,Deposit,Emma Ramirez,United Kingdom,Branch,Arjun Jones,Low,India
TXN000051,ACCT00041,CUST0023,2025-01-06 00:00:00,78280.32,WireTransfer,Horizon Trading,Afghanistan,Wire,Richard Martin,High,India
TXN000052,ACCT00141,CUST0084,2025-01-06 00:00:00,539.45,WireTransfer,Nova Trading,Singapore,Online,Ahmed Clark,Low,UAE
TXN000053,ACCT00309,CUST0188,2025-01-06 00:00:00,338.24,WireTransfer,Robert Hernandez,Canada,Online,Noah Sanchez,Low,Switzerland
TXN000054,ACCT00113,CUST0066,2025-01-06 00:00:00,3679.8,Deposit,Elizabeth Jackson,United States,ATM,Charles Torres,Low,Germany
TXN000055,ACCT00028,CUST0015,2025-01-07 00:00:00,1221.17,Deposit,Jennifer Hill,Venezuela,Online,Sofia Smith,High,Ireland
TXN000056,ACCT00170,CUST0103,2025-01-07 00:00:00,1173.73,Withdrawal,Summit Holdings,United Kingdom,Branch,Emma Wilson,Low,Ireland
TXN000057,ACCT00153,CUST0092,2025-01-07 00:00:00,133.85,ACH,Silver Holdings,Australia,Wire,Elizabeth Thomas,Medium,India
TXN000058,ACCT00319,CUST0195,2025-01-07 00:00:00,100.73,Deposit,Jennifer Gonzalez,Germany,Wire,Jennifer Garcia,Low,Canada
TXN000059,ACCT00008,CUST0003,2025-01-07 00:00:00,880.04,Deposit,Summit Traders,Afghanistan,ATM,Ahmed Miller,High,Ireland
TXN000060,ACCT00001,CUST0001,2025-01-07 00:00:00,20000.0,WireTransfer,Camila Williams,Japan,Branch,Mateo Clark,High,Ireland
TXN000061,ACCT00102,CUST0058,2025-01-07 00:00:00,240.85,Withdrawal,Ethan Young,India,Wire,Joseph Anderson,Medium,Switzerland
TXN000062,ACCT00277,CUST0167,2025-01-07 00:00:00,795.28,CashDeposit,Ethan Harris,Ireland,Branch,Ava King,Low,Spain
TXN000063,ACCT00289,CUST0174,2025-01-07 00:00:00,359.85,Withdrawal,Global Ventures,Switzerland,Branch,Emma Davis,Low,United Kingdom
TXN000064,ACCT00200,CUST0122,2025-01-07 00:00:00,297.58,WireTransfer,Noah Lewis,United States,Online,William Smith,Low,India
TXN000065,ACCT00080,CUST0043,2025-01-07 00:00:00,721.86,WireTransfer,Ava Williams,Japan,Wire,John Scott,Low,Singapore
TXN000066,ACCT00324,CUST0198,2025-01-07 00:00:00,695.31,Deposit,Jessica Moore,Germany,ATM,Patricia Jackson,Low,France
TXN000067,ACCT00268,CUST0160,2025-01-07 00:00:00,295.18,Withdrawal,Karen Wright,Switzerland,Wire,Thomas Robinson,Low,Spain
TXN000068,ACCT00020,CUST0010,2025-01-07 00:00:00,93443.96,WireTransfer,Falcon Capital,Iran,Wire,Arjun Wilson,High,Switzerland
TXN000069,ACCT00277,CUST0167,2025-01-07 00:00:00,1200.41,WireTransfer,Sven Taylor,United Kingdom,Wire,Ava King,Low,Spain
TXN000070,ACCT00146,CUST0087,2025-01-08 00:00:00,806.12,WireTransfer,Karen King,United States,ATM,Mia Nguyen,Medium,Canada
TXN000071,ACCT00062,CUST0034,2025-01-08 00:00:00,546.56,Withdrawal,Anchor Imports,Netherlands,ATM,William Harris,Low,Japan
TXN000072,ACCT00142,CUST0085,2025-01-08 00:00:00,316.71,Withdrawal,Jennifer Young,Singapore,ATM,Emma Anderson,Low,Japan
TXN000073,ACCT00297,CUST0179,2025-01-08 00:00:00,609.56,Deposit,Crown Holdings,Canada,Wire,Linda Robinson,Medium,Switzerland
TXN000074,ACCT00255,CUST0154,2025-01-08 00:00:00,105.0,CashDeposit,Elizabeth Gonzalez,Ireland,Wire,William Martin,Low,United States
TXN000075,ACCT00279,CUST0169,2025-01-08 00:00:00,904.71,Withdrawal,Mary Jones,United Kingdom,Online,Olga Torres,Low,Canada
TXN000076,ACCT00062,CUST0034,2025-01-08 00:00:00,469.07,ACH,Emma White,Australia,Online,William Harris,Low,Japan
TXN000077,ACCT00322,CUST0197,2025-01-08 00:00:00,216.98,WireTransfer,Susan Smith,United States,ATM,Linda Clark,Low,Spain
TXN000078,ACCT00068,CUST0037,2025-01-08 00:00:00,984.45,WireTransfer,Richard Wilson,Germany,Wire,Noah King,Medium,United Kingdom
TXN000079,ACCT00319,CUST0195,2025-01-08 00:00:00,603.57,Withdrawal,Falcon Ventures,United Kingdom,ATM,Jennifer Garcia,Low,Canada
TXN000080,ACCT00162,CUST0097,2025-01-08 00:00:00,1182.29,WireTransfer,Mateo Jackson,Canada,ATM,Mateo Ramirez,Low,Canada
TXN000081,ACCT00079,CUST0042,2025-01-08 00:00:00,175.7,Deposit,Camila White,Netherlands,Online,Arjun Jones,Low,India
TXN000082,ACCT00244,CUST0146,2025-01-08 00:00:00,385.35,ACH,Karen Anderson,Netherlands,Branch,Yuki Lee,Medium,UAE
TXN000083,ACCT00329,CUST0200,2025-01-08 00:00:00,362.32,Withdrawal,Richard Rodriguez,Switzerland,ATM,Linda Moore,Low,Spain
TXN000084,ACCT00317,CUST0193,2025-01-08 00:00:00,949.02,WireTransfer,Ethan Smith,Germany,Branch,Yuki Sanchez,Low,UAE
TXN000085,ACCT00003,CUST0002,2025-01-09 00:00:00,373.57,WireTransfer,Mary Flores,Japan,ATM,William Ramirez,High,Yemen
TXN000086,ACCT00256,CUST0155,2025-01-09 00:00:00,790.41,ACH,Olga Hernandez,India,Wire,Wei White,Low,United Kingdom
TXN000087,ACCT00304,CUST0185,2025-01-09 00:00:00,1680.53,ACH,Jennifer Martinez,Japan,Branch,Sven Wright,Low,UAE
TXN000088,ACCT00222,CUST0134,2025-01-09 00:00:00,432.37,Deposit,Summit Freight,Canada,ATM,Sven Young,Low,Spain
TXN000089,ACCT00327,CUST0200,2025-01-09 00:00:00,124.85,ACH,Summit Holdings,Ireland,ATM,Linda Moore,Low,Spain
TXN000090,ACCT00261,CUST0157,2025-01-09 00:00:00,677.78,CashDeposit,Charles Taylor,Ireland,ATM,Jessica Young,Low,United Kingdom
TXN000091,ACCT00200,CUST0122,2025-01-09 00:00:00,617.73,Deposit,Liam Torres,Netherlands,Online,William Smith,Low,India
TXN000092,ACCT00169,CUST0102,2025-01-09 00:00:00,804.05,ACH,Michael Lewis,Australia,Wire,Chloe Harris,Low,United States
TXN000093,ACCT00268,CUST0160,2025-01-09 00:00:00,2882.87,Deposit,Silver Imports,India,Online,Thomas Robinson,Low,Spain
TXN000094,ACCT00137,CUST0082,2025-01-09 00:00:00,820.29,CashDeposit,Ahmed Taylor,UAE,Branch,Sven Brown,Low,Spain
TXN000095,ACCT00301,CUST0183,2025-01-09 00:00:00,507.61,Withdrawal,Michael Wilson,Japan,ATM,Thomas Lopez,Low,United Kingdom
TXN000096,ACCT00270,CUST0162,2025-01-10 00:00:00,229.01,Deposit,Diego Miller,France,Branch,Olga Moore,Low,Ireland
TXN000097,ACCT00108,CUST0061,2025-01-10 00:00:00,591.07,Deposit,Atlas Imports,United States,Online,Michael Flores,Low,Australia
TXN000098,ACCT00108,CUST0061,2025-01-10 00:00:00,449.55,WireTransfer,David Martin,Germany,Branch,Michael Flores,Low,Australia
TXN000099,ACCT00310,CUST0189,2025-01-10 00:00:00,749.64,Deposit,Robert Johnson,United Kingdom,Wire,Jennifer Lee,Low,United Kingdom
TXN000100,ACCT00050,CUST0029,2025-01-10 00:00:00,311.87,CashDeposit,Olga Hill,Spain,Branch,Sven Robinson,Low,Switzerland
TXN000101,ACCT00093,CUST0053,2025-01-10 00:00:00,3533.01,Deposit,Arjun Harris,Canada,Wire,Robert Thompson,Low,Switzerland
TXN000102,ACCT00090,CUST0050,2025-01-10 00:00:00,3318.76,ACH,Global Freight,United States,Wire,Thomas Hernandez,Medium,Singapore
TXN000103,ACCT00062,CUST0034,2025-01-10 00:00:00,433.5,Withdrawal,Prime Ventures,Singapore,Branch,William Harris,Low,Japan
TXN000104,ACCT00303,CUST0185,2025-01-11 00:00:00,880.54,WireTransfer,Union Logistics,United Kingdom,ATM,Sven Wright,Low,UAE
TXN000105,ACCT00253,CUST0152,2025-01-11 00:00:00,827.18,WireTransfer,Diego Ramirez,India,Online,Arjun Young,Medium,United States
TXN000106,ACCT00202,CUST0123,2025-01-11 00:00:00,181.98,CashDeposit,Horizon Holdings,Singapore,Branch,Robert Anderson,Low,UAE
TXN000107,ACCT00270,CUST0162,2025-01-11 00:00:00,4538.57,WireTransfer,Sofia Jones,Singapore,Online,Olga Moore,Low,Ireland
TXN000108,ACCT00113,CUST0066,2025-01-11 00:00:00,2125.75,Withdrawal,Linda Perez,Switzerland,Wire,Charles Torres,Low,Germany
TXN000109,ACCT00120,CUST0071,2025-01-11 00:00:00,223.54,CashDeposit,Union Imports,France,Branch,Jessica Martin,Low,Ireland
TXN000110,ACCT00245,CUST0146,2025-01-11 00:00:00,809.41,Deposit,Thomas Thomas,Germany,Branch,Yuki Lee,Medium,UAE
TXN000111,ACCT00287,CUST0173,2025-01-11 00:00:00,688.64,Deposit,William Perez,India,Wire,Karen Clark,Low,United Kingdom
TXN000112,ACCT00048,CUST0028,2025-01-11 00:00:00,5000.0,WireTransfer,Chloe Green,Spain,Branch,Sven Gonzalez,Low,Canada
TXN000113,ACCT00209,CUST0128,2025-01-11 00:00:00,2164.03,Deposit,Arjun Thompson,Australia,Branch,Olga Moore,Low,Singapore
TXN000114,ACCT00181,CUST0108,2025-01-12 00:00:00,793.74,WireTransfer,Mateo Rodriguez,Germany,Wire,Diego Torres,Low,Australia
TXN000115,ACCT00251,CUST0151,2025-01-12 00:00:00,1283.52,Deposit,Sarah Jackson,Japan,Wire,Olga Garcia,Medium,Spain
TXN000116,ACCT00026,CUST0013,2025-01-12 00:00:00,22634.08,WireTransfer,William Flores,North Korea,Wire,Jennifer Brown,High,Ireland
TXN000117,ACCT00322,CUST0197,2025-01-12 00:00:00,336.8,CashDeposit,Elizabeth Thomas,Japan,Branch,Linda Clark,Low,Spain
TXN000118,ACCT00231,CUST0138,2025-01-12 00:00:00,1816.37,ACH,Liam Martin,France,Wire,Sofia Rodriguez,Medium,India
TXN000119,ACCT00038,CUST0021,2025-01-12 00:00:00,814.78,CashDeposit,Thomas Scott,Iran,Online,Tatiana Orlova,High,Libya
TXN000120,ACCT00201,CUST0122,2025-01-12 00:00:00,557.37,CashDeposit,Wei Walker,Singapore,Wire,William Smith,Low,India
TXN000121,ACCT00271,CUST0163,2025-01-12 00:00:00,930.89,CashDeposit,John Scott,Switzerland,ATM,Emma Jackson,Low,Germany
TXN000122,ACCT00146,CUST0087,2025-01-12 00:00:00,541.46,CashDeposit,Ethan Davis,Canada,Branch,Mia Nguyen,Medium,Canada
TXN000123,ACCT00088,CUST0048,2025-01-12 00:00:00,1800.91,Deposit,Jennifer King,Switzerland,Wire,Thomas King,Low,Spain
TXN000124,ACCT00026,CUST0013,2025-01-12 04:00:00,21633.03,WireTransfer,Karen Thomas,North Korea,Wire,Jennifer Brown,High,Ireland
TXN000125,ACCT00293,CUST0177,2025-01-13 00:00:00,1353.64,Withdrawal,David Jones,Spain,Wire,Fatima Wilson,Low,Spain
TXN000126,ACCT00213,CUST0130,2025-01-13 00:00:00,1408.92,Withdrawal,Elizabeth Sanchez,Japan,ATM,Lucas Hill,Low,Ireland
TXN000127,ACCT00223,CUST0134,2025-01-13 00:00:00,623.49,ACH,Diego Johnson,Australia,Wire,Sven Young,Low,Spain
TXN000128,ACCT00085,CUST0047,2025-01-13 00:00:00,647.23,ACH,Delta Exchange,Ireland,Wire,Sarah Jackson,Low,Germany
TXN000129,ACCT00163,CUST0098,2025-01-13 00:00:00,459.77,WireTransfer,Fatima Walker,Australia,ATM,Sven Young,Medium,Switzerland
TXN000130,ACCT00172,CUST0104,2025-01-13 00:00:00,5661.15,WireTransfer,Diego Wilson,Ireland,Wire,Sarah Torres,Low,Canada
TXN000131,ACCT00048,CUST0028,2025-01-13 00:00:00,2466.47,ACH,Global Logistics,United States,ATM,Sven Gonzalez,Low,Canada
TXN000132,ACCT00261,CUST0157,2025-01-14 00:00:00,456.55,ACH,Sofia Lee,Japan,ATM,Jessica Young,Low,United Kingdom
TXN000133,ACCT00095,CUST0054,2025-01-14 00:00:00,1271.92,WireTransfer,Wei Clark,Canada,Wire,Sofia Clark,Low,UAE
TXN000134,ACCT00258,CUST0155,2025-01-14 00:00:00,173.46,CashDeposit,John Green,France,Wire,Wei White,Low,United Kingdom
TXN000135,ACCT00305,CUST0186,2025-01-14 00:00:00,688.58,CashDeposit,Delta Holdings,Canada,ATM,Fatima King,Low,Canada
TXN000136,ACCT00242,CUST0145,2025-01-14 00:00:00,422.8,WireTransfer,David Wright,United Kingdom,ATM,Mateo Walker,Medium,Australia
TXN000137,ACCT00118,CUST0070,2025-01-15 00:00:00,770.31,Deposit,Crown Holdings,Spain,ATM,Jennifer Jackson,Low,Switzerland
TXN000138,ACCT00099,CUST0057,2025-01-15 00:00:00,206.46,WireTransfer,Jessica White,Germany,ATM,Robert Walker,Low,India
TXN000139,ACCT00030,CUST0017,2025-01-15 00:00:00,114.11,WireTransfer,Emma Scott,Myanmar,Online,Thomas King,High,Spain
TXN000140,ACCT00111,CUST0064,2025-01-15 00:00:00,589.7,ACH,Anchor Freight,Ireland,Wire,Diego Jones,Low,Netherlands
TXN000141,ACCT00032,CUST0018,2025-01-15 00:00:00,1668.75,ACH,Joseph Wilson,Myanmar,Branch,Amara Solis,High,Syria
TXN000142,ACCT00095,CUST0054,2025-01-15 00:00:00,303.42,CashDeposit,Wei Hill,United Kingdom,Branch,Sofia Clark,Low,UAE
TXN000143,ACCT00150,CUST0090,2025-01-15 00:00:00,1055.93,Withdrawal,Prime Capital,Spain,Branch,Jennifer Walker,Low,UAE
TXN000144,ACCT00206,CUST0126,2025-01-15 00:00:00,289.15,Deposit,Metro Trading,Japan,ATM,Elizabeth Jones,Low,United Kingdom
TXN000145,ACCT00019,CUST0009,2025-01-16 00:00:00,176.52,Withdrawal,William Robinson,Myanmar,ATM,Patricia Anderson,High,North Korea
TXN000146,ACCT00278,CUST0168,2025-01-16 00:00:00,2843.0,ACH,Sunrise Group,Netherlands,Online,Charles Perez,Low,United Kingdom
TXN000147,ACCT00328,CUST0200,2025-01-16 00:00:00,2198.39,Deposit,Ava Ramirez,United States,Wire,Linda Moore,Low,Spain
TXN000148,ACCT00279,CUST0169,2025-01-16 00:00:00,2571.39,CashDeposit,James Torres,UAE,Wire,Olga Torres,Low,Canada
TXN000149,ACCT00026,CUST0013,2025-01-16 00:00:00,4942.24,WireTransfer,Falcon Freight,North Korea,Wire,Jennifer Brown,High,Ireland
TXN000150,ACCT00319,CUST0195,2025-01-16 00:00:00,314.08,Deposit,Arjun Johnson,India,ATM,Jennifer Garcia,Low,Canada
TXN000151,ACCT00192,CUST0116,2025-01-16 00:00:00,1417.7,ACH,Fatima Taylor,France,Online,John Sanchez,Low,Canada
TXN000152,ACCT00318,CUST0194,2025-01-17 00:00:00,69.32,CashDeposit,Olga Clark,Ireland,ATM,Thomas White,Low,Canada
TXN000153,ACCT00286,CUST0173,2025-01-17 00:00:00,274.45,ACH,Emma Miller,United States,ATM,Karen Clark,Low,United Kingdom
TXN000154,ACCT00249,CUST0149,2025-01-17 00:00:00,379.2,Deposit,Mary Johnson,Ireland,Branch,Michael Lewis,Low,United States
TXN000155,ACCT00325,CUST0198,2025-01-17 00:00:00,366.67,Deposit,Global Ventures,Netherlands,Wire,Patricia Jackson,Low,France
TXN000156,ACCT00116,CUST0068,2025-01-17 00:00:00,147.71,CashDeposit,Prime Exchange,United States,Wire,Charles Wilson,Medium,Ireland
TXN000157,ACCT00277,CUST0167,2025-01-17 00:00:00,715.65,ACH,Charles Robinson,France,ATM,Ava King,Low,Spain
TXN000158,ACCT00022,CUST0011,2025-01-17 00:00:00,734.17,ACH,Linda Thomas,North Korea,ATM,Thomas Rodriguez,High,UAE
TXN000159,ACCT00247,CUST0148,2025-01-17 00:00:00,344.83,Deposit,Karen Ramirez,Australia,Online,Elizabeth Young,Low,United Kingdom
TXN000160,ACCT00005,CUST0002,2025-01-17 00:00:00,445.69,WireTransfer,Sven White,Syria,Wire,William Ramirez,High,Yemen
TXN000161,ACCT00064,CUST0035,2025-01-17 00:00:00,995.64,Withdrawal,Global Partners,India,Branch,Diego Torres,Low,United Kingdom
TXN000162,ACCT00237,CUST0142,2025-01-17 00:00:00,560.06,WireTransfer,Yuki Sanchez,United Kingdom,Wire,Sofia Martinez,Low,Singapore
TXN000163,ACCT00247,CUST0148,2025-01-18 00:00:00,877.19,CashDeposit,Sven Miller,Switzerland,Online,Elizabeth Young,Low,United Kingdom
TXN000164,ACCT00031,CUST0017,2025-01-18 00:00:00,234.51,CashDeposit,Sunrise Imports,Libya,Online,Thomas King,High,Spain
TXN000165,ACCT00129,CUST0076,2025-01-18 00:00:00,377.02,Deposit,Metro Logistics,Singapore,Branch,Yuki Wright,Medium,Netherlands
TXN000166,ACCT00237,CUST0142,2025-01-18 00:00:00,1358.75,WireTransfer,Prime Trading,Japan,Online,Sofia Martinez,Low,Singapore
TXN000167,ACCT00325,CUST0198,2025-01-18 00:00:00,475.06,CashDeposit,Emma Taylor,Singapore,ATM,Patricia Jackson,Low,France
TXN000168,ACCT00287,CUST0173,2025-01-18 00:00:00,134.25,Deposit,Lucas Smith,India,Wire,Karen Clark,Low,United Kingdom
TXN000169,ACCT00159,CUST0096,2025-01-18 00:00:00,724.38,Withdrawal,Lucas Scott,Australia,Branch,Karen Flores,Low,Ireland
TXN000170,ACCT00294,CUST0177,2025-01-18 00:00:00,161.54,ACH,Sofia Robinson,Canada,Wire,Fatima Wilson,Low,Spain
TXN000171,ACCT00264,CUST0158,2025-01-18 00:00:00,242.11,CashDeposit,Sofia Lopez,Switzerland,Online,Thomas Smith,Low,France
TXN000172,ACCT00079,CUST0042,2025-01-18 00:00:00,6763.73,Deposit,Mia Walker,UAE,Wire,Arjun Jones,Low,India
TXN000173,ACCT00223,CUST0134,2025-01-18 00:00:00,181.03,WireTransfer,John Jones,Singapore,Wire,Sven Young,Low,Spain
TXN000174,ACCT00319,CUST0195,2025-01-18 00:00:00,366.35,ACH,Atlas Group,United Kingdom,Online,Jennifer Garcia,Low,Canada
TXN000175,ACCT00317,CUST0193,2025-01-18 00:00:00,98.47,Withdrawal,Ava Jones,Germany,ATM,Yuki Sanchez,Low,UAE
TXN000176,ACCT00192,CUST0116,2025-01-18 00:00:00,240.64,Withdrawal,Ethan Wright,United States,Wire,John Sanchez,Low,Canada
TXN000177,ACCT00230,CUST0137,2025-01-19 00:00:00,214.29,CashDeposit,Ahmed Perez,United Kingdom,Branch,Chloe Young,Medium,India
TXN000178,ACCT00277,CUST0167,2025-01-19 00:00:00,7983.96,Deposit,Camila Walker,UAE,Branch,Ava King,Low,Spain
TXN000179,ACCT00100,CUST0057,2025-01-19 00:00:00,276.45,ACH,Diego Davis,United Kingdom,ATM,Robert Walker,Low,India
TXN000180,ACCT00241,CUST0144,2025-01-19 00:00:00,2089.35,ACH,Mary White,United States,Online,Karen Hill,Low,Switzerland
TXN000181,ACCT00184,CUST0110,2025-01-19 00:00:00,495.33,Withdrawal,Atlas Capital,Singapore,Online,Mateo Lopez,Low,Germany
TXN000182,ACCT00242,CUST0145,2025-01-20 00:00:00,893.75,Deposit,David Taylor,France,Branch,Mateo Walker,Medium,Australia
TXN000183,ACCT00170,CUST0103,2025-01-20 00:00:00,330.76,ACH,Ava Young,United Kingdom,Wire,Emma Wilson,Low,Ireland
TXN000184,ACCT00222,CUST0134,2025-01-20 00:00:00,1278.18,ACH,Prime Holdings,India,Branch,Sven Young,Low,Spain
TXN000185,ACCT00002,CUST0001,2025-01-20 00:00:00,10000.0,CashDeposit,Crown Traders,Venezuela,Branch,Mateo Clark,High,Ireland
TXN000186,ACCT00230,CUST0137,2025-01-20 00:00:00,598.11,WireTransfer,Pacific Logistics,Ireland,Wire,Chloe Young,Medium,India
TXN000187,ACCT00173,CUST0105,2025-01-20 00:00:00,112.9,WireTransfer,Elizabeth Lopez,Netherlands,Branch,Sven Young,Medium,Ireland
TXN000188,ACCT00202,CUST0123,2025-01-20 00:00:00,263.3,CashDeposit,Charles Miller,Ireland,Branch,Robert Anderson,Low,UAE
TXN000189,ACCT00238,CUST0142,2025-01-20 00:00:00,280.04,Deposit,Chloe White,UAE,ATM,Sofia Martinez,Low,Singapore
TXN000190,ACCT00219,CUST0132,2025-01-20 00:00:00,1654.68,ACH,Barbara Smith,Spain,Wire,Mia Ramirez,Medium,Spain
TXN000191,ACCT00142,CUST0085,2025-01-20 00:00:00,5452.37,WireTransfer,Jennifer Garcia,United Kingdom,Online,Emma Anderson,Low,Japan
TXN000192,ACCT00004,CUST0002,2025-01-20 00:00:00,1715.77,Deposit,Priya Jackson,North Korea,ATM,William Ramirez,High,Yemen
TXN000193,ACCT00114,CUST0066,2025-01-20 00:00:00,286.22,CashDeposit,Horizon Ventures,Australia,Online,Charles Torres,Low,Germany
TXN000194,ACCT00207,CUST0126,2025-01-20 00:00:00,2314.37,ACH,John Thomas,Canada,Online,Elizabeth Jones,Low,United Kingdom
TXN000195,ACCT00054,CUST0031,2025-01-21 00:00:00,2991.11,CashDeposit,Nova Logistics,United States,Online,David Ramirez,Low,France
TXN000196,ACCT00107,CUST0061,2025-01-21 00:00:00,2180.67,CashDeposit,Fatima Martin,Canada,Online,Michael Flores,Low,Australia
TXN000197,ACCT00199,CUST0122,2025-01-21 00:00:00,1167.8,ACH,Diego Hill,Canada,ATM,William Smith,Low,India
TXN000198,ACCT00263,CUST0158,2025-01-21 00:00:00,2660.71,Deposit,Joseph Hill,Ireland,Online,Thomas Smith,Low,France
TXN000199,ACCT00317,CUST0193,2025-01-21 00:00:00,384.98,WireTransfer,Joseph Garcia,Switzerland,Branch,Yuki Sanchez,Low,UAE
TXN000200,ACCT00136,CUST0081,2025-01-21 00:00:00,877.76,Withdrawal,Anchor Trading,United Kingdom,ATM,Elizabeth Wilson,Low,Japan
TXN000201,ACCT00209,CUST0128,2025-01-21 00:00:00,1000.85,Withdrawal,William Johnson,India,Wire,Olga Moore,Low,Singapore
TXN000202,ACCT00242,CUST0145,2025-01-21 00:00:00,1664.56,WireTransfer,Sarah Brown,Canada,Wire,Mateo Walker,Medium,Australia
TXN000203,ACCT00092,CUST0052,2025-01-21 00:00:00,905.81,Deposit,Silver Enterprises,India,ATM,Sofia Martinez,Low,United Kingdom
TXN000204,ACCT00215,CUST0131,2025-01-21 00:00:00,449.23,CashDeposit,David Young,UAE,Branch,Robert Lopez,Low,Singapore
TXN000205,ACCT00129,CUST0076,2025-01-21 00:00:00,645.39,Withdrawal,Metro Ventures,Switzerland,Online,Yuki Wright,Medium,Netherlands
TXN000206,ACCT00285,CUST0173,2025-01-22 00:00:00,106.58,ACH,Falcon Holdings,UAE,ATM,Karen Clark,Low,United Kingdom
TXN000207,ACCT00304,CUST0185,2025-01-22 00:00:00,194.39,Withdrawal,Mia Sanchez,Australia,ATM,Sven Wright,Low,UAE
TXN000208,ACCT00207,CUST0126,2025-01-22 00:00:00,1722.36,CashDeposit,Horizon Trading,Ireland,Online,Elizabeth Jones,Low,United Kingdom
TXN000209,ACCT00226,CUST0136,2025-01-22 00:00:00,456.21,Deposit,Sarah Rodriguez,Canada,ATM,James Scott,Low,Japan
TXN000210,ACCT00250,CUST0150,2025-01-22 00:00:00,1965.18,CashDeposit,Sven Wilson,Switzerland,Branch,Elizabeth Jones,Low,Australia
TXN000211,ACCT00243,CUST0145,2025-01-22 00:00:00,309.25,ACH,Thomas Hernandez,Japan,ATM,Mateo Walker,Medium,Australia
TXN000212,ACCT00082,CUST0044,2025-01-22 00:00:00,1081.93,ACH,Ava Robinson,Germany,Branch,Jessica White,Low,United Kingdom
TXN000213,ACCT00011,CUST0005,2025-01-22 00:00:00,15000.0,WireTransfer,Richard Wilson,Venezuela,Branch,Fatima Nguyen,High,Myanmar
TXN000214,ACCT00133,CUST0078,2025-01-22 00:00:00,35.15,CashDeposit,Ava Anderson,United Kingdom,Wire,Thomas Thomas,Medium,France
TXN000215,ACCT00021,CUST0010,2025-01-22 00:00:00,321.08,ACH,Jessica Martin,Canada,Online,Arjun Wilson,High,Switzerland
TXN000216,ACCT00254,CUST0153,2025-01-22 00:00:00,554.8,Withdrawal,Fatima Harris,Singapore,Branch,Charles Anderson,Low,Ireland
TXN000217,ACCT00007,CUST0003,2025-01-23 00:00:00,996.07,ACH,Patricia Rodriguez,Myanmar,Wire,Ahmed Miller,High,Ireland
TXN000218,ACCT00137,CUST0082,2025-01-23 00:00:00,399.83,Withdrawal,Sunrise Freight,Ireland,Online,Sven Brown,Low,Spain
TXN000219,ACCT00174,CUST0105,2025-01-23 00:00:00,406.52,WireTransfer,Barbara Smith,UAE,Online,Sven Young,Medium,Ireland
TXN000220,ACCT00245,CUST0146,2025-01-23 00:00:00,849.65,Withdrawal,John Miller,Japan,Wire,Yuki Lee,Medium,UAE
TXN000221,ACCT00014,CUST0007,2025-01-23 00:00:00,2051.99,CashDeposit,Diego Miller,Australia,Wire,Wei Wilson,High,Netherlands
TXN000222,ACCT00163,CUST0098,2025-01-23 00:00:00,169.7,CashDeposit,Metro Enterprises,Australia,Online,Sven Young,Medium,Switzerland
TXN000223,ACCT00299,CUST0181,2025-01-23 00:00:00,3005.04,ACH,Ava Thompson,France,ATM,Sofia Wilson,Low,Germany
TXN000224,ACCT00272,CUST0163,2025-01-24 00:00:00,1454.08,ACH,Jennifer Lopez,Australia,Wire,Emma Jackson,Low,Germany
TXN000225,ACCT00001,CUST0001,2025-01-24 00:00:00,198.14,ACH,Charles Jones,Myanmar,Branch,Mateo Clark,High,Ireland
TXN000226,ACCT00005,CUST0002,2025-01-24 00:00:00,277.33,ACH,John Walker,Singapore,ATM,William Ramirez,High,Yemen
TXN000227,ACCT00136,CUST0081,2025-01-24 00:00:00,547.94,CashDeposit,Richard Sanchez,Ireland,Branch,Elizabeth Wilson,Low,Japan
TXN000228,ACCT00142,CUST0085,2025-01-24 00:00:00,482.95,Deposit,James Thompson,Canada,ATM,Emma Anderson,Low,Japan
TXN000229,ACCT00253,CUST0152,2025-01-24 00:00:00,249.93,CashDeposit,Diego Johnson,Canada,Branch,Arjun Young,Medium,United States
TXN000230,ACCT00280,CUST0170,2025-01-24 00:00:00,6686.97,ACH,Sarah Garcia,Switzerland,Wire,Mateo Davis,Low,Australia
TXN000231,ACCT00161,CUST0096,2025-01-24 00:00:00,1539.08,Deposit,Global Logistics,Spain,Online,Karen Flores,Low,Ireland
TXN000232,ACCT00027,CUST0014,2025-01-24 00:00:00,1490.09,ACH,Summit Ventures,Spain,Branch,Ethan Jones,High,India
TXN000233,ACCT00294,CUST0177,2025-01-24 00:00:00,827.6,CashDeposit,Linda King,Japan,Online,Fatima Wilson,Low,Spain
TXN000234,ACCT00286,CUST0173,2025-01-24 00:00:00,522.87,CashDeposit,Silver Freight,Canada,ATM,Karen Clark,Low,United Kingdom
TXN000235,ACCT00150,CUST0090,2025-01-25 00:00:00,804.09,WireTransfer,Chloe Harris,France,Branch,Jennifer Walker,Low,UAE
TXN000236,ACCT00314,CUST0191,2025-01-25 00:00:00,1165.69,WireTransfer,Diego Ramirez,United Kingdom,ATM,Liam Flores,Low,Canada
TXN000237,ACCT00277,CUST0167,2025-01-25 00:00:00,1510.44,ACH,Fatima Taylor,Spain,ATM,Ava King,Low,Spain
TXN000238,ACCT00301,CUST0183,2025-01-25 00:00:00,1208.17,Withdrawal,Sarah Ramirez,Spain,Online,Thomas Lopez,Low,United Kingdom
TXN000239,ACCT00228,CUST0137,2025-01-25 00:00:00,2131.57,Withdrawal,Jennifer Green,UAE,Branch,Chloe Young,Medium,India
TXN000240,ACCT00064,CUST0035,2025-01-26 00:00:00,1266.82,WireTransfer,James Wilson,Netherlands,Online,Diego Torres,Low,United Kingdom
TXN000241,ACCT00301,CUST0183,2025-01-26 00:00:00,281.8,Withdrawal,Emma Lewis,Switzerland,Branch,Thomas Lopez,Low,United Kingdom
TXN000242,ACCT00149,CUST0090,2025-01-26 00:00:00,465.24,ACH,Sven Davis,United States,Wire,Jennifer Walker,Low,UAE
TXN000243,ACCT00212,CUST0130,2025-01-26 00:00:00,452.59,Deposit,Richard Walker,Australia,Wire,Lucas Hill,Low,Ireland
TXN000244,ACCT00189,CUST0114,2025-01-26 00:00:00,331.37,ACH,Anchor Exchange,Japan,Wire,Emma Miller,Low,Netherlands
TXN000245,ACCT00328,CUST0200,2025-01-26 00:00:00,687.05,Deposit,Global Imports,Ireland,Branch,Linda Moore,Low,Spain
TXN000246,ACCT00249,CUST0149,2025-01-26 00:00:00,358.14,CashDeposit,Jennifer Perez,Germany,Branch,Michael Lewis,Low,United States
TXN000247,ACCT00128,CUST0075,2025-01-27 00:00:00,1739.62,Deposit,Elizabeth Sanchez,Netherlands,ATM,Patricia Torres,Medium,Spain
TXN000248,ACCT00328,CUST0200,2025-01-27 00:00:00,385.28,CashDeposit,Charles Robinson,Canada,ATM,Linda Moore,Low,Spain
TXN000249,ACCT00079,CUST0042,2025-01-27 00:00:00,1731.43,WireTransfer,David King,France,Branch,Arjun Jones,Low,India
TXN000250,ACCT00318,CUST0194,2025-01-27 00:00:00,1238.86,Deposit,Diego Miller,France,Online,Thomas White,Low,Canada
TXN000251,ACCT00215,CUST0131,2025-01-27 00:00:00,211.1,Withdrawal,Anchor Imports,United States,Wire,Robert Lopez,Low,Singapore
TXN000252,ACCT00162,CUST0097,2025-01-27 00:00:00,495.73,WireTransfer,Mary Flores,Singapore,Branch,Mateo Ramirez,Low,Canada
TXN000253,ACCT00134,CUST0079,2025-01-27 00:00:00,1480.91,WireTransfer,Diego Walker,Netherlands,Wire,Jessica Moore,Low,Canada
TXN000254,ACCT00292,CUST0176,2025-01-27 00:00:00,105.24,WireTransfer,William Clark,Germany,Online,Michael Young,Low,France
TXN000255,ACCT00070,CUST0038,2025-01-27 00:00:00,252.56,ACH,Camila Jackson,France,ATM,Barbara Jones,Low,Canada
TXN000256,ACCT00080,CUST0043,2025-01-27 00:00:00,661.12,Withdrawal,Noah Scott,Japan,Wire,John Scott,Low,Singapore
TXN000257,ACCT00230,CUST0137,2025-01-27 00:00:00,531.26,CashDeposit,Diego King,India,Branch,Chloe Young,Medium,India
TXN000258,ACCT00111,CUST0064,2025-01-27 00:00:00,804.72,WireTransfer,Anchor Exchange,Japan,Wire,Diego Jones,Low,Netherlands
TXN000259,ACCT00259,CUST0156,2025-01-27 00:00:00,1157.74,WireTransfer,Fatima Harris,Switzerland,Branch,Barbara Hernandez,Low,Canada
TXN000260,ACCT00226,CUST0136,2025-01-27 00:00:00,563.67,ACH,Union Exchange,Netherlands,Wire,James Scott,Low,Japan
TXN000261,ACCT00249,CUST0149,2025-01-28 00:00:00,501.25,CashDeposit,David Thomas,Singapore,Online,Michael Lewis,Low,United States
TXN000262,ACCT00083,CUST0045,2025-01-28 00:00:00,1029.61,Withdrawal,Summit Enterprises,Ireland,Branch,Karen Green,Low,United States
TXN000263,ACCT00140,CUST0084,2025-01-28 00:00:00,2759.34,Deposit,William Johnson,India,Branch,Ahmed Clark,Low,UAE
TXN000264,ACCT00066,CUST0036,2025-01-28 00:00:00,750.32,Withdrawal,Charles Smith,Spain,Online,Mia Scott,Medium,UAE
TXN000265,ACCT00049,CUST0029,2025-01-28 00:00:00,528.45,CashDeposit,Charles Jones,Switzerland,Wire,Sven Robinson,Low,Switzerland
TXN000266,ACCT00046,CUST0027,2025-01-28 00:00:00,552.04,Deposit,Camila Anderson,Germany,ATM,David Nguyen,Low,India
TXN000267,ACCT00011,CUST0005,2025-01-28 00:00:00,607.76,Deposit,Chloe Flores,North Korea,Wire,Fatima Nguyen,High,Myanmar
TXN000268,ACCT00092,CUST0052,2025-01-28 00:00:00,579.14,Deposit,Sunrise Exchange,Switzerland,Wire,Sofia Martinez,Low,United Kingdom
TXN000269,ACCT00176,CUST0106,2025-01-28 00:00:00,674.74,Deposit,Wei Robinson,Ireland,ATM,Emma Lewis,Low,Canada
TXN000270,ACCT00156,CUST0095,2025-01-28 00:00:00,811.55,Deposit,Michael Perez,France,Branch,Ahmed Sanchez,Medium,Canada
TXN000271,ACCT00045,CUST0027,2025-01-28 00:00:00,445.24,Deposit,William Jackson,France,Online,David Nguyen,Low,India
TXN000272,ACCT00140,CUST0084,2025-01-29 00:00:00,1231.23,Withdrawal,Sofia Flores,United Kingdom,Wire,Ahmed Clark,Low,UAE
TXN000273,ACCT00097,CUST0055,2025-01-29 00:00:00,1334.6,Deposit,Prime Exchange,Netherlands,ATM,Barbara Clark,Low,United Kingdom
TXN000274,ACCT00161,CUST0096,2025-01-29 00:00:00,1615.91,Deposit,Ahmed Johnson,Singapore,Online,Karen Flores,Low,Ireland
TXN000275,ACCT00296,CUST0178,2025-01-29 00:00:00,2241.66,WireTransfer,Sarah Miller,Switzerland,Wire,Fatima Scott,Low,Australia
TXN000276,ACCT00019,CUST0009,2025-01-29 00:00:00,5000.0,CashDeposit,John Walker,Libya,Branch,Patricia Anderson,High,North Korea
TXN000277,ACCT00256,CUST0155,2025-01-29 00:00:00,301.36,Deposit,Prime Freight,Singapore,Wire,Wei White,Low,United Kingdom
TXN000278,ACCT00005,CUST0002,2025-01-29 00:00:00,784.62,ACH,Sofia Robinson,Libya,Online,William Ramirez,High,Yemen
TXN000279,ACCT00002,CUST0001,2025-01-29 00:00:00,15000.0,CashDeposit,Silver Imports,Spain,Branch,Mateo Clark,High,Ireland
TXN000280,ACCT00065,CUST0036,2025-01-29 00:00:00,894.83,WireTransfer,Linda Anderson,Spain,ATM,Mia Scott,Medium,UAE
TXN000281,ACCT00085,CUST0047,2025-01-29 00:00:00,559.51,CashDeposit,Horizon Enterprises,United States,ATM,Sarah Jackson,Low,Germany
TXN000282,ACCT00028,CUST0015,2025-01-30 00:00:00,475.87,ACH,Michael Thomas,Germany,ATM,Sofia Smith,High,Ireland
TXN000283,ACCT00282,CUST0171,2025-01-30 00:00:00,795.11,Deposit,Ava Lopez,Singapore,Wire,Ahmed White,Low,Switzerland
TXN000284,ACCT00253,CUST0152,2025-01-30 00:00:00,1826.97,Deposit,Prime Group,Netherlands,ATM,Arjun Young,Medium,United States
TXN000285,ACCT00105,CUST0060,2025-01-30 00:00:00,4329.89,CashDeposit,Sofia Martin,Japan,ATM,Mary Davis,Medium,United Kingdom
TXN000286,ACCT00256,CUST0155,2025-01-30 00:00:00,2213.83,ACH,Sven Rodriguez,UAE,Online,Wei White,Low,United Kingdom
TXN000287,ACCT00116,CUST0068,2025-01-30 00:00:00,722.3,WireTransfer,Sven Sanchez,United Kingdom,Branch,Charles Wilson,Medium,Ireland
TXN000288,ACCT00026,CUST0013,2025-01-30 00:00:00,735.7,Withdrawal,Ethan Brown,Canada,Branch,Jennifer Brown,High,Ireland
TXN000289,ACCT00072,CUST0039,2025-01-30 00:00:00,342.78,Deposit,Ethan Jackson,India,Branch,Linda Nguyen,Low,Netherlands
TXN000290,ACCT00063,CUST0035,2025-01-31 00:00:00,583.52,WireTransfer,Michael Rodriguez,UAE,Online,Diego Torres,Low,United Kingdom
TXN000291,ACCT00081,CUST0043,2025-01-31 00:00:00,659.1,WireTransfer,Emma Gonzalez,United Kingdom,ATM,John Scott,Low,Singapore
TXN000292,ACCT00124,CUST0074,2025-01-31 00:00:00,698.95,Withdrawal,Sven Lewis,France,Online,James Miller,Low,Germany
TXN000293,ACCT00039,CUST0021,2025-01-31 00:00:00,396.39,Withdrawal,Camila Lopez,Libya,Branch,Tatiana Orlova,High,Libya
TXN000294,ACCT00084,CUST0046,2025-01-31 00:00:00,373.71,WireTransfer,Yuki Clark,Canada,Online,Michael Rodriguez,Low,UAE
TXN000295,ACCT00224,CUST0135,2025-01-31 00:00:00,4708.73,CashDeposit,Sarah Hill,Canada,Branch,Yuki Garcia,Low,France
TXN000296,ACCT00106,CUST0061,2025-01-31 00:00:00,475.91,WireTransfer,Linda Brown,Switzerland,ATM,Michael Flores,Low,Australia
TXN000297,ACCT00189,CUST0114,2025-01-31 00:00:00,223.2,CashDeposit,Robert King,United States,ATM,Emma Miller,Low,Netherlands
TXN000298,ACCT00139,CUST0083,2025-01-31 00:00:00,579.77,WireTransfer,David Jackson,Spain,ATM,Mary Nguyen,Low,India
TXN000299,ACCT00108,CUST0061,2025-01-31 00:00:00,401.51,CashDeposit,Global Ventures,United Kingdom,ATM,Michael Flores,Low,Australia
TXN000300,ACCT00319,CUST0195,2025-01-31 00:00:00,191.28,Deposit,Anchor Partners,Germany,Wire,Jennifer Garcia,Low,Canada
TXN000301,ACCT00230,CUST0137,2025-01-31 00:00:00,413.23,Deposit,Mary Lewis,Switzerland,Online,Chloe Young,Medium,India
TXN000302,ACCT00269,CUST0161,2025-01-31 00:00:00,312.07,Deposit,Anchor Traders,United States,Branch,Jessica Harris,Low,Australia
TXN000303,ACCT00275,CUST0165,2025-02-01 00:00:00,218.32,Withdrawal,Jessica Clark,Germany,Wire,Camila Williams,Medium,Australia
TXN000304,ACCT00287,CUST0173,2025-02-01 00:00:00,246.2,Withdrawal,Karen Perez,Germany,Online,Karen Clark,Low,United Kingdom
TXN000305,ACCT00212,CUST0130,2025-02-01 00:00:00,766.06,ACH,Sunrise Imports,Singapore,Online,Lucas Hill,Low,Ireland
TXN000306,ACCT00005,CUST0002,2025-02-01 00:00:00,274.56,CashDeposit,Summit Group,Syria,Online,William Ramirez,High,Yemen
TXN000307,ACCT00306,CUST0186,2025-02-01 00:00:00,3360.43,Deposit,Mateo Perez,Germany,ATM,Fatima King,Low,Canada
TXN000308,ACCT00003,CUST0002,2025-02-01 00:00:00,236.84,Withdrawal,Arjun Lopez,Libya,Online,William Ramirez,High,Yemen
TXN000309,ACCT00105,CUST0060,2025-02-01 00:00:00,340.99,ACH,Elizabeth Nguyen,Switzerland,Branch,Mary Davis,Medium,United Kingdom
TXN000310,ACCT00279,CUST0169,2025-02-01 00:00:00,691.9,Withdrawal,Jennifer Hill,Australia,ATM,Olga Torres,Low,Canada
TXN000311,ACCT00268,CUST0160,2025-02-01 00:00:00,940.78,ACH,Mia Johnson,Japan,Branch,Thomas Robinson,Low,Spain
TXN000312,ACCT00322,CUST0197,2025-02-01 00:00:00,1501.81,Deposit,Jessica Jackson,Singapore,Branch,Linda Clark,Low,Spain
TXN000313,ACCT00270,CUST0162,2025-02-02 00:00:00,294.31,CashDeposit,Summit Enterprises,Spain,Online,Olga Moore,Low,Ireland
TXN000314,ACCT00159,CUST0096,2025-02-02 00:00:00,517.22,Deposit,Delta Holdings,Canada,ATM,Karen Flores,Low,Ireland
TXN000315,ACCT00104,CUST0060,2025-02-02 00:00:00,516.8,WireTransfer,Linda Torres,Canada,Wire,Mary Davis,Medium,United Kingdom
TXN000316,ACCT00050,CUST0029,2025-02-02 00:00:00,352.62,WireTransfer,Atlas Group,Germany,ATM,Sven Robinson,Low,Switzerland
TXN000317,ACCT00083,CUST0045,2025-02-02 00:00:00,2953.44,Deposit,William White,United Kingdom,ATM,Karen Green,Low,United States
TXN000318,ACCT00215,CUST0131,2025-02-02 00:00:00,1801.85,Deposit,Sunrise Traders,United Kingdom,Online,Robert Lopez,Low,Singapore
TXN000319,ACCT00293,CUST0177,2025-02-02 00:00:00,2679.68,Deposit,Robert Williams,Australia,ATM,Fatima Wilson,Low,Spain
TXN000320,ACCT00016,CUST0007,2025-02-02 00:00:00,8689.99,CashDeposit,Horizon Imports,Singapore,Branch,Wei Wilson,High,Netherlands
TXN000321,ACCT00061,CUST0034,2025-02-02 00:00:00,38.53,ACH,Ava Garcia,United States,Branch,William Harris,Low,Japan
TXN000322,ACCT00219,CUST0132,2025-02-02 00:00:00,4852.63,Withdrawal,Ahmed Johnson,Canada,Online,Mia Ramirez,Medium,Spain
TXN000323,ACCT00258,CUST0155,2025-02-02 00:00:00,1102.49,ACH,Ahmed Scott,Netherlands,Wire,Wei White,Low,United Kingdom
TXN000324,ACCT00269,CUST0161,2025-02-03 00:00:00,594.0,WireTransfer,Wei White,Netherlands,Wire,Jessica Harris,Low,Australia
TXN000325,ACCT00114,CUST0066,2025-02-03 00:00:00,1108.99,Withdrawal,Liam White,Ireland,Wire,Charles Torres,Low,Germany
TXN000326,ACCT00286,CUST0173,2025-02-03 00:00:00,1195.32,Deposit,Crown Partners,Japan,Branch,Karen Clark,Low,United Kingdom
TXN000327,ACCT00127,CUST0075,2025-02-03 00:00:00,836.3,WireTransfer,Ahmed Torres,UAE,Wire,Patricia Torres,Medium,Spain
TXN000328,ACCT00256,CUST0155,2025-02-03 00:00:00,428.25,ACH,Jennifer Jackson,Netherlands,Branch,Wei White,Low,United Kingdom
TXN000329,ACCT00231,CUST0138,2025-02-03 00:00:00,117.47,WireTransfer,Diego Martinez,Japan,Branch,Sofia Rodriguez,Medium,India
TXN000330,ACCT00088,CUST0048,2025-02-03 00:00:00,1160.06,CashDeposit,Crown Ventures,Canada,Wire,Thomas King,Low,Spain
TXN000331,ACCT00068,CUST0037,2025-02-03 00:00:00,550.65,Withdrawal,Arjun Robinson,Spain,Wire,Noah King,Medium,United Kingdom
TXN000332,ACCT00092,CUST0052,2025-02-03 00:00:00,114.35,WireTransfer,Summit Exchange,Australia,Online,Sofia Martinez,Low,United Kingdom
TXN000333,ACCT00090,CUST0050,2025-02-03 00:00:00,1386.97,WireTransfer,Prime Partners,Ireland,Branch,Thomas Hernandez,Medium,Singapore
TXN000334,ACCT00256,CUST0155,2025-02-04 00:00:00,289.67,WireTransfer,Mateo Taylor,Japan,Branch,Wei White,Low,United Kingdom
TXN000335,ACCT00256,CUST0155,2025-02-04 00:00:00,1988.55,Withdrawal,Jennifer Rodriguez,Germany,Online,Wei White,Low,United Kingdom
TXN000336,ACCT00089,CUST0049,2025-02-04 00:00:00,1944.01,CashDeposit,Diego Taylor,Netherlands,ATM,Diego Moore,Low,United States
TXN000337,ACCT00112,CUST0065,2025-02-04 00:00:00,1230.74,CashDeposit,Metro Ventures,Netherlands,Online,Karen King,Low,Switzerland
TXN000338,ACCT00156,CUST0095,2025-02-04 00:00:00,1313.19,Deposit,Ava Miller,Netherlands,Online,Ahmed Sanchez,Medium,Canada
TXN000339,ACCT00311,CUST0190,2025-02-04 00:00:00,73.8,Deposit,Patricia White,United States,ATM,Mia Torres,Medium,Singapore
TXN000340,ACCT00216,CUST0131,2025-02-04 00:00:00,2221.63,Deposit,Atlas Partners,Netherlands,Online,Robert Lopez,Low,Singapore
TXN000341,ACCT00041,CUST0023,2025-02-04 00:00:00,16833.17,WireTransfer,Wei Brown,Switzerland,Wire,Richard Martin,High,India
TXN000342,ACCT00312,CUST0190,2025-02-04 00:00:00,449.02,WireTransfer,Richard Smith,India,Online,Mia Torres,Medium,Singapore
TXN000343,ACCT00118,CUST0070,2025-02-04 00:00:00,109.6,Deposit,David Walker,UAE,Online,Jennifer Jackson,Low,Switzerland
TXN000344,ACCT00301,CUST0183,2025-02-04 00:00:00,585.97,CashDeposit,William Hernandez,Canada,Branch,Thomas Lopez,Low,United Kingdom
TXN000345,ACCT00085,CUST0047,2025-02-04 00:00:00,168.7,CashDeposit,Jessica Scott,United Kingdom,Online,Sarah Jackson,Low,Germany
TXN000346,ACCT00276,CUST0166,2025-02-04 00:00:00,966.18,ACH,Silver Traders,Canada,Branch,Arjun Clark,Low,Germany
TXN000347,ACCT00288,CUST0174,2025-02-04 00:00:00,2146.77,WireTransfer,Emma Smith,Singapore,Branch,Emma Davis,Low,United Kingdom
TXN000348,ACCT00041,CUST0023,2025-02-04 09:00:00,15647.61,WireTransfer,Horizon Ventures,UAE,Wire,Richard Martin,High,India
TXN000349,ACCT00215,CUST0131,2025-02-05 00:00:00,1262.03,ACH,Union Freight,Singapore,Wire,Robert Lopez,Low,Singapore
TXN000350,ACCT00266,CUST0159,2025-02-05 00:00:00,1070.02,Withdrawal,Nova Partners,Australia,Branch,Camila Thompson,Medium,France
TXN000351,ACCT00123,CUST0073,2025-02-05 00:00:00,2927.85,ACH,Union Logistics,Switzerland,Wire,Lucas Gonzalez,Low,India
TXN000352,ACCT00137,CUST0082,2025-02-05 00:00:00,1920.25,Withdrawal,Nova Freight,Japan,Branch,Sven Brown,Low,Spain
TXN000353,ACCT00160,CUST0096,2025-02-06 00:00:00,296.41,WireTransfer,Ava Young,Switzerland,Online,Karen Flores,Low,Ireland
TXN000354,ACCT00222,CUST0134,2025-02-06 00:00:00,574.75,Deposit,Diego Thompson,India,ATM,Sven Young,Low,Spain
TXN000355,ACCT00235,CUST0141,2025-02-06 00:00:00,91.34,CashDeposit,Falcon Ventures,United Kingdom,ATM,Charles King,Medium,India
TXN000356,ACCT00201,CUST0122,2025-02-06 00:00:00,625.3,CashDeposit,William Gonzalez,Singapore,Branch,William Smith,Low,India
TXN000357,ACCT00207,CUST0126,2025-02-06 00:00:00,96.77,Deposit,Emma Jones,United Kingdom,Branch,Elizabeth Jones,Low,United Kingdom
TXN000358,ACCT00123,CUST0073,2025-02-06 00:00:00,258.82,WireTransfer,Elizabeth Gonzalez,UAE,Online,Lucas Gonzalez,Low,India
TXN000359,ACCT00224,CUST0135,2025-02-07 00:00:00,781.0,CashDeposit,Sven White,Germany,Online,Yuki Garcia,Low,France
TXN000360,ACCT00084,CUST0046,2025-02-07 00:00:00,109.73,ACH,Elizabeth Wilson,United States,Wire,Michael Rodriguez,Low,UAE
TXN000361,ACCT00082,CUST0044,2025-02-07 00:00:00,2671.0,Deposit,Emma Martinez,Ireland,ATM,Jessica White,Low,United Kingdom
TXN000362,ACCT00030,CUST0017,2025-02-07 00:00:00,1928.64,WireTransfer,David Hernandez,Yemen,Wire,Thomas King,High,Spain
TXN000363,ACCT00099,CUST0057,2025-02-07 00:00:00,3913.75,Deposit,Jessica Walker,United States,Branch,Robert Walker,Low,India
TXN000364,ACCT00287,CUST0173,2025-02-07 00:00:00,780.13,CashDeposit,Thomas Williams,UAE,Wire,Karen Clark,Low,United Kingdom
TXN000365,ACCT00280,CUST0170,2025-02-07 00:00:00,554.77,Deposit,Prime Traders,Australia,Wire,Mateo Davis,Low,Australia
TXN000366,ACCT00290,CUST0175,2025-02-07 00:00:00,393.6,ACH,Robert Hernandez,Japan,ATM,Fatima Scott,Medium,Netherlands
TXN000367,ACCT00281,CUST0171,2025-02-08 00:00:00,567.16,Deposit,Delta Partners,France,Online,Ahmed White,Low,Switzerland
TXN000368,ACCT00210,CUST0129,2025-02-08 00:00:00,79.78,Withdrawal,Anchor Imports,Canada,ATM,Robert Ramirez,Medium,Netherlands
TXN000369,ACCT00306,CUST0186,2025-02-08 00:00:00,308.74,Withdrawal,John Williams,United States,Online,Fatima King,Low,Canada
TXN000370,ACCT00225,CUST0136,2025-02-08 00:00:00,268.54,ACH,Prime Traders,Japan,Branch,James Scott,Low,Japan
TXN000371,ACCT00257,CUST0155,2025-02-08 00:00:00,801.72,CashDeposit,Global Traders,France,ATM,Wei White,Low,United Kingdom
TXN000372,ACCT00079,CUST0042,2025-02-09 00:00:00,303.08,WireTransfer,Sarah Taylor,United Kingdom,ATM,Arjun Jones,Low,India
TXN000373,ACCT00169,CUST0102,2025-02-09 00:00:00,1093.88,Deposit,Summit Group,United States,Wire,Chloe Harris,Low,United States
TXN000374,ACCT00297,CUST0179,2025-02-09 00:00:00,383.91,CashDeposit,Mary Nguyen,Australia,ATM,Linda Robinson,Medium,Switzerland
TXN000375,ACCT00140,CUST0084,2025-02-09 00:00:00,2216.94,ACH,Olga Harris,Australia,Wire,Ahmed Clark,Low,UAE
TXN000376,ACCT00026,CUST0013,2025-02-09 00:00:00,1363.2,ACH,Lucas Hernandez,Iran,Wire,Jennifer Brown,High,Ireland
TXN000377,ACCT00132,CUST0077,2025-02-09 00:00:00,1268.02,Withdrawal,Jennifer Jackson,United Kingdom,Branch,Liam Ramirez,Medium,UAE
TXN000378,ACCT00027,CUST0014,2025-02-09 00:00:00,567.87,CashDeposit,Anchor Group,Iran,ATM,Ethan Jones,High,India
TXN000379,ACCT00242,CUST0145,2025-02-10 00:00:00,3372.01,CashDeposit,Michael Sanchez,Singapore,ATM,Mateo Walker,Medium,Australia
TXN000380,ACCT00061,CUST0034,2025-02-10 00:00:00,2148.94,Withdrawal,Charles Moore,Germany,ATM,William Harris,Low,Japan
TXN000381,ACCT00285,CUST0173,2025-02-10 00:00:00,113.17,WireTransfer,Sunrise Traders,United Kingdom,Wire,Karen Clark,Low,United Kingdom
TXN000382,ACCT00160,CUST0096,2025-02-10 00:00:00,1274.68,Withdrawal,Atlas Trading,Canada,ATM,Karen Flores,Low,Ireland
TXN000383,ACCT00075,CUST0041,2025-02-10 00:00:00,542.63,ACH,Yuki Miller,Canada,Online,Arjun Thomas,Low,Japan
TXN000384,ACCT00297,CUST0179,2025-02-10 00:00:00,575.77,CashDeposit,Ahmed Johnson,United Kingdom,Online,Linda Robinson,Medium,Switzerland
TXN000385,ACCT00315,CUST0191,2025-02-10 00:00:00,372.13,Withdrawal,Olga Nguyen,Singapore,ATM,Liam Flores,Low,Canada
TXN000386,ACCT00056,CUST0032,2025-02-10 00:00:00,5298.93,CashDeposit,Olga Green,UAE,Branch,Sofia Miller,Medium,Spain
TXN000387,ACCT00186,CUST0111,2025-02-10 00:00:00,1297.69,Deposit,Jessica Taylor,Netherlands,Wire,Mia Wright,Low,Spain
TXN000388,ACCT00249,CUST0149,2025-02-11 00:00:00,728.65,WireTransfer,Priya Johnson,United Kingdom,Wire,Michael Lewis,Low,United States
TXN000389,ACCT00083,CUST0045,2025-02-11 00:00:00,360.18,Deposit,Mia Jackson,United Kingdom,Branch,Karen Green,Low,United States
TXN000390,ACCT00267,CUST0159,2025-02-11 00:00:00,205.64,CashDeposit,Wei Hernandez,Canada,ATM,Camila Thompson,Medium,France
TXN000391,ACCT00031,CUST0017,2025-02-11 00:00:00,613.75,ACH,Thomas Garcia,Venezuela,Branch,Thomas King,High,Spain
TXN000392,ACCT00319,CUST0195,2025-02-12 00:00:00,90.55,Withdrawal,Delta Enterprises,Netherlands,Branch,Jennifer Garcia,Low,Canada
TXN000393,ACCT00147,CUST0088,2025-02-12 00:00:00,3223.13,Withdrawal,Jennifer Thompson,France,ATM,Barbara Brown,Low,Japan
TXN000394,ACCT00279,CUST0169,2025-02-12 00:00:00,1016.45,WireTransfer,Jennifer Jackson,Australia,Online,Olga Torres,Low,Canada
TXN000395,ACCT00251,CUST0151,2025-02-12 00:00:00,724.36,ACH,Ahmed Hernandez,Spain,Branch,Olga Garcia,Medium,Spain
TXN000396,ACCT00249,CUST0149,2025-02-12 00:00:00,293.62,Withdrawal,Anchor Group,Ireland,Wire,Michael Lewis,Low,United States
TXN000397,ACCT00249,CUST0149,2025-02-12 00:00:00,1834.72,WireTransfer,Mia Garcia,Ireland,Online,Michael Lewis,Low,United States
TXN000398,ACCT00284,CUST0172,2025-02-12 00:00:00,657.8,Withdrawal,Global Logistics,United States,Branch,Sofia Lee,Low,Germany
TXN000399,ACCT00314,CUST0191,2025-02-12 00:00:00,1386.58,Withdrawal,Metro Group,Switzerland,Online,Liam Flores,Low,Canada
TXN000400,ACCT00199,CUST0122,2025-02-12 00:00:00,936.68,Deposit,Jessica Hill,UAE,Branch,William Smith,Low,India
TXN000401,ACCT00177,CUST0107,2025-02-12 00:00:00,3807.16,WireTransfer,James Hernandez,Switzerland,Branch,Jessica Martin,Low,Australia
TXN000402,ACCT00025,CUST0013,2025-02-12 00:00:00,437.84,CashDeposit,Nova Imports,Afghanistan,Online,Jennifer Brown,High,Ireland
TXN000403,ACCT00055,CUST0031,2025-02-12 00:00:00,1179.19,WireTransfer,Delta Traders,France,Wire,David Ramirez,Low,France
TXN000404,ACCT00024,CUST0012,2025-02-12 00:00:00,294.03,WireTransfer,Joseph Ramirez,Afghanistan,Online,Mia Sanchez,High,United Kingdom
TXN000405,ACCT00134,CUST0079,2025-02-13 00:00:00,167.4,CashDeposit,Pacific Trading,Japan,Online,Jessica Moore,Low,Canada
TXN000406,ACCT00095,CUST0054,2025-02-13 00:00:00,1011.85,Deposit,Mary Scott,Canada,ATM,Sofia Clark,Low,UAE
TXN000407,ACCT00124,CUST0074,2025-02-13 00:00:00,161.96,ACH,Global Partners,France,Branch,James Miller,Low,Germany
TXN000408,ACCT00292,CUST0176,2025-02-13 00:00:00,3475.93,CashDeposit,Metro Capital,France,Wire,Michael Young,Low,France
TXN000409,ACCT00291,CUST0176,2025-02-13 00:00:00,322.47,CashDeposit,Karen Hill,Australia,Wire,Michael Young,Low,France
TXN000410,ACCT00031,CUST0017,2025-02-13 00:00:00,163.18,WireTransfer,Global Exchange,Netherlands,Wire,Thomas King,High,Spain
TXN000411,ACCT00247,CUST0148,2025-02-13 00:00:00,181.72,Withdrawal,Prime Exchange,Canada,Online,Elizabeth Young,Low,United Kingdom
TXN000412,ACCT00210,CUST0129,2025-02-13 00:00:00,70.94,WireTransfer,Michael Thomas,United States,Branch,Robert Ramirez,Medium,Netherlands
TXN000413,ACCT00138,CUST0082,2025-02-13 00:00:00,479.19,Deposit,Priya Flores,United Kingdom,Online,Sven Brown,Low,Spain
TXN000414,ACCT00027,CUST0014,2025-02-13 00:00:00,144.89,CashDeposit,Falcon Trading,Venezuela,Branch,Ethan Jones,High,India
TXN000415,ACCT00014,CUST0007,2025-02-13 00:00:00,8719.87,Deposit,Susan Wright,Yemen,Online,Wei Wilson,High,Netherlands
TXN000416,ACCT00241,CUST0144,2025-02-13 00:00:00,1682.52,Withdrawal,Linda Hill,Netherlands,Branch,Karen Hill,Low,Switzerland
TXN000417,ACCT00292,CUST0176,2025-02-14 00:00:00,143.64,WireTransfer,Elizabeth Lee,Ireland,Online,Michael Young,Low,France
TXN000418,ACCT00281,CUST0171,2025-02-14 00:00:00,88.37,Withdrawal,Wei Robinson,UAE,Wire,Ahmed White,Low,Switzerland
TXN000419,ACCT00002,CUST0001,2025-02-14 00:00:00,22202.94,WireTransfer,Crown Trading,Venezuela,Wire,Mateo Clark,High,Ireland
TXN000420,ACCT00223,CUST0134,2025-02-14 00:00:00,1079.71,WireTransfer,Jessica Rodriguez,India,ATM,Sven Young,Low,Spain
TXN000421,ACCT00262,CUST0158,2025-02-14 00:00:00,777.97,WireTransfer,Arjun Jackson,Japan,Online,Thomas Smith,Low,France
TXN000422,ACCT00056,CUST0032,2025-02-14 00:00:00,409.98,WireTransfer,Olga Hill,Australia,Wire,Sofia Miller,Medium,Spain
TXN000423,ACCT00048,CUST0028,2025-02-14 00:00:00,1632.53,WireTransfer,Mary Walker,Japan,Wire,Sven Gonzalez,Low,Canada
TXN000424,ACCT00210,CUST0129,2025-02-14 00:00:00,362.54,Deposit,Anchor Capital,UAE,Branch,Robert Ramirez,Medium,Netherlands
TXN000425,ACCT00102,CUST0058,2025-02-14 00:00:00,1021.28,Withdrawal,Summit Trading,United States,Online,Joseph Anderson,Medium,Switzerland
TXN000426,ACCT00241,CUST0144,2025-02-14 00:00:00,831.93,Deposit,Ava Scott,United Kingdom,Online,Karen Hill,Low,Switzerland
TXN000427,ACCT00004,CUST0002,2025-02-14 00:00:00,71.5,ACH,Jessica Smith,Syria,Branch,William Ramirez,High,Yemen
TXN000428,ACCT00165,CUST0099,2025-02-14 00:00:00,148.93,Withdrawal,Wei Garcia,UAE,ATM,Elizabeth Ramirez,Low,UAE
TXN000429,ACCT00002,CUST0001,2025-02-14 21:00:00,21642.09,WireTransfer,Patricia Rodriguez,Netherlands,Wire,Mateo Clark,High,Ireland
TXN000430,ACCT00156,CUST0095,2025-02-15 00:00:00,1614.67,Withdrawal,Metro Capital,Ireland,ATM,Ahmed Sanchez,Medium,Canada
TXN000431,ACCT00101,CUST0057,2025-02-15 00:00:00,711.23,Deposit,Olga Jackson,United Kingdom,Online,Robert Walker,Low,India
TXN000432,ACCT00273,CUST0164,2025-02-15 00:00:00,697.1,WireTransfer,Linda Hill,Germany,Branch,Thomas Rodriguez,Medium,Switzerland
TXN000433,ACCT00200,CUST0122,2025-02-15 00:00:00,3848.64,WireTransfer,Joseph Lee,Netherlands,ATM,William Smith,Low,India
TXN000434,ACCT00098,CUST0056,2025-02-15 00:00:00,765.77,ACH,William Brown,France,Online,Sven Thomas,Low,United Kingdom
TXN000435,ACCT00287,CUST0173,2025-02-15 00:00:00,187.82,ACH,Sunrise Partners,India,Wire,Karen Clark,Low,United Kingdom
TXN000436,ACCT00127,CUST0075,2025-02-15 00:00:00,1642.41,WireTransfer,Lucas White,UAE,Online,Patricia Torres,Medium,Spain
TXN000437,ACCT00139,CUST0083,2025-02-16 00:00:00,293.17,WireTransfer,Wei Lee,United Kingdom,Online,Mary Nguyen,Low,India
TXN000438,ACCT00039,CUST0021,2025-02-16 00:00:00,557.27,CashDeposit,Joseph Robinson,Canada,Branch,Tatiana Orlova,High,Libya
TXN000439,ACCT00325,CUST0198,2025-02-16 00:00:00,1818.79,CashDeposit,Liam Lewis,United Kingdom,Online,Patricia Jackson,Low,France
TXN000440,ACCT00280,CUST0170,2025-02-16 00:00:00,598.04,Withdrawal,Mateo Lee,United States,ATM,Mateo Davis,Low,Australia
TXN000441,ACCT00176,CUST0106,2025-02-16 00:00:00,792.2,Withdrawal,Fatima Smith,Switzerland,Online,Emma Lewis,Low,Canada
TXN000442,ACCT00202,CUST0123,2025-02-16 00:00:00,234.62,Withdrawal,Horizon Freight,Japan,ATM,Robert Anderson,Low,UAE
TXN000443,ACCT00110,CUST0063,2025-02-16 00:00:00,4623.6,CashDeposit,Joseph Young,Ireland,ATM,Diego Smith,Low,Ireland
TXN000444,ACCT00002,CUST0001,2025-02-16 00:00:00,15000.0,WireTransfer,Atlas Freight,Switzerland,Branch,Mateo Clark,High,Ireland
TXN000445,ACCT00246,CUST0147,2025-02-17 00:00:00,213.22,WireTransfer,Anchor Ventures,Netherlands,Online,Sven Williams,Low,UAE
TXN000446,ACCT00072,CUST0039,2025-02-17 00:00:00,698.45,WireTransfer,John Ramirez,Australia,ATM,Linda Nguyen,Low,Netherlands
TXN000447,ACCT00027,CUST0014,2025-02-17 00:00:00,1189.18,Deposit,Fatima Robinson,Singapore,Online,Ethan Jones,High,India
TXN000448,ACCT00073,CUST0040,2025-02-17 00:00:00,694.93,ACH,Liam Martinez,Ireland,Branch,Sven Hill,Low,Singapore
TXN000449,ACCT00267,CUST0159,2025-02-17 00:00:00,2973.31,CashDeposit,Elizabeth Martinez,United Kingdom,Branch,Camila Thompson,Medium,France
TXN000450,ACCT00264,CUST0158,2025-02-17 00:00:00,1092.47,Deposit,Prime Group,UAE,Wire,Thomas Smith,Low,France
TXN000451,ACCT00175,CUST0106,2025-02-17 00:00:00,126.5,ACH,Ava Lewis,Netherlands,ATM,Emma Lewis,Low,Canada
TXN000452,ACCT00237,CUST0142,2025-02-17 00:00:00,173.19,ACH,Sunrise Imports,United Kingdom,ATM,Sofia Martinez,Low,Singapore
TXN000453,ACCT00031,CUST0017,2025-02-17 00:00:00,1507.92,WireTransfer,William Flores,Japan,Wire,Thomas King,High,Spain
TXN000454,ACCT00230,CUST0137,2025-02-17 00:00:00,457.76,CashDeposit,Robert Williams,France,Wire,Chloe Young,Medium,India
TXN000455,ACCT00200,CUST0122,2025-02-17 00:00:00,808.37,Deposit,Delta Capital,Spain,Wire,William Smith,Low,India
TXN000456,ACCT00011,CUST0005,2025-02-17 00:00:00,20000.0,WireTransfer,Arjun Scott,Afghanistan,Branch,Fatima Nguyen,High,Myanmar
TXN000457,ACCT00065,CUST0036,2025-02-17 00:00:00,223.72,CashDeposit,John Lee,Netherlands,Wire,Mia Scott,Medium,UAE
TXN000458,ACCT00161,CUST0096,2025-02-17 00:00:00,1013.93,CashDeposit,Mateo Nguyen,Germany,Branch,Karen Flores,Low,Ireland
TXN000459,ACCT00100,CUST0057,2025-02-18 00:00:00,2959.24,WireTransfer,Linda Sanchez,France,Branch,Robert Walker,Low,India
TXN000460,ACCT00089,CUST0049,2025-02-18 00:00:00,5198.92,CashDeposit,Arjun Martin,Singapore,Online,Diego Moore,Low,United States
TXN000461,ACCT00325,CUST0198,2025-02-18 00:00:00,226.63,CashDeposit,Michael Torres,Singapore,Online,Patricia Jackson,Low,France
TXN000462,ACCT00287,CUST0173,2025-02-18 00:00:00,1012.51,Deposit,Lucas Williams,UAE,Branch,Karen Clark,Low,United Kingdom
TXN000463,ACCT00170,CUST0103,2025-02-18 00:00:00,675.74,CashDeposit,Emma Hill,Germany,Online,Emma Wilson,Low,Ireland
TXN000464,ACCT00143,CUST0085,2025-02-18 00:00:00,437.92,ACH,William Jones,United Kingdom,ATM,Emma Anderson,Low,Japan
TXN000465,ACCT00011,CUST0005,2025-02-18 00:00:00,173.91,CashDeposit,Nova Holdings,Libya,Branch,Fatima Nguyen,High,Myanmar
TXN000466,ACCT00305,CUST0186,2025-02-18 00:00:00,753.07,Withdrawal,Liam Davis,Australia,Branch,Fatima King,Low,Canada
TXN000467,ACCT00116,CUST0068,2025-02-18 00:00:00,1301.59,ACH,William Moore,Germany,Branch,Charles Wilson,Medium,Ireland
TXN000468,ACCT00285,CUST0173,2025-02-18 00:00:00,83.46,CashDeposit,Charles Lewis,United Kingdom,Branch,Karen Clark,Low,United Kingdom
TXN000469,ACCT00111,CUST0064,2025-02-18 00:00:00,389.43,ACH,Robert Harris,Canada,Branch,Diego Jones,Low,Netherlands
TXN000470,ACCT00322,CUST0197,2025-02-19 00:00:00,192.41,Withdrawal,Ava Garcia,Canada,Wire,Linda Clark,Low,Spain
TXN000471,ACCT00144,CUST0086,2025-02-19 00:00:00,3126.19,Deposit,Sven Scott,UAE,Online,Olga Hernandez,Low,Singapore
TXN000472,ACCT00269,CUST0161,2025-02-19 00:00:00,1734.35,WireTransfer,Global Traders,Canada,Wire,Jessica Harris,Low,Australia
TXN000473,ACCT00064,CUST0035,2025-02-19 00:00:00,278.35,CashDeposit,David Lopez,United States,Branch,Diego Torres,Low,United Kingdom
TXN000474,ACCT00080,CUST0043,2025-02-19 00:00:00,602.51,CashDeposit,Sarah Perez,Spain,ATM,John Scott,Low,Singapore
TXN000475,ACCT00064,CUST0035,2025-02-19 00:00:00,564.56,Deposit,Richard Wright,Singapore,Online,Diego Torres,Low,United Kingdom
TXN000476,ACCT00167,CUST0100,2025-02-19 00:00:00,1524.97,Withdrawal,Sven Lewis,Ireland,Branch,Mateo Walker,Low,Netherlands
TXN000477,ACCT00274,CUST0164,2025-02-19 00:00:00,868.54,WireTransfer,Metro Holdings,India,Branch,Thomas Rodriguez,Medium,Switzerland
TXN000478,ACCT00226,CUST0136,2025-02-19 00:00:00,468.9,ACH,Lucas Brown,United States,Online,James Scott,Low,Japan
TXN000479,ACCT00084,CUST0046,2025-02-20 00:00:00,206.41,Withdrawal,Nova Imports,Spain,Wire,Michael Rodriguez,Low,UAE
TXN000480,ACCT00318,CUST0194,2025-02-20 00:00:00,714.71,Withdrawal,Pacific Trading,Ireland,Online,Thomas White,Low,Canada
TXN000481,ACCT00266,CUST0159,2025-02-20 00:00:00,2391.12,Withdrawal,Patricia Torres,Japan,ATM,Camila Thompson,Medium,France
TXN000482,ACCT00204,CUST0124,2025-02-20 00:00:00,799.38,CashDeposit,Ava Nguyen,Switzerland,Branch,Joseph Taylor,Low,Netherlands
TXN000483,ACCT00091,CUST0051,2025-02-20 00:00:00,991.97,Withdrawal,Barbara Lewis,Australia,Wire,Linda Jones,Low,Singapore
TXN000484,ACCT00200,CUST0122,2025-02-20 00:00:00,846.68,WireTransfer,Pacific Ventures,Ireland,Wire,William Smith,Low,India
TXN000485,ACCT00206,CUST0126,2025-02-20 00:00:00,352.29,ACH,John Wilson,Germany,Online,Elizabeth Jones,Low,United Kingdom
TXN000486,ACCT00130,CUST0077,2025-02-20 00:00:00,156.33,ACH,Linda Lopez,Japan,Online,Liam Ramirez,Medium,UAE
TXN000487,ACCT00224,CUST0135,2025-02-20 00:00:00,211.17,Withdrawal,Mateo Jones,Singapore,Wire,Yuki Garcia,Low,France
TXN000488,ACCT00328,CUST0200,2025-02-20 00:00:00,831.53,CashDeposit,Sven Williams,Ireland,Wire,Linda Moore,Low,Spain
TXN000489,ACCT00146,CUST0087,2025-02-21 00:00:00,172.18,ACH,Union Imports,Switzerland,Branch,Mia Nguyen,Medium,Canada
TXN000490,ACCT00083,CUST0045,2025-02-21 00:00:00,474.81,CashDeposit,Nova Enterprises,Ireland,Wire,Karen Green,Low,United States
TXN000491,ACCT00166,CUST0099,2025-02-21 00:00:00,243.73,CashDeposit,Robert Smith,Germany,ATM,Elizabeth Ramirez,Low,UAE
TXN000492,ACCT00235,CUST0141,2025-02-21 00:00:00,1255.97,Deposit,Richard Hernandez,United States,Branch,Charles King,Medium,India
TXN000493,ACCT00137,CUST0082,2025-02-21 00:00:00,984.78,ACH,Global Freight,United States,Wire,Sven Brown,Low,Spain
TXN000494,ACCT00307,CUST0187,2025-02-21 00:00:00,720.36,WireTransfer,Sunrise Enterprises,Ireland,Online,Robert Wright,Low,India
TXN000495,ACCT00165,CUST0099,2025-02-21 00:00:00,2831.32,Withdrawal,William Jones,Spain,Branch,Elizabeth Ramirez,Low,UAE
TXN000496,ACCT00135,CUST0080,2025-02-21 00:00:00,488.84,ACH,Fatima Perez,France,Online,Priya Lee,Medium,Canada
TXN000497,ACCT00276,CUST0166,2025-02-21 00:00:00,909.03,Deposit,Thomas Scott,Spain,ATM,Arjun Clark,Low,Germany
TXN000498,ACCT00247,CUST0148,2025-02-21 00:00:00,92.76,Deposit,Union Traders,Netherlands,Online,Elizabeth Young,Low,United Kingdom
TXN000499,ACCT00098,CUST0056,2025-02-21 00:00:00,530.34,Withdrawal,Union Partners,Singapore,ATM,Sven Thomas,Low,United Kingdom
TXN000500,ACCT00312,CUST0190,2025-02-21 00:00:00,366.0,CashDeposit,Noah Gonzalez,Australia,Branch,Mia Torres,Medium,Singapore
TXN000501,ACCT00125,CUST0074,2025-02-21 00:00:00,4408.93,Deposit,David Johnson,Spain,Wire,James Miller,Low,Germany
TXN000502,ACCT00280,CUST0170,2025-02-21 00:00:00,1800.07,ACH,Robert Wright,Ireland,ATM,Mateo Davis,Low,Australia
TXN000503,ACCT00189,CUST0114,2025-02-21 00:00:00,1553.36,Deposit,Horizon Holdings,Ireland,Branch,Emma Miller,Low,Netherlands
TXN000504,ACCT00138,CUST0082,2025-02-22 00:00:00,658.98,WireTransfer,Linda White,Canada,ATM,Sven Brown,Low,Spain
TXN000505,ACCT00168,CUST0101,2025-02-22 00:00:00,694.91,CashDeposit,William Jackson,Ireland,Wire,Jessica Garcia,Medium,India
TXN000506,ACCT00016,CUST0007,2025-02-22 00:00:00,7500.0,WireTransfer,Camila Anderson,Netherlands,Branch,Wei Wilson,High,Netherlands
TXN000507,ACCT00119,CUST0070,2025-02-22 00:00:00,583.32,CashDeposit,Ethan Lee,France,Online,Jennifer Jackson,Low,Switzerland
TXN000508,ACCT00050,CUST0029,2025-02-22 00:00:00,504.26,CashDeposit,Mia Scott,Spain,ATM,Sven Robinson,Low,Switzerland
TXN000509,ACCT00031,CUST0017,2025-02-23 00:00:00,627.72,Deposit,Prime Group,Venezuela,ATM,Thomas King,High,Spain
TXN000510,ACCT00084,CUST0046,2025-02-23 00:00:00,1693.11,Deposit,Emma King,United Kingdom,Online,Michael Rodriguez,Low,UAE
TXN000511,ACCT00150,CUST0090,2025-02-23 00:00:00,549.55,WireTransfer,Ava King,Spain,Online,Jennifer Walker,Low,UAE
TXN000512,ACCT00268,CUST0160,2025-02-23 00:00:00,1602.66,Withdrawal,Silver Trading,United Kingdom,ATM,Thomas Robinson,Low,Spain
TXN000513,ACCT00328,CUST0200,2025-02-23 00:00:00,116.49,ACH,Wei Green,Ireland,Online,Linda Moore,Low,Spain
TXN000514,ACCT00113,CUST0066,2025-02-23 00:00:00,231.9,ACH,Global Freight,India,Branch,Charles Torres,Low,Germany
TXN000515,ACCT00143,CUST0085,2025-02-23 00:00:00,276.31,WireTransfer,John Anderson,United Kingdom,Wire,Emma Anderson,Low,Japan
TXN000516,ACCT00241,CUST0144,2025-02-23 00:00:00,3891.91,CashDeposit,Falcon Freight,Germany,Wire,Karen Hill,Low,Switzerland
TXN000517,ACCT00047,CUST0028,2025-02-23 00:00:00,2042.34,Withdrawal,John Martinez,Switzerland,Wire,Sven Gonzalez,Low,Canada
TXN000518,ACCT00030,CUST0017,2025-02-23 00:00:00,2407.32,ACH,Horizon Logistics,North Korea,Online,Thomas King,High,Spain
TXN000519,ACCT00293,CUST0177,2025-02-23 00:00:00,565.59,Deposit,Linda Young,Singapore,Branch,Fatima Wilson,Low,Spain
TXN000520,ACCT00140,CUST0084,2025-02-23 00:00:00,424.03,Deposit,Priya Johnson,Netherlands,ATM,Ahmed Clark,Low,UAE
TXN000521,ACCT00061,CUST0034,2025-02-23 00:00:00,2098.05,WireTransfer,Ahmed Martin,Canada,Online,William Harris,Low,Japan
TXN000522,ACCT00076,CUST0041,2025-02-24 00:00:00,140.35,WireTransfer,Yuki Sanchez,Ireland,Branch,Arjun Thomas,Low,Japan
TXN000523,ACCT00308,CUST0188,2025-02-24 00:00:00,2235.36,ACH,Mary Taylor,Ireland,ATM,Noah Sanchez,Low,Switzerland
TXN000524,ACCT00146,CUST0087,2025-02-24 00:00:00,347.23,Withdrawal,Jennifer Jones,France,ATM,Mia Nguyen,Medium,Canada
TXN000525,ACCT00157,CUST0095,2025-02-24 00:00:00,688.25,ACH,Mary Jackson,Spain,Wire,Ahmed Sanchez,Medium,Canada
TXN000526,ACCT00216,CUST0131,2025-02-24 00:00:00,525.02,Withdrawal,Karen Wilson,Ireland,Online,Robert Lopez,Low,Singapore
TXN000527,ACCT00309,CUST0188,2025-02-24 00:00:00,286.97,CashDeposit,Jessica Smith,Japan,ATM,Noah Sanchez,Low,Switzerland
TXN000528,ACCT00012,CUST0005,2025-02-24 00:00:00,2368.77,Withdrawal,Chloe Harris,Venezuela,ATM,Fatima Nguyen,High,Myanmar
TXN000529,ACCT00329,CUST0200,2025-02-24 00:00:00,893.62,ACH,Linda Green,Singapore,Branch,Linda Moore,Low,Spain
TXN000530,ACCT00031,CUST0017,2025-02-24 00:00:00,96.57,CashDeposit,Wei Clark,Spain,Branch,Thomas King,High,Spain
TXN000531,ACCT00257,CUST0155,2025-02-25 00:00:00,368.74,Withdrawal,Liam Hernandez,UAE,Wire,Wei White,Low,United Kingdom
TXN000532,ACCT00276,CUST0166,2025-02-25 00:00:00,189.07,ACH,Sofia Rodriguez,India,Wire,Arjun Clark,Low,Germany
TXN000533,ACCT00027,CUST0014,2025-02-25 00:00:00,274.85,Withdrawal,Linda Scott,Libya,Branch,Ethan Jones,High,India
TXN000534,ACCT00269,CUST0161,2025-02-25 00:00:00,700.41,WireTransfer,Metro Trading,India,Branch,Jessica Harris,Low,Australia
TXN000535,ACCT00086,CUST0047,2025-02-25 00:00:00,1310.19,Withdrawal,Emma Martinez,Canada,ATM,Sarah Jackson,Low,Germany
TXN000536,ACCT00236,CUST0141,2025-02-25 00:00:00,1303.92,ACH,Charles Perez,United Kingdom,Online,Charles King,Medium,India
TXN000537,ACCT00119,CUST0070,2025-02-25 00:00:00,1630.82,WireTransfer,Chloe Wilson,Singapore,ATM,Jennifer Jackson,Low,Switzerland
TXN000538,ACCT00143,CUST0085,2025-02-25 00:00:00,116.3,Deposit,Nova Exchange,UAE,Online,Emma Anderson,Low,Japan
TXN000539,ACCT00244,CUST0146,2025-02-26 00:00:00,1133.98,Deposit,Camila Martinez,Canada,Wire,Yuki Lee,Medium,UAE
TXN000540,ACCT00228,CUST0137,2025-02-26 00:00:00,3003.8,Withdrawal,Robert Jones,Switzerland,Online,Chloe Young,Medium,India
TXN000541,ACCT00303,CUST0185,2025-02-26 00:00:00,826.68,ACH,Nova Enterprises,United Kingdom,Branch,Sven Wright,Low,UAE
TXN000542,ACCT00105,CUST0060,2025-02-26 00:00:00,555.31,Deposit,Liam Miller,Spain,Branch,Mary Davis,Medium,United Kingdom
TXN000543,ACCT00140,CUST0084,2025-02-26 00:00:00,726.8,Withdrawal,Anchor Logistics,Switzerland,Branch,Ahmed Clark,Low,UAE
TXN000544,ACCT00151,CUST0091,2025-02-26 00:00:00,415.7,Withdrawal,Lucas Moore,United States,Branch,John Williams,Low,Germany
TXN000545,ACCT00310,CUST0189,2025-02-27 00:00:00,352.33,Withdrawal,Linda Brown,Australia,Wire,Jennifer Lee,Low,United Kingdom
TXN000546,ACCT00207,CUST0126,2025-02-27 00:00:00,521.45,Deposit,Chloe Hernandez,Singapore,Wire,Elizabeth Jones,Low,United Kingdom
TXN000547,ACCT00249,CUST0149,2025-02-27 00:00:00,366.83,CashDeposit,Mia Rodriguez,Japan,Wire,Michael Lewis,Low,United States
TXN000548,ACCT00163,CUST0098,2025-02-27 00:00:00,2234.88,CashDeposit,Falcon Capital,Germany,Branch,Sven Young,Medium,Switzerland
TXN000549,ACCT00029,CUST0016,2025-02-27 00:00:00,53836.15,WireTransfer,Diego Thomas,Afghanistan,Wire,Priya Davis,High,Iran
TXN000550,ACCT00097,CUST0055,2025-02-27 00:00:00,726.62,CashDeposit,Mia Wright,Singapore,Branch,Barbara Clark,Low,United Kingdom
TXN000551,ACCT00267,CUST0159,2025-02-27 00:00:00,192.66,ACH,Sunrise Trading,Canada,Wire,Camila Thompson,Medium,France
TXN000552,ACCT00292,CUST0176,2025-02-27 00:00:00,899.37,Withdrawal,Sarah Rodriguez,India,Branch,Michael Young,Low,France
TXN000553,ACCT00029,CUST0016,2025-02-27 02:00:00,48747.44,WireTransfer,Arjun Taylor,Iran,Wire,Priya Davis,High,Iran
TXN000554,ACCT00012,CUST0005,2025-02-28 00:00:00,215.85,CashDeposit,Sofia Johnson,Syria,Online,Fatima Nguyen,High,Myanmar
TXN000555,ACCT00167,CUST0100,2025-02-28 00:00:00,210.97,WireTransfer,Nova Enterprises,UAE,Wire,Mateo Walker,Low,Netherlands
TXN000556,ACCT00047,CUST0028,2025-02-28 00:00:00,194.44,ACH,Mary Wright,Singapore,ATM,Sven Gonzalez,Low,Canada
TXN000557,ACCT00042,CUST0024,2025-02-28 00:00:00,562.78,Deposit,Charles Torres,Yemen,Online,Linda Thomas,High,Myanmar
TXN000558,ACCT00086,CUST0047,2025-02-28 00:00:00,132.48,ACH,Joseph Lee,Ireland,Online,Sarah Jackson,Low,Germany
TXN000559,ACCT00325,CUST0198,2025-03-01 00:00:00,310.28,ACH,Crown Capital,Switzerland,Branch,Patricia Jackson,Low,France
TXN000560,ACCT00204,CUST0124,2025-03-01 00:00:00,464.23,CashDeposit,Sunrise Imports,Australia,Branch,Joseph Taylor,Low,Netherlands
TXN000561,ACCT00292,CUST0176,2025-03-01 00:00:00,273.06,WireTransfer,Anchor Trading,France,ATM,Michael Young,Low,France
TXN000562,ACCT00084,CUST0046,2025-03-01 00:00:00,169.55,Deposit,Mia Lee,UAE,Online,Michael Rodriguez,Low,UAE
TXN000563,ACCT00220,CUST0133,2025-03-01 00:00:00,537.96,WireTransfer,Ava Sanchez,Singapore,ATM,Wei Clark,Low,Australia
TXN000564,ACCT00267,CUST0159,2025-03-01 00:00:00,4262.89,Withdrawal,Yuki Clark,Canada,Online,Camila Thompson,Medium,France
TXN000565,ACCT00100,CUST0057,2025-03-01 00:00:00,1430.93,WireTransfer,Sarah White,United Kingdom,Branch,Robert Walker,Low,India
TXN000566,ACCT00311,CUST0190,2025-03-01 00:00:00,642.57,CashDeposit,Jennifer Lewis,India,ATM,Mia Torres,Medium,Singapore
TXN000567,ACCT00072,CUST0039,2025-03-01 00:00:00,906.71,WireTransfer,Union Holdings,UAE,ATM,Linda Nguyen,Low,Netherlands
TXN000568,ACCT00059,CUST0033,2025-03-01 00:00:00,690.91,CashDeposit,Lucas Taylor,Singapore,ATM,Jessica Hernandez,Low,India
TXN000569,ACCT00001,CUST0001,2025-03-02 00:00:00,697.43,Withdrawal,Fatima Martinez,Yemen,Branch,Mateo Clark,High,Ireland
TXN000570,ACCT00272,CUST0163,2025-03-02 00:00:00,439.13,WireTransfer,Linda Thompson,Ireland,Branch,Emma Jackson,Low,Germany
TXN000571,ACCT00305,CUST0186,2025-03-02 00:00:00,1541.2,CashDeposit,Silver Freight,UAE,Wire,Fatima King,Low,Canada
TXN000572,ACCT00107,CUST0061,2025-03-02 00:00:00,551.62,Withdrawal,Sunrise Group,India,Wire,Michael Flores,Low,Australia
TXN000573,ACCT00072,CUST0039,2025-03-02 00:00:00,332.65,Deposit,Susan Green,Switzerland,Wire,Linda Nguyen,Low,Netherlands
TXN000574,ACCT00055,CUST0031,2025-03-02 00:00:00,1628.14,Withdrawal,William Miller,Ireland,Wire,David Ramirez,Low,France
TXN000575,ACCT00298,CUST0180,2025-03-03 00:00:00,206.95,CashDeposit,Wei Young,Australia,Branch,Patricia Perez,Low,United Kingdom
TXN000576,ACCT00186,CUST0111,2025-03-03 00:00:00,543.76,Withdrawal,James Wright,India,ATM,Mia Wright,Low,Spain
TXN000577,ACCT00188,CUST0113,2025-03-03 00:00:00,1864.19,ACH,Patricia Wright,Japan,Wire,Sarah Williams,Medium,Singapore
TXN000578,ACCT00183,CUST0109,2025-03-03 00:00:00,1850.82,CashDeposit,Patricia Jackson,India,Branch,Thomas Anderson,Low,UAE
TXN000579,ACCT00267,CUST0159,2025-03-03 00:00:00,5409.13,CashDeposit,Horizon Freight,India,Branch,Camila Thompson,Medium,France
TXN000580,ACCT00224,CUST0135,2025-03-03 00:00:00,1055.39,Deposit,Richard Lewis,Canada,Online,Yuki Garcia,Low,France
TXN000581,ACCT00207,CUST0126,2025-03-03 00:00:00,631.18,ACH,Emma Gonzalez,Canada,Online,Elizabeth Jones,Low,United Kingdom
TXN000582,ACCT00217,CUST0132,2025-03-03 00:00:00,871.36,Deposit,Prime Traders,United Kingdom,Wire,Mia Ramirez,Medium,Spain
TXN000583,ACCT00201,CUST0122,2025-03-03 00:00:00,1594.82,WireTransfer,Lucas Harris,Canada,Branch,William Smith,Low,India
TXN000584,ACCT00135,CUST0080,2025-03-03 00:00:00,275.37,Withdrawal,Atlas Logistics,United States,Wire,Priya Lee,Medium,Canada
TXN000585,ACCT00196,CUST0119,2025-03-03 00:00:00,3079.02,CashDeposit,Karen Lewis,United Kingdom,ATM,Camila Lewis,Medium,Spain
TXN000586,ACCT00060,CUST0033,2025-03-03 00:00:00,420.36,CashDeposit,James Wilson,Australia,Wire,Jessica Hernandez,Low,India
TXN000587,ACCT00302,CUST0184,2025-03-03 00:00:00,382.96,CashDeposit,Delta Capital,Singapore,Wire,Jessica Hill,Low,United States
TXN000588,ACCT00296,CUST0178,2025-03-04 00:00:00,323.56,CashDeposit,Crown Holdings,United Kingdom,ATM,Fatima Scott,Low,Australia
TXN000589,ACCT00240,CUST0144,2025-03-04 00:00:00,1218.31,CashDeposit,Crown Partners,Singapore,Wire,Karen Hill,Low,Switzerland
TXN000590,ACCT00156,CUST0095,2025-03-04 00:00:00,996.55,CashDeposit,Sunrise Group,UAE,Branch,Ahmed Sanchez,Medium,Canada
TXN000591,ACCT00315,CUST0191,2025-03-04 00:00:00,205.79,Deposit,Sunrise Ventures,Australia,ATM,Liam Flores,Low,Canada
TXN000592,ACCT00087,CUST0048,2025-03-04 00:00:00,172.93,Deposit,Yuki Lee,India,Wire,Thomas King,Low,Spain
TXN000593,ACCT00250,CUST0150,2025-03-04 00:00:00,420.08,ACH,Sofia Wright,Spain,ATM,Elizabeth Jones,Low,Australia
TXN000594,ACCT00190,CUST0115,2025-03-04 00:00:00,943.55,Withdrawal,Ethan Thompson,Canada,Online,Priya Lopez,Low,India
TXN000595,ACCT00092,CUST0052,2025-03-04 00:00:00,1412.82,Withdrawal,Mia Hill,UAE,Wire,Sofia Martinez,Low,United Kingdom
TXN000596,ACCT00266,CUST0159,2025-03-04 00:00:00,390.1,ACH,Emma Anderson,UAE,Wire,Camila Thompson,Medium,France
TXN000597,ACCT00293,CUST0177,2025-03-04 00:00:00,584.02,Withdrawal,Elizabeth Wright,Netherlands,Wire,Fatima Wilson,Low,Spain
TXN000598,ACCT00274,CUST0164,2025-03-05 00:00:00,404.67,CashDeposit,Barbara Brown,UAE,Online,Thomas Rodriguez,Medium,Switzerland
TXN000599,ACCT00327,CUST0200,2025-03-05 00:00:00,996.46,Deposit,Metro Holdings,Ireland,Wire,Linda Moore,Low,Spain
TXN000600,ACCT00312,CUST0190,2025-03-05 00:00:00,603.06,CashDeposit,Anchor Holdings,Japan,Online,Mia Torres,Medium,Singapore
TXN000601,ACCT00143,CUST0085,2025-03-05 00:00:00,3127.53,CashDeposit,Charles Sanchez,United States,Wire,Emma Anderson,Low,Japan
TXN000602,ACCT00149,CUST0090,2025-03-05 00:00:00,555.36,ACH,Ahmed Thomas,Netherlands,Online,Jennifer Walker,Low,UAE
TXN000603,ACCT00243,CUST0145,2025-03-05 00:00:00,1944.75,ACH,James Davis,Switzerland,ATM,Mateo Walker,Medium,Australia
TXN000604,ACCT00226,CUST0136,2025-03-05 00:00:00,2116.13,ACH,Anchor Ventures,United States,Wire,James Scott,Low,Japan
TXN000605,ACCT00146,CUST0087,2025-03-05 00:00:00,1773.75,ACH,Wei Scott,Japan,Wire,Mia Nguyen,Medium,Canada
TXN000606,ACCT00258,CUST0155,2025-03-06 00:00:00,2301.11,Deposit,Falcon Traders,Ireland,ATM,Wei White,Low,United Kingdom
TXN000607,ACCT00320,CUST0195,2025-03-06 00:00:00,768.99,Withdrawal,James King,Japan,Wire,Jennifer Garcia,Low,Canada
TXN000608,ACCT00122,CUST0073,2025-03-06 00:00:00,9000.0,Deposit,Susan Thomas,Netherlands,Online,Lucas Gonzalez,Low,India
TXN000609,ACCT00314,CUST0191,2025-03-06 00:00:00,338.39,CashDeposit,Summit Capital,France,Wire,Liam Flores,Low,Canada
TXN000610,ACCT00299,CUST0181,2025-03-06 00:00:00,8116.42,Deposit,Silver Partners,United States,Online,Sofia Wilson,Low,Germany
TXN000611,ACCT00134,CUST0079,2025-03-06 00:00:00,1024.46,Withdrawal,Crown Imports,Singapore,ATM,Jessica Moore,Low,Canada
TXN000612,ACCT00264,CUST0158,2025-03-06 00:00:00,537.29,Withdrawal,Karen Green,Spain,Online,Thomas Smith,Low,France
TXN000613,ACCT00292,CUST0176,2025-03-06 00:00:00,1719.89,Deposit,Global Group,Australia,Online,Michael Young,Low,France
TXN000614,ACCT00114,CUST0066,2025-03-06 00:00:00,106.63,CashDeposit,Noah Green,Germany,Wire,Charles Torres,Low,Germany
TXN000615,ACCT00207,CUST0126,2025-03-07 00:00:00,3655.93,CashDeposit,Linda Anderson,India,Branch,Elizabeth Jones,Low,United Kingdom
TXN000616,ACCT00156,CUST0095,2025-03-07 00:00:00,436.7,CashDeposit,Olga Rodriguez,United States,ATM,Ahmed Sanchez,Medium,Canada
TXN000617,ACCT00127,CUST0075,2025-03-07 00:00:00,142.64,WireTransfer,Karen Brown,Netherlands,Wire,Patricia Torres,Medium,Spain
TXN000618,ACCT00028,CUST0015,2025-03-07 00:00:00,661.6,Deposit,Nova Partners,Libya,ATM,Sofia Smith,High,Ireland
TXN000619,ACCT00049,CUST0029,2025-03-07 00:00:00,1369.96,Withdrawal,Richard Lee,France,Branch,Sven Robinson,Low,Switzerland
TXN000620,ACCT00150,CUST0090,2025-03-08 00:00:00,182.5,Withdrawal,Chloe King,Japan,ATM,Jennifer Walker,Low,UAE
TXN000621,ACCT00229,CUST0137,2025-03-08 00:00:00,325.37,ACH,Michael Jackson,Germany,Branch,Chloe Young,Medium,India
TXN000622,ACCT00001,CUST0001,2025-03-08 00:00:00,697.91,WireTransfer,Pacific Imports,Libya,Branch,Mateo Clark,High,Ireland
TXN000623,ACCT00251,CUST0151,2025-03-08 00:00:00,283.35,WireTransfer,Anchor Ventures,Germany,Wire,Olga Garcia,Medium,Spain
TXN000624,ACCT00081,CUST0043,2025-03-08 00:00:00,1137.41,ACH,Thomas Jackson,Canada,Online,John Scott,Low,Singapore
TXN000625,ACCT00135,CUST0080,2025-03-08 00:00:00,293.8,CashDeposit,Richard Gonzalez,United States,Branch,Priya Lee,Medium,Canada
TXN000626,ACCT00072,CUST0039,2025-03-08 00:00:00,3826.01,CashDeposit,Emma Young,Singapore,Wire,Linda Nguyen,Low,Netherlands
TXN000627,ACCT00090,CUST0050,2025-03-08 00:00:00,518.69,Deposit,Linda Jones,UAE,Wire,Thomas Hernandez,Medium,Singapore
TXN000628,ACCT00165,CUST0099,2025-03-09 00:00:00,464.16,CashDeposit,Olga Torres,Japan,Wire,Elizabeth Ramirez,Low,UAE
TXN000629,ACCT00166,CUST0099,2025-03-09 00:00:00,323.2,Withdrawal,Susan Smith,Singapore,Branch,Elizabeth Ramirez,Low,UAE
TXN000630,ACCT00085,CUST0047,2025-03-09 00:00:00,2200.79,WireTransfer,Jennifer Johnson,Germany,ATM,Sarah Jackson,Low,Germany
TXN000631,ACCT00100,CUST0057,2025-03-09 00:00:00,899.46,Deposit,Elizabeth Taylor,UAE,ATM,Robert Walker,Low,India
TXN000632,ACCT00012,CUST0005,2025-03-09 00:00:00,371.37,Deposit,Prime Capital,Venezuela,Online,Fatima Nguyen,High,Myanmar
TXN000633,ACCT00289,CUST0174,2025-03-09 00:00:00,252.64,CashDeposit,Fatima Nguyen,Canada,Branch,Emma Davis,Low,United Kingdom
TXN000634,ACCT00182,CUST0108,2025-03-09 00:00:00,523.79,WireTransfer,Pacific Enterprises,United States,Branch,Diego Torres,Low,Australia
TXN000635,ACCT00173,CUST0105,2025-03-09 00:00:00,333.49,Deposit,Patricia Lewis,Spain,Wire,Sven Young,Medium,Ireland
TXN000636,ACCT00089,CUST0049,2025-03-09 00:00:00,1503.78,Deposit,Fatima Rodriguez,Australia,Wire,Diego Moore,Low,United States
TXN000637,ACCT00066,CUST0036,2025-03-09 00:00:00,123.37,WireTransfer,Patricia Torres,India,Branch,Mia Scott,Medium,UAE
TXN000638,ACCT00129,CUST0076,2025-03-10 00:00:00,463.24,CashDeposit,David Green,Netherlands,Online,Yuki Wright,Medium,Netherlands
TXN000639,ACCT00098,CUST0056,2025-03-10 00:00:00,3112.69,WireTransfer,Arjun Jackson,Switzerland,Online,Sven Thomas,Low,United Kingdom
TXN000640,ACCT00188,CUST0113,2025-03-10 00:00:00,163.11,Deposit,Elizabeth Martinez,Ireland,ATM,Sarah Williams,Medium,Singapore
TXN000641,ACCT00159,CUST0096,2025-03-10 00:00:00,2758.3,CashDeposit,Pacific Freight,Germany,Online,Karen Flores,Low,Ireland
TXN000642,ACCT00268,CUST0160,2025-03-10 00:00:00,2634.63,Withdrawal,Summit Partners,Japan,ATM,Thomas Robinson,Low,Spain
TXN000643,ACCT00068,CUST0037,2025-03-10 00:00:00,1182.6,CashDeposit,Barbara Harris,UAE,Wire,Noah King,Medium,United Kingdom
TXN000644,ACCT00228,CUST0137,2025-03-11 00:00:00,530.78,Withdrawal,Sunrise Imports,India,Branch,Chloe Young,Medium,India
TXN000645,ACCT00319,CUST0195,2025-03-11 00:00:00,269.83,Deposit,Mateo Hill,Germany,ATM,Jennifer Garcia,Low,Canada
TXN000646,ACCT00171,CUST0104,2025-03-11 00:00:00,1802.8,Withdrawal,Barbara Martinez,United States,Wire,Sarah Torres,Low,Canada
TXN000647,ACCT00078,CUST0042,2025-03-11 00:00:00,1980.91,Deposit,Yuki Flores,Switzerland,Online,Arjun Jones,Low,India
TXN000648,ACCT00300,CUST0182,2025-03-11 00:00:00,394.69,Deposit,Priya Sanchez,UAE,Online,Elizabeth Flores,Medium,United Kingdom
TXN000649,ACCT00038,CUST0021,2025-03-11 00:00:00,31951.83,WireTransfer,Rashid Al-Amin,Afghanistan,Wire,Tatiana Orlova,High,Libya
TXN000650,ACCT00241,CUST0144,2025-03-11 00:00:00,1144.62,ACH,Priya Davis,Singapore,Wire,Karen Hill,Low,Switzerland
TXN000651,ACCT00243,CUST0145,2025-03-12 00:00:00,1665.64,Deposit,Nova Enterprises,Netherlands,Branch,Mateo Walker,Medium,Australia
TXN000652,ACCT00112,CUST0065,2025-03-12 00:00:00,1970.38,Deposit,Diego King,United Kingdom,Branch,Karen King,Low,Switzerland
TXN000653,ACCT00028,CUST0015,2025-03-12 00:00:00,467.7,ACH,Mateo Johnson,Ireland,Online,Sofia Smith,High,Ireland
TXN000654,ACCT00039,CUST0021,2025-03-12 00:00:00,320.24,Withdrawal,Sarah Garcia,Libya,ATM,Tatiana Orlova,High,Libya
TXN000655,ACCT00139,CUST0083,2025-03-12 00:00:00,1594.62,Withdrawal,Mateo Scott,Japan,Wire,Mary Nguyen,Low,India
TXN000656,ACCT00083,CUST0045,2025-03-12 00:00:00,537.3,WireTransfer,Sunrise Capital,Ireland,Online,Karen Green,Low,United States
TXN000657,ACCT00089,CUST0049,2025-03-12 00:00:00,533.12,CashDeposit,Sven Perez,Australia,ATM,Diego Moore,Low,United States
TXN000658,ACCT00139,CUST0083,2025-03-12 00:00:00,599.91,Deposit,Diego White,Japan,Online,Mary Nguyen,Low,India
TXN000659,ACCT00024,CUST0012,2025-03-12 00:00:00,161.9,ACH,Metro Partners,Switzerland,Online,Mia Sanchez,High,United Kingdom
TXN000660,ACCT00324,CUST0198,2025-03-12 00:00:00,441.73,WireTransfer,Anchor Group,Ireland,Branch,Patricia Jackson,Low,France
TXN000661,ACCT00269,CUST0161,2025-03-12 00:00:00,839.48,WireTransfer,Global Group,Japan,Wire,Jessica Harris,Low,Australia
TXN000662,ACCT00160,CUST0096,2025-03-12 00:00:00,2701.6,Deposit,John Nguyen,Japan,Wire,Karen Flores,Low,Ireland
TXN000663,ACCT00311,CUST0190,2025-03-12 00:00:00,2535.19,WireTransfer,Michael Hernandez,UAE,ATM,Mia Torres,Medium,Singapore
TXN000664,ACCT00065,CUST0036,2025-03-12 00:00:00,1297.78,WireTransfer,Silver Ventures,Netherlands,ATM,Mia Scott,Medium,UAE
TXN000665,ACCT00322,CUST0197,2025-03-13 00:00:00,315.66,ACH,Mia Scott,India,Online,Linda Clark,Low,Spain
TXN000666,ACCT00199,CUST0122,2025-03-13 00:00:00,667.6,ACH,Elizabeth Wilson,UAE,Branch,William Smith,Low,India
TXN000667,ACCT00088,CUST0048,2025-03-13 00:00:00,344.85,CashDeposit,Falcon Imports,France,Branch,Thomas King,Low,Spain
TXN000668,ACCT00171,CUST0104,2025-03-13 00:00:00,278.52,CashDeposit,Prime Exchange,Japan,Wire,Sarah Torres,Low,Canada
TXN000669,ACCT00155,CUST0094,2025-03-13 00:00:00,1671.79,Withdrawal,Richard Martin,United Kingdom,ATM,William Martin,Medium,Netherlands
TXN000670,ACCT00014,CUST0007,2025-03-13 00:00:00,527.98,WireTransfer,Ahmed Jones,Syria,Online,Wei Wilson,High,Netherlands
TXN000671,ACCT00134,CUST0079,2025-03-13 00:00:00,1725.25,WireTransfer,Richard Davis,United States,Wire,Jessica Moore,Low,Canada
TXN000672,ACCT00225,CUST0136,2025-03-13 00:00:00,1020.06,WireTransfer,Mateo Torres,Switzerland,Online,James Scott,Low,Japan
TXN000673,ACCT00011,CUST0005,2025-03-13 00:00:00,10000.0,WireTransfer,Thomas Rodriguez,Syria,Branch,Fatima Nguyen,High,Myanmar
TXN000674,ACCT00190,CUST0115,2025-03-13 00:00:00,1382.81,ACH,Susan Jackson,United States,Branch,Priya Lopez,Low,India
TXN000675,ACCT00188,CUST0113,2025-03-13 00:00:00,268.34,Deposit,Camila Wilson,Spain,ATM,Sarah Williams,Medium,Singapore
TXN000676,ACCT00023,CUST0011,2025-03-13 00:00:00,468.4,Withdrawal,Sarah Flores,Netherlands,Online,Thomas Rodriguez,High,UAE
TXN000677,ACCT00109,CUST0062,2025-03-14 00:00:00,2246.57,WireTransfer,Union Group,Ireland,Online,Ethan King,Low,Germany
TXN000678,ACCT00001,CUST0001,2025-03-14 00:00:00,862.4,Deposit,Sven Thomas,Venezuela,Branch,Mateo Clark,High,Ireland
TXN000679,ACCT00208,CUST0127,2025-03-14 00:00:00,384.42,ACH,Karen Green,Singapore,Branch,Lucas Jackson,Low,Canada
TXN000680,ACCT00251,CUST0151,2025-03-14 00:00:00,8558.55,ACH,Falcon Freight,UAE,ATM,Olga Garcia,Medium,Spain
TXN000681,ACCT00082,CUST0044,2025-03-14 00:00:00,92.25,ACH,Chloe Williams,India,Branch,Jessica White,Low,United Kingdom
TXN000682,ACCT00070,CUST0038,2025-03-14 00:00:00,1666.23,ACH,Linda Lopez,Canada,Wire,Barbara Jones,Low,Canada
TXN000683,ACCT00265,CUST0159,2025-03-14 00:00:00,2166.01,CashDeposit,Yuki Harris,Singapore,Branch,Camila Thompson,Medium,France
TXN000684,ACCT00268,CUST0160,2025-03-14 00:00:00,390.94,ACH,Falcon Logistics,Japan,Branch,Thomas Robinson,Low,Spain
TXN000685,ACCT00023,CUST0011,2025-03-14 00:00:00,841.05,CashDeposit,Jennifer Sanchez,Japan,ATM,Thomas Rodriguez,High,UAE
TXN000686,ACCT00171,CUST0104,2025-03-14 00:00:00,492.35,WireTransfer,Fatima Wright,Ireland,Online,Sarah Torres,Low,Canada
TXN000687,ACCT00190,CUST0115,2025-03-14 00:00:00,478.45,Withdrawal,Metro Logistics,Netherlands,Online,Priya Lopez,Low,India
TXN000688,ACCT00310,CUST0189,2025-03-14 00:00:00,336.67,Withdrawal,Chloe Flores,Australia,Branch,Jennifer Lee,Low,United Kingdom
TXN000689,ACCT00318,CUST0194,2025-03-15 00:00:00,811.43,Withdrawal,Nova Traders,United States,ATM,Thomas White,Low,Canada
TXN000690,ACCT00316,CUST0192,2025-03-15 00:00:00,8197.13,ACH,Liam Miller,Germany,Wire,Sofia Wilson,Low,Japan
TXN000691,ACCT00032,CUST0018,2025-03-15 00:00:00,1888.51,CashDeposit,Patricia Walker,Yemen,Wire,Amara Solis,High,Syria
TXN000692,ACCT00265,CUST0159,2025-03-15 00:00:00,625.78,Withdrawal,Jessica Nguyen,Australia,Online,Camila Thompson,Medium,France
TXN000693,ACCT00165,CUST0099,2025-03-15 00:00:00,687.32,Deposit,Lucas Green,Japan,Online,Elizabeth Ramirez,Low,UAE
TXN000694,ACCT00011,CUST0005,2025-03-15 00:00:00,799.42,ACH,Ahmed Scott,Myanmar,Branch,Fatima Nguyen,High,Myanmar
TXN000695,ACCT00092,CUST0052,2025-03-15 00:00:00,1170.88,ACH,Michael Hernandez,UAE,Wire,Sofia Martinez,Low,United Kingdom
TXN000696,ACCT00073,CUST0040,2025-03-15 00:00:00,1743.9,Deposit,Yuki Harris,Germany,Online,Sven Hill,Low,Singapore
TXN000697,ACCT00090,CUST0050,2025-03-16 00:00:00,2150.54,WireTransfer,Metro Traders,Australia,ATM,Thomas Hernandez,Medium,Singapore
TXN000698,ACCT00056,CUST0032,2025-03-16 00:00:00,810.46,ACH,Atlas Capital,Canada,Wire,Sofia Miller,Medium,Spain
TXN000699,ACCT00157,CUST0095,2025-03-16 00:00:00,941.69,Deposit,Jessica Hernandez,United Kingdom,Online,Ahmed Sanchez,Medium,Canada
TXN000700,ACCT00224,CUST0135,2025-03-16 00:00:00,486.67,Withdrawal,Noah King,Spain,Online,Yuki Garcia,Low,France
TXN000701,ACCT00225,CUST0136,2025-03-16 00:00:00,796.18,Deposit,Yuki Perez,France,ATM,James Scott,Low,Japan
TXN000702,ACCT00050,CUST0029,2025-03-16 00:00:00,1169.93,ACH,Pacific Imports,United States,ATM,Sven Robinson,Low,Switzerland
TXN000703,ACCT00188,CUST0113,2025-03-16 00:00:00,236.86,WireTransfer,Arjun Lewis,UAE,ATM,Sarah Williams,Medium,Singapore
TXN000704,ACCT00144,CUST0086,2025-03-16 00:00:00,1907.62,WireTransfer,Pacific Logistics,United States,ATM,Olga Hernandez,Low,Singapore
TXN000705,ACCT00087,CUST0048,2025-03-17 00:00:00,3170.08,WireTransfer,Chloe Hernandez,India,ATM,Thomas King,Low,Spain
TXN000706,ACCT00106,CUST0061,2025-03-17 00:00:00,228.71,ACH,Union Logistics,Canada,Wire,Michael Flores,Low,Australia
TXN000707,ACCT00214,CUST0130,2025-03-17 00:00:00,547.47,CashDeposit,Yuki Flores,Canada,ATM,Lucas Hill,Low,Ireland
TXN000708,ACCT00231,CUST0138,2025-03-17 00:00:00,401.88,CashDeposit,Jessica Robinson,Spain,Online,Sofia Rodriguez,Medium,India
TXN000709,ACCT00244,CUST0146,2025-03-17 00:00:00,552.46,Deposit,Ahmed Wright,Australia,ATM,Yuki Lee,Medium,UAE
TXN000710,ACCT00224,CUST0135,2025-03-17 00:00:00,930.82,WireTransfer,James White,UAE,Online,Yuki Garcia,Low,France
TXN000711,ACCT00137,CUST0082,2025-03-17 00:00:00,251.25,ACH,Sunrise Logistics,India,Branch,Sven Brown,Low,Spain
TXN000712,ACCT00031,CUST0017,2025-03-17 00:00:00,512.33,CashDeposit,Metro Exchange,North Korea,ATM,Thomas King,High,Spain
TXN000713,ACCT00178,CUST0107,2025-03-17 00:00:00,2732.12,CashDeposit,Jennifer Perez,Japan,Branch,Jessica Martin,Low,Australia
TXN000714,ACCT00150,CUST0090,2025-03-17 00:00:00,1018.3,CashDeposit,Linda Wright,Switzerland,Wire,Jennifer Walker,Low,UAE
TXN000715,ACCT00087,CUST0048,2025-03-17 00:00:00,800.05,WireTransfer,Mateo Martin,Singapore,Wire,Thomas King,Low,Spain
TXN000716,ACCT00220,CUST0133,2025-03-17 00:00:00,588.33,ACH,Jennifer Flores,Australia,Wire,Wei Clark,Low,Australia
TXN000717,ACCT00127,CUST0075,2025-03-17 00:00:00,798.95,CashDeposit,Robert Flores,United Kingdom,ATM,Patricia Torres,Medium,Spain
TXN000718,ACCT00140,CUST0084,2025-03-17 00:00:00,1679.44,WireTransfer,Global Partners,Canada,Online,Ahmed Clark,Low,UAE
TXN000719,ACCT00106,CUST0061,2025-03-17 00:00:00,711.84,ACH,Metro Partners,Switzerland,Wire,Michael Flores,Low,Australia
TXN000720,ACCT00038,CUST0021,2025-03-17 15:00:00,9189.05,CashDeposit,Susan Lopez,Syria,Branch,Tatiana Orlova,High,Libya
TXN000721,ACCT00297,CUST0179,2025-03-18 00:00:00,1561.53,WireTransfer,Diego Green,Germany,Branch,Linda Robinson,Medium,Switzerland
TXN000722,ACCT00245,CUST0146,2025-03-18 00:00:00,1246.86,Deposit,Sofia Clark,Ireland,ATM,Yuki Lee,Medium,UAE
TXN000723,ACCT00177,CUST0107,2025-03-18 00:00:00,739.33,Deposit,Richard King,UAE,ATM,Jessica Martin,Low,Australia
TXN000724,ACCT00250,CUST0150,2025-03-18 00:00:00,301.18,WireTransfer,Liam Jackson,Japan,ATM,Elizabeth Jones,Low,Australia
TXN000725,ACCT00309,CUST0188,2025-03-18 00:00:00,1408.03,ACH,Atlas Trading,United States,ATM,Noah Sanchez,Low,Switzerland
TXN000726,ACCT00102,CUST0058,2025-03-18 00:00:00,1060.43,Withdrawal,Union Ventures,Spain,ATM,Joseph Anderson,Medium,Switzerland
TXN000727,ACCT00258,CUST0155,2025-03-18 00:00:00,2004.05,CashDeposit,Elizabeth Rodriguez,Singapore,Wire,Wei White,Low,United Kingdom
TXN000728,ACCT00271,CUST0163,2025-03-18 00:00:00,1936.0,Withdrawal,Emma Walker,France,Wire,Emma Jackson,Low,Germany
TXN000729,ACCT00038,CUST0021,2025-03-18 01:00:00,9635.55,CashDeposit,Michael Jones,Syria,Branch,Tatiana Orlova,High,Libya
TXN000730,ACCT00165,CUST0099,2025-03-19 00:00:00,255.4,Deposit,Ahmed Lee,Switzerland,ATM,Elizabeth Ramirez,Low,UAE
TXN000731,ACCT00290,CUST0175,2025-03-19 00:00:00,219.83,CashDeposit,Linda Clark,Ireland,Branch,Fatima Scott,Medium,Netherlands
TXN000732,ACCT00230,CUST0137,2025-03-19 00:00:00,367.27,ACH,Prime Logistics,Germany,ATM,Chloe Young,Medium,India
TXN000733,ACCT00120,CUST0071,2025-03-19 00:00:00,602.7,ACH,Nova Traders,Switzerland,Online,Jessica Martin,Low,Ireland
TXN000734,ACCT00179,CUST0107,2025-03-19 00:00:00,475.45,ACH,William Harris,Germany,Wire,Jessica Martin,Low,Australia
TXN000735,ACCT00038,CUST0021,2025-03-19 14:00:00,9747.12,CashDeposit,Linda Young,India,Branch,Tatiana Orlova,High,Libya
TXN000736,ACCT00135,CUST0080,2025-03-20 00:00:00,945.25,CashDeposit,Prime Ventures,Germany,Online,Priya Lee,Medium,Canada
TXN000737,ACCT00064,CUST0035,2025-03-20 00:00:00,9000.0,CashDeposit,Arjun Davis,Australia,ATM,Diego Torres,Low,United Kingdom
TXN000738,ACCT00254,CUST0153,2025-03-20 00:00:00,190.43,ACH,Susan Miller,Australia,Branch,Charles Anderson,Low,Ireland
TXN000739,ACCT00046,CUST0027,2025-03-20 00:00:00,1745.88,WireTransfer,Chloe Martin,Ireland,Branch,David Nguyen,Low,India
TXN000740,ACCT00208,CUST0127,2025-03-20 00:00:00,2912.99,ACH,Crown Traders,Germany,ATM,Lucas Jackson,Low,Canada
TXN000741,ACCT00247,CUST0148,2025-03-20 00:00:00,455.98,Deposit,William White,India,Online,Elizabeth Young,Low,United Kingdom
TXN000742,ACCT00306,CUST0186,2025-03-20 00:00:00,266.59,ACH,Michael Hernandez,Netherlands,ATM,Fatima King,Low,Canada
TXN000743,ACCT00228,CUST0137,2025-03-20 00:00:00,1303.68,CashDeposit,Arjun Hernandez,Germany,Online,Chloe Young,Medium,India
TXN000744,ACCT00231,CUST0138,2025-03-20 00:00:00,938.6,Deposit,Sven Nguyen,Japan,ATM,Sofia Rodriguez,Medium,India
TXN000745,ACCT00215,CUST0131,2025-03-20 00:00:00,724.3,Withdrawal,Olga Johnson,Australia,ATM,Robert Lopez,Low,Singapore
TXN000746,ACCT00038,CUST0021,2025-03-20 03:00:00,9380.64,CashDeposit,Nova Group,Afghanistan,Branch,Tatiana Orlova,High,Libya
TXN000747,ACCT00025,CUST0013,2025-03-21 00:00:00,183.38,CashDeposit,Diego Thomas,North Korea,ATM,Jennifer Brown,High,Ireland
TXN000748,ACCT00254,CUST0153,2025-03-21 00:00:00,289.06,ACH,Mary Lewis,India,Branch,Charles Anderson,Low,Ireland
TXN000749,ACCT00087,CUST0048,2025-03-21 00:00:00,251.74,Deposit,Noah Jackson,Switzerland,ATM,Thomas King,Low,Spain
TXN000750,ACCT00072,CUST0039,2025-03-21 00:00:00,879.18,ACH,Sven Brown,India,ATM,Linda Nguyen,Low,Netherlands
TXN000751,ACCT00134,CUST0079,2025-03-21 00:00:00,355.41,WireTransfer,Karen White,India,Online,Jessica Moore,Low,Canada
TXN000752,ACCT00235,CUST0141,2025-03-21 00:00:00,344.65,Deposit,Linda Martinez,United States,Branch,Charles King,Medium,India
TXN000753,ACCT00143,CUST0085,2025-03-21 00:00:00,214.04,ACH,Falcon Trading,Switzerland,Online,Emma Anderson,Low,Japan
TXN000754,ACCT00294,CUST0177,2025-03-21 00:00:00,285.73,ACH,Sofia Anderson,Australia,Branch,Fatima Wilson,Low,Spain
TXN000755,ACCT00289,CUST0174,2025-03-21 00:00:00,160.3,CashDeposit,Sarah Perez,United Kingdom,Wire,Emma Davis,Low,United Kingdom
TXN000756,ACCT00059,CUST0033,2025-03-21 00:00:00,410.27,Deposit,Emma Green,Canada,Branch,Jessica Hernandez,Low,India
TXN000757,ACCT00116,CUST0068,2025-03-22 00:00:00,154.85,Deposit,John Harris,Singapore,Online,Charles Wilson,Medium,Ireland
TXN000758,ACCT00187,CUST0112,2025-03-22 00:00:00,3640.8,CashDeposit,Noah Flores,Australia,Online,Joseph White,Low,France
TXN000759,ACCT00104,CUST0060,2025-03-22 00:00:00,751.95,CashDeposit,Emma Martin,Canada,Wire,Mary Davis,Medium,United Kingdom
TXN000760,ACCT00307,CUST0187,2025-03-22 00:00:00,2896.89,Withdrawal,Michael Scott,UAE,Online,Robert Wright,Low,India
TXN000761,ACCT00171,CUST0104,2025-03-22 00:00:00,163.95,Deposit,Joseph Thompson,Switzerland,ATM,Sarah Torres,Low,Canada
TXN000762,ACCT00235,CUST0141,2025-03-22 00:00:00,361.4,CashDeposit,Charles Williams,India,Branch,Charles King,Medium,India
TXN000763,ACCT00272,CUST0163,2025-03-22 00:00:00,304.95,CashDeposit,Sarah Hernandez,Switzerland,Wire,Emma Jackson,Low,Germany
TXN000764,ACCT00048,CUST0028,2025-03-22 00:00:00,541.01,CashDeposit,Mateo Jackson,United Kingdom,Online,Sven Gonzalez,Low,Canada
TXN000765,ACCT00068,CUST0037,2025-03-22 00:00:00,2822.52,WireTransfer,Linda Lopez,Singapore,Branch,Noah King,Medium,United Kingdom
TXN000766,ACCT00070,CUST0038,2025-03-23 00:00:00,531.32,ACH,Priya Nguyen,United States,Wire,Barbara Jones,Low,Canada
TXN000767,ACCT00294,CUST0177,2025-03-23 00:00:00,1825.25,Withdrawal,Pacific Holdings,United States,Wire,Fatima Wilson,Low,Spain
TXN000768,ACCT00146,CUST0087,2025-03-23 00:00:00,597.31,WireTransfer,Union Trading,Canada,Online,Mia Nguyen,Medium,Canada
TXN000769,ACCT00062,CUST0034,2025-03-23 00:00:00,844.54,Deposit,Karen Gonzalez,France,Branch,William Harris,Low,Japan
TXN000770,ACCT00244,CUST0146,2025-03-23 00:00:00,2816.61,Deposit,Charles Wilson,UAE,Branch,Yuki Lee,Medium,UAE
TXN000771,ACCT00136,CUST0081,2025-03-23 00:00:00,1255.66,CashDeposit,Liam Robinson,Netherlands,Online,Elizabeth Wilson,Low,Japan
TXN000772,ACCT00273,CUST0164,2025-03-23 00:00:00,2196.81,WireTransfer,Sarah Scott,Spain,Online,Thomas Rodriguez,Medium,Switzerland
TXN000773,ACCT00175,CUST0106,2025-03-23 00:00:00,211.55,ACH,Michael Lopez,Australia,Wire,Emma Lewis,Low,Canada
TXN000774,ACCT00001,CUST0001,2025-03-23 00:00:00,269.26,WireTransfer,Liam Robinson,Syria,ATM,Mateo Clark,High,Ireland
TXN000775,ACCT00081,CUST0043,2025-03-24 00:00:00,684.15,Deposit,Union Capital,Ireland,ATM,John Scott,Low,Singapore
TXN000776,ACCT00276,CUST0166,2025-03-24 00:00:00,464.04,Withdrawal,Sunrise Enterprises,United Kingdom,Branch,Arjun Clark,Low,Germany
TXN000777,ACCT00134,CUST0079,2025-03-24 00:00:00,1373.47,Withdrawal,Linda Clark,Switzerland,Wire,Jessica Moore,Low,Canada
TXN000778,ACCT00283,CUST0172,2025-03-24 00:00:00,370.21,WireTransfer,Union Holdings,Germany,Wire,Sofia Lee,Low,Germany
TXN000779,ACCT00244,CUST0146,2025-03-24 00:00:00,828.08,ACH,Mary Thomas,India,Online,Yuki Lee,Medium,UAE
TXN000780,ACCT00098,CUST0056,2025-03-24 00:00:00,2255.29,ACH,Sven Williams,Ireland,ATM,Sven Thomas,Low,United Kingdom
TXN000781,ACCT00019,CUST0009,2025-03-24 00:00:00,20000.0,WireTransfer,Olga Lee,Yemen,Branch,Patricia Anderson,High,North Korea
TXN000782,ACCT00266,CUST0159,2025-03-24 00:00:00,3685.05,ACH,Lucas Perez,Germany,ATM,Camila Thompson,Medium,France
TXN000783,ACCT00089,CUST0049,2025-03-25 00:00:00,233.97,Deposit,Wei Brown,Australia,ATM,Diego Moore,Low,United States
TXN000784,ACCT00089,CUST0049,2025-03-25 00:00:00,504.31,Deposit,Richard Torres,United Kingdom,Online,Diego Moore,Low,United States
TXN000785,ACCT00214,CUST0130,2025-03-25 00:00:00,1729.0,CashDeposit,Linda Brown,Australia,Online,Lucas Hill,Low,Ireland
TXN000786,ACCT00240,CUST0144,2025-03-25 00:00:00,212.37,WireTransfer,Karen Scott,Ireland,Branch,Karen Hill,Low,Switzerland
TXN000787,ACCT00138,CUST0082,2025-03-25 00:00:00,393.83,WireTransfer,Global Group,India,ATM,Sven Brown,Low,Spain
TXN000788,ACCT00282,CUST0171,2025-03-25 00:00:00,75.41,CashDeposit,Sarah Smith,UAE,ATM,Ahmed White,Low,Switzerland
TXN000789,ACCT00289,CUST0174,2025-03-25 00:00:00,446.95,Deposit,Chloe Jackson,United Kingdom,Branch,Emma Davis,Low,United Kingdom
TXN000790,ACCT00001,CUST0001,2025-03-25 00:00:00,7500.0,WireTransfer,Falcon Logistics,Canada,Branch,Mateo Clark,High,Ireland
TXN000791,ACCT00293,CUST0177,2025-03-25 00:00:00,298.89,Deposit,Elizabeth Anderson,Ireland,Wire,Fatima Wilson,Low,Spain
TXN000792,ACCT00306,CUST0186,2025-03-25 00:00:00,205.76,ACH,Barbara Torres,Germany,Wire,Fatima King,Low,Canada
TXN000793,ACCT00001,CUST0001,2025-03-25 00:00:00,1819.46,ACH,Karen Walker,Libya,ATM,Mateo Clark,High,Ireland
TXN000794,ACCT00277,CUST0167,2025-03-26 00:00:00,1862.1,ACH,William Brown,United Kingdom,Branch,Ava King,Low,Spain
TXN000795,ACCT00230,CUST0137,2025-03-26 00:00:00,2969.36,Deposit,Sofia Moore,United Kingdom,Branch,Chloe Young,Medium,India
TXN000796,ACCT00039,CUST0021,2025-03-26 00:00:00,407.71,Deposit,Patricia King,Yemen,Wire,Tatiana Orlova,High,Libya
TXN000797,ACCT00223,CUST0134,2025-03-26 00:00:00,2284.31,Withdrawal,Ethan Nguyen,UAE,Online,Sven Young,Low,Spain
TXN000798,ACCT00015,CUST0007,2025-03-26 00:00:00,46920.16,WireTransfer,Anchor Group,Afghanistan,Wire,Wei Wilson,High,Netherlands
TXN000799,ACCT00149,CUST0090,2025-03-26 00:00:00,616.49,Withdrawal,Diego Flores,Japan,Wire,Jennifer Walker,Low,UAE
TXN000800,ACCT00140,CUST0084,2025-03-26 00:00:00,578.57,Deposit,Sarah Miller,Switzerland,ATM,Ahmed Clark,Low,UAE
TXN000801,ACCT00038,CUST0021,2025-03-26 00:00:00,10000.0,CashDeposit,Sarah Brown,Afghanistan,Branch,Tatiana Orlova,High,Libya
TXN000802,ACCT00247,CUST0148,2025-03-27 00:00:00,191.41,Deposit,Sven Perez,Spain,Wire,Elizabeth Young,Low,United Kingdom
TXN000803,ACCT00016,CUST0007,2025-03-27 00:00:00,204.89,ACH,Chloe Brown,Yemen,ATM,Wei Wilson,High,Netherlands
TXN000804,ACCT00146,CUST0087,2025-03-27 00:00:00,524.43,CashDeposit,Richard Nguyen,Germany,Wire,Mia Nguyen,Medium,Canada
TXN000805,ACCT00172,CUST0104,2025-03-27 00:00:00,2012.16,WireTransfer,Camila Young,Spain,Online,Sarah Torres,Low,Canada
TXN000806,ACCT00105,CUST0060,2025-03-27 00:00:00,9000.0,Deposit,Silver Traders,Australia,Online,Mary Davis,Medium,United Kingdom
TXN000807,ACCT00229,CUST0137,2025-03-27 00:00:00,715.82,CashDeposit,Susan Jones,United Kingdom,Wire,Chloe Young,Medium,India
TXN000808,ACCT00064,CUST0035,2025-03-27 00:00:00,644.91,Withdrawal,William Scott,Singapore,Wire,Diego Torres,Low,United Kingdom
TXN000809,ACCT00326,CUST0199,2025-03-28 00:00:00,805.85,Withdrawal,Crown Logistics,Ireland,ATM,Susan Martinez,Low,Australia
TXN000810,ACCT00199,CUST0122,2025-03-28 00:00:00,275.94,ACH,Jennifer Flores,Germany,ATM,William Smith,Low,India
TXN000811,ACCT00008,CUST0003,2025-03-28 00:00:00,112.31,WireTransfer,Nova Group,Libya,Online,Ahmed Miller,High,Ireland
TXN000812,ACCT00066,CUST0036,2025-03-28 00:00:00,2415.73,WireTransfer,Global Imports,Netherlands,Wire,Mia Scott,Medium,UAE
TXN000813,ACCT00257,CUST0155,2025-03-28 00:00:00,1067.06,CashDeposit,Union Ventures,United States,ATM,Wei White,Low,United Kingdom
TXN000814,ACCT00192,CUST0116,2025-03-28 00:00:00,521.09,Withdrawal,Joseph Garcia,United States,Branch,John Sanchez,Low,Canada
TXN000815,ACCT00202,CUST0123,2025-03-28 00:00:00,421.53,Deposit,Karen Johnson,United States,Branch,Robert Anderson,Low,UAE
TXN000816,ACCT00322,CUST0197,2025-03-28 00:00:00,377.47,Deposit,Emma Martinez,Germany,Online,Linda Clark,Low,Spain
TXN000817,ACCT00183,CUST0109,2025-03-28 00:00:00,1092.44,WireTransfer,Jessica Walker,Switzerland,Wire,Thomas Anderson,Low,UAE
TXN000818,ACCT00243,CUST0145,2025-03-28 00:00:00,1234.76,CashDeposit,Metro Ventures,Japan,Online,Mateo Walker,Medium,Australia
TXN000819,ACCT00084,CUST0046,2025-03-29 00:00:00,49.85,WireTransfer,Chloe Hernandez,France,Online,Michael Rodriguez,Low,UAE
TXN000820,ACCT00099,CUST0057,2025-03-29 00:00:00,417.37,CashDeposit,Diego Robinson,United States,Branch,Robert Walker,Low,India
TXN000821,ACCT00061,CUST0034,2025-03-29 00:00:00,462.92,Deposit,Arjun Walker,Switzerland,Branch,William Harris,Low,Japan
TXN000822,ACCT00086,CUST0047,2025-03-29 00:00:00,2444.86,WireTransfer,Charles Brown,India,Online,Sarah Jackson,Low,Germany
TXN000823,ACCT00153,CUST0092,2025-03-29 00:00:00,851.94,Deposit,Emma Thomas,India,ATM,Elizabeth Thomas,Medium,India
TXN000824,ACCT00227,CUST0136,2025-03-29 00:00:00,1841.17,ACH,William Garcia,Singapore,Online,James Scott,Low,Japan
TXN000825,ACCT00288,CUST0174,2025-03-29 00:00:00,203.56,CashDeposit,Global Imports,France,Wire,Emma Davis,Low,United Kingdom
TXN000826,ACCT00045,CUST0027,2025-03-30 00:00:00,150.0,Withdrawal,Ethan Lee,Japan,Branch,David Nguyen,Low,India
TXN000827,ACCT00048,CUST0028,2025-03-30 00:00:00,10000.0,CashDeposit,Nova Logistics,UAE,Branch,Sven Gonzalez,Low,Canada
TXN000828,ACCT00128,CUST0075,2025-03-30 00:00:00,560.11,ACH,Ahmed Moore,Ireland,Branch,Patricia Torres,Medium,Spain
TXN000829,ACCT00265,CUST0159,2025-03-30 00:00:00,168.6,Withdrawal,William Miller,UAE,Online,Camila Thompson,Medium,France
TXN000830,ACCT00304,CUST0185,2025-03-30 00:00:00,2089.67,CashDeposit,Barbara Williams,Switzerland,ATM,Sven Wright,Low,UAE
TXN000831,ACCT00262,CUST0158,2025-03-30 00:00:00,792.57,WireTransfer,Ava Miller,Spain,Online,Thomas Smith,Low,France
TXN000832,ACCT00016,CUST0007,2025-03-30 00:00:00,46.56,WireTransfer,Silver Holdings,Australia,Branch,Wei Wilson,High,Netherlands
TXN000833,ACCT00208,CUST0127,2025-03-31 00:00:00,206.9,ACH,Mary Ramirez,United Kingdom,ATM,Lucas Jackson,Low,Canada
TXN000834,ACCT00287,CUST0173,2025-03-31 00:00:00,240.84,CashDeposit,Jessica White,Australia,ATM,Karen Clark,Low,United Kingdom
TXN000835,ACCT00079,CUST0042,2025-03-31 00:00:00,106.04,WireTransfer,Metro Trading,India,Online,Arjun Jones,Low,India
TXN000836,ACCT00133,CUST0078,2025-03-31 00:00:00,1281.65,Deposit,Horizon Trading,Spain,ATM,Thomas Thomas,Medium,France
TXN000837,ACCT00254,CUST0153,2025-03-31 00:00:00,463.32,Withdrawal,Joseph Wright,Singapore,ATM,Charles Anderson,Low,Ireland
TXN000838,ACCT00325,CUST0198,2025-03-31 00:00:00,445.06,Withdrawal,Diego Jones,Netherlands,Online,Patricia Jackson,Low,France
TXN000839,ACCT00110,CUST0063,2025-03-31 00:00:00,795.99,Deposit,Silver Partners,UAE,Online,Diego Smith,Low,Ireland
TXN000840,ACCT00254,CUST0153,2025-03-31 00:00:00,679.9,Withdrawal,Diego King,Australia,ATM,Charles Anderson,Low,Ireland
TXN000841,ACCT00050,CUST0029,2025-03-31 00:00:00,632.85,CashDeposit,Summit Logistics,Spain,Branch,Sven Robinson,Low,Switzerland
TXN000842,ACCT00250,CUST0150,2025-03-31 00:00:00,922.07,WireTransfer,Robert King,Australia,Branch,Elizabeth Jones,Low,Australia
TXN000843,ACCT00220,CUST0133,2025-03-31 00:00:00,2374.05,CashDeposit,Wei Jackson,Australia,Wire,Wei Clark,Low,Australia
TXN000844,ACCT00223,CUST0134,2025-03-31 00:00:00,395.99,ACH,Silver Partners,Spain,ATM,Sven Young,Low,Spain
TXN000845,ACCT00202,CUST0123,2025-04-01 00:00:00,440.1,CashDeposit,Mary Green,Spain,Online,Robert Anderson,Low,UAE
TXN000846,ACCT00210,CUST0129,2025-04-01 00:00:00,274.05,Withdrawal,Elizabeth Davis,Switzerland,ATM,Robert Ramirez,Medium,Netherlands
TXN000847,ACCT00316,CUST0192,2025-04-01 00:00:00,1641.62,CashDeposit,Thomas Jones,Japan,Branch,Sofia Wilson,Low,Japan
TXN000848,ACCT00124,CUST0074,2025-04-01 00:00:00,253.56,WireTransfer,Pacific Logistics,UAE,Online,James Miller,Low,Germany
TXN000849,ACCT00037,CUST0020,2025-04-02 00:00:00,15000.0,WireTransfer,Noah Clark,Venezuela,Branch,Viktor Kessler,High,Canada
TXN000850,ACCT00127,CUST0075,2025-04-02 00:00:00,534.24,ACH,William Johnson,France,Wire,Patricia Torres,Medium,Spain
TXN000851,ACCT00070,CUST0038,2025-04-02 00:00:00,247.24,ACH,Horizon Traders,India,Online,Barbara Jones,Low,Canada
TXN000852,ACCT00249,CUST0149,2025-04-02 00:00:00,875.45,Deposit,Susan Rodriguez,India,Wire,Michael Lewis,Low,United States
TXN000853,ACCT00178,CUST0107,2025-04-02 00:00:00,318.31,WireTransfer,Horizon Ventures,Japan,ATM,Jessica Martin,Low,Australia
TXN000854,ACCT00102,CUST0058,2025-04-02 00:00:00,319.07,Withdrawal,Nova Traders,United States,Wire,Joseph Anderson,Medium,Switzerland
TXN000855,ACCT00175,CUST0106,2025-04-02 00:00:00,217.66,WireTransfer,Joseph Gonzalez,Netherlands,Online,Emma Lewis,Low,Canada
TXN000856,ACCT00163,CUST0098,2025-04-02 00:00:00,412.06,ACH,Yuki Williams,United States,Wire,Sven Young,Medium,Switzerland
TXN000857,ACCT00089,CUST0049,2025-04-02 00:00:00,1139.44,ACH,Silver Enterprises,United States,Online,Diego Moore,Low,United States
TXN000858,ACCT00005,CUST0002,2025-04-02 00:00:00,2315.38,CashDeposit,Mary Martin,Myanmar,Wire,William Ramirez,High,Yemen
TXN000859,ACCT00147,CUST0088,2025-04-02 00:00:00,2732.56,CashDeposit,Wei Walker,Canada,Branch,Barbara Brown,Low,Japan
TXN000860,ACCT00215,CUST0131,2025-04-02 00:00:00,129.09,WireTransfer,Falcon Partners,Switzerland,Branch,Robert Lopez,Low,Singapore
TXN000861,ACCT00283,CUST0172,2025-04-02 00:00:00,424.87,ACH,Arjun Lopez,Spain,Branch,Sofia Lee,Low,Germany
TXN000862,ACCT00310,CUST0189,2025-04-03 00:00:00,48.39,Deposit,Nova Freight,Australia,Branch,Jennifer Lee,Low,United Kingdom
TXN000863,ACCT00130,CUST0077,2025-04-03 00:00:00,322.06,WireTransfer,Thomas Smith,India,Wire,Liam Ramirez,Medium,UAE
TXN000864,ACCT00312,CUST0190,2025-04-03 00:00:00,570.89,Deposit,Arjun Wilson,UAE,Wire,Mia Torres,Medium,Singapore
TXN000865,ACCT00072,CUST0039,2025-04-03 00:00:00,191.74,CashDeposit,Atlas Trading,UAE,Online,Linda Nguyen,Low,Netherlands
TXN000866,ACCT00217,CUST0132,2025-04-03 00:00:00,391.91,WireTransfer,Ahmed Lee,India,Online,Mia Ramirez,Medium,Spain
TXN000867,ACCT00083,CUST0045,2025-04-03 00:00:00,788.72,ACH,Karen Thompson,Switzerland,Branch,Karen Green,Low,United States
TXN000868,ACCT00306,CUST0186,2025-04-03 00:00:00,447.58,Deposit,Elizabeth Lopez,UAE,Online,Fatima King,Low,Canada
TXN000869,ACCT00138,CUST0082,2025-04-03 00:00:00,776.81,ACH,Chloe Jackson,Switzerland,Online,Sven Brown,Low,Spain
TXN000870,ACCT00156,CUST0095,2025-04-04 00:00:00,657.15,ACH,Pacific Traders,Canada,Wire,Ahmed Sanchez,Medium,Canada
TXN000871,ACCT00186,CUST0111,2025-04-04 00:00:00,319.2,Withdrawal,Barbara Williams,UAE,Online,Mia Wright,Low,Spain
TXN000872,ACCT00189,CUST0114,2025-04-04 00:00:00,271.76,CashDeposit,Diego Johnson,India,ATM,Emma Miller,Low,Netherlands
TXN000873,ACCT00108,CUST0061,2025-04-04 00:00:00,244.86,WireTransfer,Sven Hernandez,United Kingdom,Branch,Michael Flores,Low,Australia
TXN000874,ACCT00286,CUST0173,2025-04-04 00:00:00,912.66,WireTransfer,Chloe Perez,India,ATM,Karen Clark,Low,United Kingdom
TXN000875,ACCT00271,CUST0163,2025-04-04 00:00:00,6658.43,Withdrawal,Linda Green,Netherlands,ATM,Emma Jackson,Low,Germany
TXN000876,ACCT00207,CUST0126,2025-04-04 00:00:00,633.4,CashDeposit,Thomas Sanchez,United Kingdom,ATM,Elizabeth Jones,Low,United Kingdom
TXN000877,ACCT00016,CUST0007,2025-04-04 00:00:00,83.23,WireTransfer,Lucas Harris,Venezuela,Online,Wei Wilson,High,Netherlands
TXN000878,ACCT00265,CUST0159,2025-04-04 00:00:00,695.91,ACH,John Robinson,Switzerland,Branch,Camila Thompson,Medium,France
TXN000879,ACCT00049,CUST0029,2025-04-05 00:00:00,871.02,Withdrawal,Crown Partners,Germany,ATM,Sven Robinson,Low,Switzerland
TXN000880,ACCT00129,CUST0076,2025-04-05 00:00:00,2053.62,ACH,Mateo Wright,Japan,Branch,Yuki Wright,Medium,Netherlands
TXN000881,ACCT00064,CUST0035,2025-04-05 00:00:00,1970.15,Deposit,Arjun Jones,Ireland,ATM,Diego Torres,Low,United Kingdom
TXN000882,ACCT00243,CUST0145,2025-04-05 00:00:00,499.61,CashDeposit,Delta Trading,Switzerland,Branch,Mateo Walker,Medium,Australia
TXN000883,ACCT00068,CUST0037,2025-04-05 00:00:00,1373.55,Deposit,Joseph Flores,Netherlands,ATM,Noah King,Medium,United Kingdom
TXN000884,ACCT00188,CUST0113,2025-04-05 00:00:00,3039.0,WireTransfer,Priya Gonzalez,Germany,Wire,Sarah Williams,Medium,Singapore
TXN000885,ACCT00085,CUST0047,2025-04-05 00:00:00,261.58,WireTransfer,John Harris,UAE,Wire,Sarah Jackson,Low,Germany
TXN000886,ACCT00009,CUST0004,2025-04-05 00:00:00,13305.14,WireTransfer,Viktor Kessler,Venezuela,Wire,Yuki Scott,High,Afghanistan
TXN000887,ACCT00224,CUST0135,2025-04-05 00:00:00,551.81,CashDeposit,Joseph Gonzalez,Canada,Wire,Yuki Garcia,Low,France
TXN000888,ACCT00287,CUST0173,2025-04-05 00:00:00,1496.37,WireTransfer,Barbara Hill,India,Branch,Karen Clark,Low,United Kingdom
TXN000889,ACCT00146,CUST0087,2025-04-06 00:00:00,1138.07,Withdrawal,Summit Imports,France,Online,Mia Nguyen,Medium,Canada
TXN000890,ACCT00273,CUST0164,2025-04-06 00:00:00,288.78,Withdrawal,Liam Miller,France,Branch,Thomas Rodriguez,Medium,Switzerland
TXN000891,ACCT00261,CUST0157,2025-04-06 00:00:00,379.7,CashDeposit,Noah Lopez,UAE,ATM,Jessica Young,Low,United Kingdom
TXN000892,ACCT00259,CUST0156,2025-04-06 00:00:00,197.09,Withdrawal,Lucas Moore,Switzerland,Online,Barbara Hernandez,Low,Canada
TXN000893,ACCT00088,CUST0048,2025-04-06 00:00:00,5796.46,ACH,Karen Hill,Singapore,ATM,Thomas King,Low,Spain
TXN000894,ACCT00134,CUST0079,2025-04-06 00:00:00,251.73,ACH,Pacific Imports,United States,ATM,Jessica Moore,Low,Canada
TXN000895,ACCT00005,CUST0002,2025-04-06 00:00:00,27354.63,WireTransfer,Vantage Import Group,Venezuela,Wire,William Ramirez,High,Yemen
TXN000896,ACCT00257,CUST0155,2025-04-06 00:00:00,1547.33,Deposit,Prime Enterprises,Spain,Branch,Wei White,Low,United Kingdom
TXN000897,ACCT00064,CUST0035,2025-04-06 00:00:00,764.59,CashDeposit,Sarah Flores,Australia,ATM,Diego Torres,Low,United Kingdom
TXN000898,ACCT00174,CUST0105,2025-04-06 00:00:00,761.83,WireTransfer,Global Imports,Ireland,Branch,Sven Young,Medium,Ireland
TXN000899,ACCT00212,CUST0130,2025-04-06 00:00:00,2666.01,Deposit,Joseph Wilson,United States,Branch,Lucas Hill,Low,Ireland
TXN000900,ACCT00317,CUST0193,2025-04-06 00:00:00,1945.45,CashDeposit,Silver Logistics,Japan,Online,Yuki Sanchez,Low,UAE
TXN000901,ACCT00092,CUST0052,2025-04-07 00:00:00,846.2,Deposit,James Young,Switzerland,Wire,Sofia Martinez,Low,United Kingdom
TXN000902,ACCT00313,CUST0191,2025-04-07 00:00:00,120.53,CashDeposit,Priya Hill,Canada,Wire,Liam Flores,Low,Canada
TXN000903,ACCT00272,CUST0163,2025-04-07 00:00:00,301.6,ACH,Jennifer Garcia,France,Branch,Emma Jackson,Low,Germany
TXN000904,ACCT00137,CUST0082,2025-04-07 00:00:00,1071.01,CashDeposit,Silver Trading,UAE,Wire,Sven Brown,Low,Spain
TXN000905,ACCT00086,CUST0047,2025-04-07 00:00:00,362.96,Deposit,Ava Perez,Spain,Branch,Sarah Jackson,Low,Germany
TXN000906,ACCT00288,CUST0174,2025-04-07 00:00:00,340.32,ACH,Ethan Hernandez,Canada,Online,Emma Davis,Low,United Kingdom
TXN000907,ACCT00061,CUST0034,2025-04-07 00:00:00,405.96,Deposit,Crown Enterprises,United Kingdom,Online,William Harris,Low,Japan
TXN000908,ACCT00212,CUST0130,2025-04-07 00:00:00,1433.98,Withdrawal,William Sanchez,Ireland,ATM,Lucas Hill,Low,Ireland
TXN000909,ACCT00123,CUST0073,2025-04-07 00:00:00,2145.75,ACH,Karen King,Spain,Online,Lucas Gonzalez,Low,India
TXN000910,ACCT00240,CUST0144,2025-04-07 00:00:00,1906.06,CashDeposit,Nova Partners,UAE,ATM,Karen Hill,Low,Switzerland
TXN000911,ACCT00266,CUST0159,2025-04-07 00:00:00,72.47,Withdrawal,Metro Enterprises,United States,Branch,Camila Thompson,Medium,France
TXN000912,ACCT00038,CUST0021,2025-04-07 00:00:00,1252.54,Withdrawal,David Wilson,Myanmar,Wire,Tatiana Orlova,High,Libya
TXN000913,ACCT00134,CUST0079,2025-04-08 00:00:00,1111.08,WireTransfer,Priya Williams,United Kingdom,Branch,Jessica Moore,Low,Canada
TXN000914,ACCT00016,CUST0007,2025-04-08 00:00:00,7500.0,CashDeposit,Joseph Perez,Canada,Branch,Wei Wilson,High,Netherlands
TXN000915,ACCT00008,CUST0003,2025-04-08 00:00:00,1587.01,Deposit,Susan Sanchez,UAE,Wire,Ahmed Miller,High,Ireland
TXN000916,ACCT00217,CUST0132,2025-04-08 00:00:00,376.02,ACH,Crown Trading,Canada,ATM,Mia Ramirez,Medium,Spain
TXN000917,ACCT00114,CUST0066,2025-04-08 00:00:00,44.56,Withdrawal,Ethan Ramirez,UAE,Wire,Charles Torres,Low,Germany
TXN000918,ACCT00160,CUST0096,2025-04-08 00:00:00,1010.7,Withdrawal,Chloe Torres,Singapore,Wire,Karen Flores,Low,Ireland
TXN000919,ACCT00073,CUST0040,2025-04-08 00:00:00,574.21,WireTransfer,Karen Lee,UAE,Wire,Sven Hill,Low,Singapore
TXN000920,ACCT00300,CUST0182,2025-04-08 00:00:00,1036.42,ACH,Robert Thomas,Switzerland,Online,Elizabeth Flores,Medium,United Kingdom
TXN000921,ACCT00159,CUST0096,2025-04-09 00:00:00,1770.22,Deposit,Michael Wilson,Switzerland,Branch,Karen Flores,Low,Ireland
TXN000922,ACCT00064,CUST0035,2025-04-09 00:00:00,369.16,Deposit,Thomas Williams,Australia,Wire,Diego Torres,Low,United Kingdom
TXN000923,ACCT00080,CUST0043,2025-04-09 00:00:00,341.01,Deposit,Falcon Freight,Netherlands,Branch,John Scott,Low,Singapore
TXN000924,ACCT00004,CUST0002,2025-04-09 00:00:00,2443.17,Deposit,Barbara Smith,Libya,ATM,William Ramirez,High,Yemen
TXN000925,ACCT00256,CUST0155,2025-04-09 00:00:00,307.74,CashDeposit,Mary Brown,Spain,ATM,Wei White,Low,United Kingdom
TXN000926,ACCT00174,CUST0105,2025-04-09 00:00:00,330.55,CashDeposit,Sunrise Enterprises,UAE,Online,Sven Young,Medium,Ireland
TXN000927,ACCT00031,CUST0017,2025-04-09 00:00:00,2387.32,Withdrawal,Summit Freight,Venezuela,Branch,Thomas King,High,Spain
TXN000928,ACCT00047,CUST0028,2025-04-09 00:00:00,1272.37,WireTransfer,Anchor Group,Canada,Branch,Sven Gonzalez,Low,Canada
TXN000929,ACCT00147,CUST0088,2025-04-09 00:00:00,459.63,CashDeposit,Metro Logistics,Singapore,Branch,Barbara Brown,Low,Japan
TXN000930,ACCT00210,CUST0129,2025-04-09 00:00:00,551.52,ACH,Pacific Freight,France,ATM,Robert Ramirez,Medium,Netherlands
TXN000931,ACCT00108,CUST0061,2025-04-09 00:00:00,2482.73,CashDeposit,Noah King,Netherlands,Branch,Michael Flores,Low,Australia
TXN000932,ACCT00299,CUST0181,2025-04-09 00:00:00,518.34,WireTransfer,Mia Rodriguez,Australia,Wire,Sofia Wilson,Low,Germany
TXN000933,ACCT00136,CUST0081,2025-04-09 00:00:00,308.23,ACH,Sofia Thompson,Ireland,ATM,Elizabeth Wilson,Low,Japan
TXN000934,ACCT00314,CUST0191,2025-04-10 00:00:00,128.14,Withdrawal,Linda Davis,United States,Wire,Liam Flores,Low,Canada
TXN000935,ACCT00300,CUST0182,2025-04-10 00:00:00,121.25,WireTransfer,Union Imports,France,Wire,Elizabeth Flores,Medium,United Kingdom
TXN000936,ACCT00268,CUST0160,2025-04-10 00:00:00,909.72,WireTransfer,John Smith,UAE,ATM,Thomas Robinson,Low,Spain
TXN000937,ACCT00277,CUST0167,2025-04-10 00:00:00,2190.11,Withdrawal,Chloe Young,France,Wire,Ava King,Low,Spain
TXN000938,ACCT00303,CUST0185,2025-04-10 00:00:00,229.47,Deposit,Charles Martin,Germany,Online,Sven Wright,Low,UAE
TXN000939,ACCT00306,CUST0186,2025-04-10 00:00:00,1168.1,CashDeposit,James Lee,Germany,Wire,Fatima King,Low,Canada
TXN000940,ACCT00187,CUST0112,2025-04-10 00:00:00,1056.99,Deposit,Karen Lee,Germany,Online,Joseph White,Low,France
TXN000941,ACCT00241,CUST0144,2025-04-10 00:00:00,178.73,ACH,Ahmed Ramirez,United States,ATM,Karen Hill,Low,Switzerland
TXN000942,ACCT00279,CUST0169,2025-04-10 00:00:00,178.43,WireTransfer,Mia Lee,Japan,ATM,Olga Torres,Low,Canada
TXN000943,ACCT00052,CUST0030,2025-04-10 00:00:00,7500.0,WireTransfer,Charles Williams,Canada,Branch,Olga Perez,Low,Germany
TXN000944,ACCT00290,CUST0175,2025-04-10 00:00:00,1522.68,Deposit,Horizon Trading,Singapore,Online,Fatima Scott,Medium,Netherlands
TXN000945,ACCT00291,CUST0176,2025-04-11 00:00:00,423.29,WireTransfer,Union Capital,UAE,Online,Michael Young,Low,France
TXN000946,ACCT00128,CUST0075,2025-04-11 00:00:00,707.06,Deposit,Michael Martinez,UAE,ATM,Patricia Torres,Medium,Spain
TXN000947,ACCT00111,CUST0064,2025-04-11 00:00:00,2012.39,Withdrawal,Crown Holdings,France,ATM,Diego Jones,Low,Netherlands
TXN000948,ACCT00276,CUST0166,2025-04-11 00:00:00,1382.13,Deposit,Wei Lewis,Netherlands,Online,Arjun Clark,Low,Germany
TXN000949,ACCT00248,CUST0148,2025-04-11 00:00:00,286.66,ACH,Yuki Garcia,Japan,ATM,Elizabeth Young,Low,United Kingdom
TXN000950,ACCT00262,CUST0158,2025-04-12 00:00:00,4435.03,CashDeposit,Anchor Trading,Netherlands,ATM,Thomas Smith,Low,France
TXN000951,ACCT00001,CUST0001,2025-04-12 00:00:00,281.35,CashDeposit,Delta Capital,Iran,Wire,Mateo Clark,High,Ireland
TXN000952,ACCT00212,CUST0130,2025-04-12 00:00:00,975.54,ACH,Crown Partners,India,Online,Lucas Hill,Low,Ireland
TXN000953,ACCT00098,CUST0056,2025-04-12 00:00:00,407.95,Deposit,Nova Exchange,Australia,Wire,Sven Thomas,Low,United Kingdom
TXN000954,ACCT00187,CUST0112,2025-04-12 00:00:00,2725.64,Deposit,Lucas Smith,Netherlands,Online,Joseph White,Low,France
TXN000955,ACCT00023,CUST0011,2025-04-12 00:00:00,30000.0,CashDeposit,Chloe Taylor,Iran,Branch,Thomas Rodriguez,High,UAE
TXN000956,ACCT00193,CUST0117,2025-04-12 00:00:00,979.27,Withdrawal,Jessica Hernandez,United Kingdom,Branch,Elizabeth Nguyen,Medium,Canada
TXN000957,ACCT00270,CUST0162,2025-04-12 00:00:00,289.47,Withdrawal,Camila Taylor,United Kingdom,Wire,Olga Moore,Low,Ireland
TXN000958,ACCT00223,CUST0134,2025-04-12 00:00:00,351.89,ACH,Anchor Traders,Germany,Wire,Sven Young,Low,Spain
TXN000959,ACCT00020,CUST0010,2025-04-12 01:00:00,9881.3,CashDeposit,Thomas Hernandez,Switzerland,Branch,Arjun Wilson,High,Switzerland
TXN000960,ACCT00292,CUST0176,2025-04-13 00:00:00,317.55,WireTransfer,Noah Moore,Japan,Online,Michael Young,Low,France
TXN000961,ACCT00294,CUST0177,2025-04-13 00:00:00,609.45,WireTransfer,Sunrise Imports,Ireland,Wire,Fatima Wilson,Low,Spain
TXN000962,ACCT00096,CUST0055,2025-04-13 00:00:00,799.95,WireTransfer,Delta Freight,United Kingdom,Wire,Barbara Clark,Low,United Kingdom
TXN000963,ACCT00312,CUST0190,2025-04-13 00:00:00,744.21,WireTransfer,Susan Williams,Spain,ATM,Mia Torres,Medium,Singapore
TXN000964,ACCT00056,CUST0032,2025-04-13 00:00:00,482.82,CashDeposit,Jennifer Torres,UAE,Branch,Sofia Miller,Medium,Spain
TXN000965,ACCT00301,CUST0183,2025-04-13 00:00:00,684.89,Withdrawal,James Rodriguez,Netherlands,Online,Thomas Lopez,Low,United Kingdom
TXN000966,ACCT00066,CUST0036,2025-04-13 00:00:00,512.14,WireTransfer,Jennifer Davis,Ireland,Online,Mia Scott,Medium,UAE
TXN000967,ACCT00102,CUST0058,2025-04-13 00:00:00,391.88,ACH,Lucas Flores,Japan,Wire,Joseph Anderson,Medium,Switzerland
TXN000968,ACCT00098,CUST0056,2025-04-13 00:00:00,1975.84,WireTransfer,Sunrise Imports,Netherlands,ATM,Sven Thomas,Low,United Kingdom
TXN000969,ACCT00037,CUST0020,2025-04-13 00:00:00,716.2,WireTransfer,Richard Johnson,Ireland,Branch,Viktor Kessler,High,Canada
TXN000970,ACCT00020,CUST0010,2025-04-13 09:00:00,9763.68,CashDeposit,Metro Imports,UAE,Branch,Arjun Wilson,High,Switzerland
TXN000971,ACCT00118,CUST0070,2025-04-14 00:00:00,410.32,Withdrawal,Global Exchange,Germany,ATM,Jennifer Jackson,Low,Switzerland
TXN000972,ACCT00267,CUST0159,2025-04-14 00:00:00,371.75,Deposit,Union Freight,France,ATM,Camila Thompson,Medium,France
TXN000973,ACCT00219,CUST0132,2025-04-14 00:00:00,2353.61,WireTransfer,Summit Imports,Switzerland,Branch,Mia Ramirez,Medium,Spain
TXN000974,ACCT00003,CUST0002,2025-04-14 00:00:00,745.26,CashDeposit,Prime Partners,UAE,ATM,William Ramirez,High,Yemen
TXN000975,ACCT00097,CUST0055,2025-04-14 00:00:00,561.05,Withdrawal,Anchor Ventures,United Kingdom,ATM,Barbara Clark,Low,United Kingdom
TXN000976,ACCT00328,CUST0200,2025-04-14 00:00:00,393.22,Deposit,Chloe Flores,Singapore,Wire,Linda Moore,Low,Spain
TXN000977,ACCT00216,CUST0131,2025-04-14 00:00:00,257.52,CashDeposit,Nova Ventures,Australia,ATM,Robert Lopez,Low,Singapore
TXN000978,ACCT00292,CUST0176,2025-04-14 00:00:00,165.63,Deposit,Summit Capital,Canada,Online,Michael Young,Low,France
TXN000979,ACCT00150,CUST0090,2025-04-14 00:00:00,255.59,ACH,Sunrise Freight,Canada,Online,Jennifer Walker,Low,UAE
TXN000980,ACCT00209,CUST0128,2025-04-14 00:00:00,807.63,Withdrawal,Fatima Green,France,Online,Olga Moore,Low,Singapore
TXN000981,ACCT00020,CUST0010,2025-04-14 18:00:00,9123.26,CashDeposit,Joseph Johnson,Afghanistan,Branch,Arjun Wilson,High,Switzerland
TXN000982,ACCT00277,CUST0167,2025-04-15 00:00:00,1591.31,CashDeposit,Noah Perez,Germany,ATM,Ava King,Low,Spain
TXN000983,ACCT00165,CUST0099,2025-04-15 00:00:00,104.98,WireTransfer,David Robinson,UAE,Wire,Elizabeth Ramirez,Low,UAE
TXN000984,ACCT00086,CUST0047,2025-04-15 00:00:00,408.34,CashDeposit,Mateo Rodriguez,France,Branch,Sarah Jackson,Low,Germany
TXN000985,ACCT00046,CUST0027,2025-04-15 00:00:00,697.82,CashDeposit,Michael Green,Australia,Branch,David Nguyen,Low,India
TXN000986,ACCT00130,CUST0077,2025-04-15 00:00:00,205.9,Deposit,Richard White,Switzerland,ATM,Liam Ramirez,Medium,UAE
TXN000987,ACCT00137,CUST0082,2025-04-15 00:00:00,1490.88,CashDeposit,Diego White,United Kingdom,Wire,Sven Brown,Low,Spain
TXN000988,ACCT00020,CUST0010,2025-04-15 00:00:00,9271.28,CashDeposit,John Smith,Venezuela,Branch,Arjun Wilson,High,Switzerland
TXN000989,ACCT00301,CUST0183,2025-04-15 00:00:00,598.17,Deposit,Silver Exchange,United States,Online,Thomas Lopez,Low,United Kingdom
TXN000990,ACCT00278,CUST0168,2025-04-15 00:00:00,532.34,CashDeposit,Ava Thomas,Netherlands,Online,Charles Perez,Low,United Kingdom
TXN000991,ACCT00139,CUST0083,2025-04-15 00:00:00,1557.59,Deposit,David Davis,Singapore,ATM,Mary Nguyen,Low,India
TXN000992,ACCT00005,CUST0002,2025-04-16 00:00:00,408.55,Deposit,Patricia Thomas,Libya,Branch,William Ramirez,High,Yemen
TXN000993,ACCT00116,CUST0068,2025-04-16 00:00:00,488.23,Withdrawal,Noah Hernandez,France,Online,Charles Wilson,Medium,Ireland
TXN000994,ACCT00244,CUST0146,2025-04-16 00:00:00,717.57,ACH,Jessica Young,Germany,ATM,Yuki Lee,Medium,UAE
TXN000995,ACCT00155,CUST0094,2025-04-16 00:00:00,674.7,Deposit,Sarah Scott,Japan,Online,William Martin,Medium,Netherlands
TXN000996,ACCT00090,CUST0050,2025-04-16 00:00:00,1290.62,CashDeposit,Mary Garcia,United Kingdom,Online,Thomas Hernandez,Medium,Singapore
TXN000997,ACCT00167,CUST0100,2025-04-16 00:00:00,872.62,Deposit,Mary Johnson,United Kingdom,ATM,Mateo Walker,Low,Netherlands
TXN000998,ACCT00306,CUST0186,2025-04-16 00:00:00,598.97,CashDeposit,Susan Wilson,Switzerland,Wire,Fatima King,Low,Canada
TXN000999,ACCT00298,CUST0180,2025-04-16 00:00:00,122.8,Deposit,James Lopez,Netherlands,ATM,Patricia Perez,Low,United Kingdom
TXN001000,ACCT00027,CUST0014,2025-04-16 00:00:00,158.48,CashDeposit,Elizabeth Moore,Iran,Online,Ethan Jones,High,India
TXN001001,ACCT00001,CUST0001,2025-04-16 06:00:00,9653.97,CashDeposit,David Thompson,Japan,Branch,Mateo Clark,High,Ireland
TXN001002,ACCT00020,CUST0010,2025-04-16 10:00:00,9772.34,CashDeposit,John Harris,North Korea,Branch,Arjun Wilson,High,Switzerland
TXN001003,ACCT00301,CUST0183,2025-04-17 00:00:00,385.25,WireTransfer,Anchor Capital,United Kingdom,Branch,Thomas Lopez,Low,United Kingdom
TXN001004,ACCT00188,CUST0113,2025-04-17 00:00:00,534.83,WireTransfer,Arjun Ramirez,Spain,ATM,Sarah Williams,Medium,Singapore
TXN001005,ACCT00142,CUST0085,2025-04-17 00:00:00,3301.9,CashDeposit,Emma Miller,United Kingdom,Branch,Emma Anderson,Low,Japan
TXN001006,ACCT00104,CUST0060,2025-04-17 00:00:00,256.38,WireTransfer,Barbara Gonzalez,Switzerland,Branch,Mary Davis,Medium,United Kingdom
TXN001007,ACCT00001,CUST0001,2025-04-17 19:00:00,9112.84,CashDeposit,Noah Flores,Japan,Branch,Mateo Clark,High,Ireland
TXN001008,ACCT00023,CUST0011,2025-04-18 00:00:00,583.86,CashDeposit,William Green,Netherlands,ATM,Thomas Rodriguez,High,UAE
TXN001009,ACCT00267,CUST0159,2025-04-18 00:00:00,545.7,CashDeposit,Lucas Hernandez,United States,Branch,Camila Thompson,Medium,France
TXN001010,ACCT00278,CUST0168,2025-04-18 00:00:00,1539.89,CashDeposit,Falcon Partners,UAE,ATM,Charles Perez,Low,United Kingdom
TXN001011,ACCT00183,CUST0109,2025-04-18 00:00:00,695.25,WireTransfer,John Robinson,Australia,Branch,Thomas Anderson,Low,UAE
TXN001012,ACCT00312,CUST0190,2025-04-18 00:00:00,558.46,ACH,Thomas Harris,Netherlands,Online,Mia Torres,Medium,Singapore
TXN001013,ACCT00214,CUST0130,2025-04-18 00:00:00,733.68,WireTransfer,Noah Moore,Spain,Online,Lucas Hill,Low,Ireland
TXN001014,ACCT00096,CUST0055,2025-04-18 00:00:00,144.65,WireTransfer,Liam Martin,Switzerland,Branch,Barbara Clark,Low,United Kingdom
TXN001015,ACCT00109,CUST0062,2025-04-18 00:00:00,204.58,ACH,David Smith,United States,ATM,Ethan King,Low,Germany
TXN001016,ACCT00113,CUST0066,2025-04-18 00:00:00,263.13,WireTransfer,Fatima Hernandez,Germany,Wire,Charles Torres,Low,Germany
TXN001017,ACCT00001,CUST0001,2025-04-18 01:00:00,9365.79,CashDeposit,Ava Wright,United States,Branch,Mateo Clark,High,Ireland
TXN001018,ACCT00119,CUST0070,2025-04-19 00:00:00,538.54,ACH,Sarah Green,Canada,Online,Jennifer Jackson,Low,Switzerland
TXN001019,ACCT00268,CUST0160,2025-04-19 00:00:00,641.73,Deposit,Elizabeth Johnson,Canada,ATM,Thomas Robinson,Low,Spain
TXN001020,ACCT00238,CUST0142,2025-04-19 00:00:00,281.6,Withdrawal,Liam Moore,Switzerland,ATM,Sofia Martinez,Low,Singapore
TXN001021,ACCT00150,CUST0090,2025-04-19 00:00:00,4041.41,Deposit,Richard Young,India,Online,Jennifer Walker,Low,UAE
TXN001022,ACCT00050,CUST0029,2025-04-19 00:00:00,171.01,Deposit,Mateo Walker,Singapore,ATM,Sven Robinson,Low,Switzerland
TXN001023,ACCT00101,CUST0057,2025-04-19 00:00:00,1389.7,Deposit,John Torres,Australia,ATM,Robert Walker,Low,India
TXN001024,ACCT00282,CUST0171,2025-04-19 00:00:00,554.74,Withdrawal,Barbara King,Spain,ATM,Ahmed White,Low,Switzerland
TXN001025,ACCT00315,CUST0191,2025-04-19 00:00:00,120.92,ACH,Horizon Traders,Japan,Online,Liam Flores,Low,Canada
TXN001026,ACCT00001,CUST0001,2025-04-19 12:00:00,9532.19,CashDeposit,Fatima Thomas,Iran,Branch,Mateo Clark,High,Ireland
TXN001027,ACCT00329,CUST0200,2025-04-20 00:00:00,443.92,ACH,Linda Sanchez,United Kingdom,Online,Linda Moore,Low,Spain
TXN001028,ACCT00268,CUST0160,2025-04-20 00:00:00,1322.22,CashDeposit,Mia Young,United Kingdom,ATM,Thomas Robinson,Low,Spain
TXN001029,ACCT00133,CUST0078,2025-04-20 00:00:00,451.01,Deposit,Liam Williams,Germany,Wire,Thomas Thomas,Medium,France
TXN001030,ACCT00091,CUST0051,2025-04-20 00:00:00,392.05,CashDeposit,Horizon Holdings,Japan,Online,Linda Jones,Low,Singapore
TXN001031,ACCT00097,CUST0055,2025-04-20 00:00:00,548.04,WireTransfer,Falcon Trading,Japan,Wire,Barbara Clark,Low,United Kingdom
TXN001032,ACCT00144,CUST0086,2025-04-20 00:00:00,47.52,Deposit,Anchor Freight,Spain,Online,Olga Hernandez,Low,Singapore
TXN001033,ACCT00056,CUST0032,2025-04-20 00:00:00,1255.35,CashDeposit,Sofia Green,Ireland,Wire,Sofia Miller,Medium,Spain
TXN001034,ACCT00001,CUST0001,2025-04-20 08:00:00,9005.42,CashDeposit,Ethan Martinez,Switzerland,Branch,Mateo Clark,High,Ireland
TXN001035,ACCT00301,CUST0183,2025-04-21 00:00:00,310.93,WireTransfer,Silver Enterprises,United States,Online,Thomas Lopez,Low,United Kingdom
TXN001036,ACCT00297,CUST0179,2025-04-21 00:00:00,732.87,Deposit,Noah Anderson,Japan,Online,Linda Robinson,Medium,Switzerland
TXN001037,ACCT00028,CUST0015,2025-04-21 00:00:00,30000.0,CashDeposit,Fatima Garcia,Spain,Branch,Sofia Smith,High,Ireland
TXN001038,ACCT00286,CUST0173,2025-04-21 00:00:00,440.36,WireTransfer,Mia Davis,Germany,Branch,Karen Clark,Low,United Kingdom
TXN001039,ACCT00054,CUST0031,2025-04-21 00:00:00,533.27,ACH,Joseph Clark,Spain,Wire,David Ramirez,Low,France
TXN001040,ACCT00085,CUST0047,2025-04-21 00:00:00,799.0,CashDeposit,James Ramirez,Spain,Wire,Sarah Jackson,Low,Germany
TXN001041,ACCT00295,CUST0178,2025-04-21 00:00:00,1150.92,Withdrawal,Liam Johnson,United Kingdom,Online,Fatima Scott,Low,Australia
TXN001042,ACCT00099,CUST0057,2025-04-21 00:00:00,390.45,WireTransfer,Anchor Logistics,Japan,Online,Robert Walker,Low,India
TXN001043,ACCT00045,CUST0027,2025-04-21 00:00:00,992.68,ACH,Sven Williams,UAE,Online,David Nguyen,Low,India
TXN001044,ACCT00172,CUST0104,2025-04-21 00:00:00,1431.48,Deposit,Summit Trading,United Kingdom,Online,Sarah Torres,Low,Canada
TXN001045,ACCT00229,CUST0137,2025-04-21 00:00:00,1973.85,ACH,David Martin,India,Online,Chloe Young,Medium,India
TXN001046,ACCT00201,CUST0122,2025-04-21 00:00:00,500.26,ACH,Karen Perez,Singapore,ATM,William Smith,Low,India
TXN001047,ACCT00147,CUST0088,2025-04-21 00:00:00,181.61,WireTransfer,Sunrise Imports,Germany,Branch,Barbara Brown,Low,Japan
TXN001048,ACCT00155,CUST0094,2025-04-22 00:00:00,139.18,WireTransfer,James Ramirez,United States,Branch,William Martin,Medium,Netherlands
TXN001049,ACCT00246,CUST0147,2025-04-22 00:00:00,774.67,WireTransfer,Nova Partners,United States,Branch,Sven Williams,Low,UAE
TXN001050,ACCT00081,CUST0043,2025-04-22 00:00:00,1793.71,CashDeposit,Jennifer Flores,UAE,Branch,John Scott,Low,Singapore
TXN001051,ACCT00090,CUST0050,2025-04-22 00:00:00,181.85,Withdrawal,Mateo Smith,United Kingdom,ATM,Thomas Hernandez,Medium,Singapore
TXN001052,ACCT00278,CUST0168,2025-04-22 00:00:00,2248.9,ACH,Arjun Thomas,United States,Branch,Charles Perez,Low,United Kingdom
TXN001053,ACCT00243,CUST0145,2025-04-22 00:00:00,539.68,WireTransfer,Atlas Traders,Netherlands,Branch,Mateo Walker,Medium,Australia
TXN001054,ACCT00264,CUST0158,2025-04-22 00:00:00,479.61,Withdrawal,Summit Holdings,UAE,Branch,Thomas Smith,Low,France
TXN001055,ACCT00287,CUST0173,2025-04-22 00:00:00,1111.67,Withdrawal,Fatima Anderson,France,ATM,Karen Clark,Low,United Kingdom
TXN001056,ACCT00300,CUST0182,2025-04-22 00:00:00,291.2,Deposit,Karen Gonzalez,UAE,ATM,Elizabeth Flores,Medium,United Kingdom
TXN001057,ACCT00175,CUST0106,2025-04-22 00:00:00,417.05,ACH,Ava Lopez,United States,ATM,Emma Lewis,Low,Canada
TXN001058,ACCT00077,CUST0041,2025-04-22 00:00:00,328.65,Withdrawal,Sunrise Enterprises,Ireland,Branch,Arjun Thomas,Low,Japan
TXN001059,ACCT00008,CUST0003,2025-04-22 00:00:00,264.5,ACH,James Wilson,Australia,Online,Ahmed Miller,High,Ireland
TXN001060,ACCT00298,CUST0180,2025-04-23 00:00:00,611.6,ACH,Ahmed Moore,United States,Online,Patricia Perez,Low,United Kingdom
TXN001061,ACCT00047,CUST0028,2025-04-23 00:00:00,755.82,Withdrawal,Sven Scott,Ireland,Branch,Sven Gonzalez,Low,Canada
TXN001062,ACCT00061,CUST0034,2025-04-23 00:00:00,184.38,WireTransfer,Ava Green,Japan,Branch,William Harris,Low,Japan
TXN001063,ACCT00220,CUST0133,2025-04-23 00:00:00,256.74,CashDeposit,Michael Anderson,UAE,ATM,Wei Clark,Low,Australia
TXN001064,ACCT00118,CUST0070,2025-04-23 00:00:00,3334.98,Deposit,Union Group,UAE,Online,Jennifer Jackson,Low,Switzerland
TXN001065,ACCT00038,CUST0021,2025-04-23 00:00:00,55771.67,WireTransfer,Silver Freight,North Korea,Wire,Tatiana Orlova,High,Libya
TXN001066,ACCT00296,CUST0178,2025-04-23 00:00:00,3037.28,ACH,Liam Jackson,Japan,Online,Fatima Scott,Low,Australia
TXN001067,ACCT00256,CUST0155,2025-04-23 00:00:00,1163.95,ACH,Arjun Rodriguez,Spain,Online,Wei White,Low,United Kingdom
TXN001068,ACCT00249,CUST0149,2025-04-23 00:00:00,1937.12,Deposit,Diego Scott,Netherlands,Online,Michael Lewis,Low,United States
TXN001069,ACCT00282,CUST0171,2025-04-23 00:00:00,245.88,WireTransfer,Yuki Hernandez,France,Wire,Ahmed White,Low,Switzerland
TXN001070,ACCT00299,CUST0181,2025-04-24 00:00:00,940.71,WireTransfer,Nova Ventures,Ireland,ATM,Sofia Wilson,Low,Germany
TXN001071,ACCT00166,CUST0099,2025-04-24 00:00:00,347.23,Deposit,Sarah Robinson,United Kingdom,ATM,Elizabeth Ramirez,Low,UAE
TXN001072,ACCT00090,CUST0050,2025-04-24 00:00:00,882.34,Withdrawal,Sunrise Imports,UAE,Online,Thomas Hernandez,Medium,Singapore
TXN001073,ACCT00252,CUST0151,2025-04-24 00:00:00,939.24,Withdrawal,Falcon Enterprises,Canada,Branch,Olga Garcia,Medium,Spain
TXN001074,ACCT00317,CUST0193,2025-04-24 00:00:00,3011.25,Withdrawal,Pacific Enterprises,Japan,Online,Yuki Sanchez,Low,UAE
TXN001075,ACCT00110,CUST0063,2025-04-24 00:00:00,754.74,Deposit,Wei Gonzalez,Switzerland,ATM,Diego Smith,Low,Ireland
TXN001076,ACCT00261,CUST0157,2025-04-25 00:00:00,206.1,Deposit,Linda King,France,Online,Jessica Young,Low,United Kingdom
TXN001077,ACCT00170,CUST0103,2025-04-25 00:00:00,3559.81,CashDeposit,Camila White,Japan,Branch,Emma Wilson,Low,Ireland
TXN001078,ACCT00104,CUST0060,2025-04-25 00:00:00,496.8,ACH,Robert Torres,Australia,ATM,Mary Davis,Medium,United Kingdom
TXN001079,ACCT00041,CUST0023,2025-04-25 00:00:00,1567.83,ACH,Fatima Lewis,Libya,ATM,Richard Martin,High,India
TXN001080,ACCT00258,CUST0155,2025-04-25 00:00:00,921.35,WireTransfer,Union Freight,Switzerland,ATM,Wei White,Low,United Kingdom
TXN001081,ACCT00261,CUST0157,2025-04-25 00:00:00,1975.88,CashDeposit,Fatima White,Singapore,Branch,Jessica Young,Low,United Kingdom
TXN001082,ACCT00146,CUST0087,2025-04-25 00:00:00,1300.13,ACH,Pacific Holdings,Canada,Wire,Mia Nguyen,Medium,Canada
TXN001083,ACCT00040,CUST0022,2025-04-25 00:00:00,1889.68,CashDeposit,Pacific Partners,Myanmar,Wire,Dragan Petrov,High,Singapore
TXN001084,ACCT00164,CUST0098,2025-04-25 00:00:00,2023.71,CashDeposit,Ava Brown,Singapore,Wire,Sven Young,Medium,Switzerland
TXN001085,ACCT00113,CUST0066,2025-04-25 00:00:00,228.65,Withdrawal,Pacific Traders,Netherlands,Wire,Charles Torres,Low,Germany
TXN001086,ACCT00305,CUST0186,2025-04-25 00:00:00,841.61,CashDeposit,Metro Imports,United States,Branch,Fatima King,Low,Canada
TXN001087,ACCT00254,CUST0153,2025-04-25 00:00:00,110.31,WireTransfer,Olga Nguyen,Ireland,Online,Charles Anderson,Low,Ireland
TXN001088,ACCT00182,CUST0108,2025-04-25 00:00:00,954.74,Withdrawal,Sven Johnson,Netherlands,Branch,Diego Torres,Low,Australia
TXN001089,ACCT00200,CUST0122,2025-04-25 00:00:00,1248.29,Withdrawal,Susan Martinez,Germany,Online,William Smith,Low,India
TXN001090,ACCT00207,CUST0126,2025-04-25 00:00:00,3381.11,Deposit,Noah Nguyen,United States,Branch,Elizabeth Jones,Low,United Kingdom
TXN001091,ACCT00294,CUST0177,2025-04-26 00:00:00,162.91,Withdrawal,Liam Thompson,Japan,Online,Fatima Wilson,Low,Spain
TXN001092,ACCT00095,CUST0054,2025-04-26 00:00:00,832.71,CashDeposit,Michael Hill,UAE,Branch,Sofia Clark,Low,UAE
TXN001093,ACCT00029,CUST0016,2025-04-26 00:00:00,48387.52,WireTransfer,Union Group,Syria,Wire,Priya Davis,High,Iran
TXN001094,ACCT00192,CUST0116,2025-04-26 00:00:00,1962.09,Deposit,Chloe Miller,UAE,Branch,John Sanchez,Low,Canada
TXN001095,ACCT00274,CUST0164,2025-04-26 00:00:00,473.84,WireTransfer,Thomas Scott,Japan,Online,Thomas Rodriguez,Medium,Switzerland
TXN001096,ACCT00224,CUST0135,2025-04-26 00:00:00,701.56,WireTransfer,Robert Lee,United States,Wire,Yuki Garcia,Low,France
TXN001097,ACCT00198,CUST0121,2025-04-26 00:00:00,752.61,Withdrawal,Global Exchange,Spain,Wire,Susan Taylor,Low,United Kingdom
TXN001098,ACCT00115,CUST0067,2025-04-27 00:00:00,3622.98,Withdrawal,Falcon Group,India,Online,Barbara Green,Low,France
TXN001099,ACCT00111,CUST0064,2025-04-27 00:00:00,1002.07,CashDeposit,Mary Scott,Germany,ATM,Diego Jones,Low,Netherlands
TXN001100,ACCT00032,CUST0018,2025-04-27 00:00:00,1194.52,Withdrawal,Arjun Moore,India,ATM,Amara Solis,High,Syria
TXN001101,ACCT00277,CUST0167,2025-04-27 00:00:00,212.08,ACH,Ahmed Scott,UAE,ATM,Ava King,Low,Spain
TXN001102,ACCT00020,CUST0010,2025-04-27 00:00:00,57564.49,WireTransfer,Crown Capital,Yemen,Wire,Arjun Wilson,High,Switzerland
TXN001103,ACCT00153,CUST0092,2025-04-27 00:00:00,735.48,CashDeposit,Prime Holdings,Ireland,Online,Elizabeth Thomas,Medium,India
TXN001104,ACCT00138,CUST0082,2025-04-27 00:00:00,2040.66,ACH,Charles Anderson,United Kingdom,Wire,Sven Brown,Low,Spain
TXN001105,ACCT00186,CUST0111,2025-04-27 00:00:00,660.82,Withdrawal,Crown Holdings,Switzerland,ATM,Mia Wright,Low,Spain
TXN001106,ACCT00228,CUST0137,2025-04-28 00:00:00,2332.77,WireTransfer,William Anderson,France,ATM,Chloe Young,Medium,India
TXN001107,ACCT00051,CUST0030,2025-04-28 00:00:00,1851.07,Deposit,Sunrise Capital,Germany,ATM,Olga Perez,Low,Germany
TXN001108,ACCT00228,CUST0137,2025-04-28 00:00:00,1280.08,ACH,Joseph Garcia,United Kingdom,ATM,Chloe Young,Medium,India
TXN001109,ACCT00251,CUST0151,2025-04-28 00:00:00,6492.49,WireTransfer,Charles Gonzalez,Singapore,ATM,Olga Garcia,Medium,Spain
TXN001110,ACCT00247,CUST0148,2025-04-28 00:00:00,311.73,Withdrawal,Sofia Wright,UAE,ATM,Elizabeth Young,Low,United Kingdom
TXN001111,ACCT00061,CUST0034,2025-04-28 00:00:00,116.78,Withdrawal,David Wright,India,ATM,William Harris,Low,Japan
TXN001112,ACCT00316,CUST0192,2025-04-28 00:00:00,849.13,CashDeposit,Global Partners,Ireland,ATM,Sofia Wilson,Low,Japan
TXN001113,ACCT00258,CUST0155,2025-04-28 00:00:00,1180.49,CashDeposit,Thomas King,UAE,Wire,Wei White,Low,United Kingdom
TXN001114,ACCT00243,CUST0145,2025-04-29 00:00:00,80.25,Withdrawal,Union Logistics,UAE,Branch,Mateo Walker,Medium,Australia
TXN001115,ACCT00068,CUST0037,2025-04-29 00:00:00,1312.87,Withdrawal,Anchor Enterprises,Australia,Branch,Noah King,Medium,United Kingdom
TXN001116,ACCT00242,CUST0145,2025-04-29 00:00:00,3599.11,Deposit,Sofia Scott,France,ATM,Mateo Walker,Medium,Australia
TXN001117,ACCT00320,CUST0195,2025-04-29 00:00:00,291.7,ACH,Global Enterprises,Netherlands,Branch,Jennifer Garcia,Low,Canada
TXN001118,ACCT00159,CUST0096,2025-04-29 00:00:00,1055.81,Deposit,Noah Lee,India,Branch,Karen Flores,Low,Ireland
TXN001119,ACCT00310,CUST0189,2025-04-29 00:00:00,3584.41,WireTransfer,Thomas Rodriguez,France,ATM,Jennifer Lee,Low,United Kingdom
TXN001120,ACCT00052,CUST0030,2025-04-29 00:00:00,20000.0,WireTransfer,Anchor Holdings,Canada,Branch,Olga Perez,Low,Germany
TXN001121,ACCT00142,CUST0085,2025-04-29 00:00:00,506.22,Withdrawal,Liam Wright,Ireland,Online,Emma Anderson,Low,Japan
TXN001122,ACCT00301,CUST0183,2025-04-29 00:00:00,134.88,CashDeposit,Jessica Johnson,Spain,ATM,Thomas Lopez,Low,United Kingdom
TXN001123,ACCT00159,CUST0096,2025-04-29 00:00:00,1455.92,Withdrawal,Ahmed Clark,United Kingdom,Branch,Karen Flores,Low,Ireland
TXN001124,ACCT00311,CUST0190,2025-04-29 00:00:00,1078.62,CashDeposit,Summit Holdings,Australia,Online,Mia Torres,Medium,Singapore
TXN001125,ACCT00080,CUST0043,2025-04-30 00:00:00,1538.39,ACH,Metro Exchange,India,Wire,John Scott,Low,Singapore
TXN001126,ACCT00277,CUST0167,2025-04-30 00:00:00,715.42,CashDeposit,Sarah Brown,France,ATM,Ava King,Low,Spain
TXN001127,ACCT00257,CUST0155,2025-04-30 00:00:00,187.79,ACH,Jessica Davis,Spain,Online,Wei White,Low,United Kingdom
TXN001128,ACCT00201,CUST0122,2025-04-30 00:00:00,514.82,CashDeposit,Mia Lee,United Kingdom,Wire,William Smith,Low,India
TXN001129,ACCT00176,CUST0106,2025-04-30 00:00:00,1929.23,CashDeposit,Sarah Nguyen,Japan,Branch,Emma Lewis,Low,Canada
TXN001130,ACCT00273,CUST0164,2025-04-30 00:00:00,257.78,Withdrawal,James Perez,UAE,Wire,Thomas Rodriguez,Medium,Switzerland
TXN001131,ACCT00247,CUST0148,2025-04-30 00:00:00,886.37,Deposit,Richard Rodriguez,Germany,Online,Elizabeth Young,Low,United Kingdom
TXN001132,ACCT00111,CUST0064,2025-04-30 00:00:00,1352.15,CashDeposit,Diego Green,India,Branch,Diego Jones,Low,Netherlands
TXN001133,ACCT00304,CUST0185,2025-04-30 00:00:00,806.38,ACH,Elizabeth Clark,India,Online,Sven Wright,Low,UAE
TXN001134,ACCT00011,CUST0005,2025-04-30 00:00:00,50309.91,WireTransfer,Horizon Freight,North Korea,Wire,Fatima Nguyen,High,Myanmar
TXN001135,ACCT00327,CUST0200,2025-04-30 00:00:00,834.67,WireTransfer,Charles King,Australia,Online,Linda Moore,Low,Spain
TXN001136,ACCT00285,CUST0173,2025-04-30 00:00:00,194.72,Deposit,Liam Harris,Canada,Branch,Karen Clark,Low,United Kingdom
TXN001137,ACCT00025,CUST0013,2025-04-30 11:00:00,9688.57,CashDeposit,Thomas Martinez,North Korea,Branch,Jennifer Brown,High,Ireland
TXN001138,ACCT00231,CUST0138,2025-05-01 00:00:00,239.97,ACH,Olga Ramirez,Japan,Wire,Sofia Rodriguez,Medium,India
TXN001139,ACCT00215,CUST0131,2025-05-01 00:00:00,417.17,Deposit,Sven Perez,Australia,ATM,Robert Lopez,Low,Singapore
TXN001140,ACCT00235,CUST0141,2025-05-01 00:00:00,657.91,WireTransfer,Sunrise Traders,Germany,ATM,Charles King,Medium,India
TXN001141,ACCT00296,CUST0178,2025-05-01 00:00:00,1068.42,Deposit,Sofia Martin,Switzerland,Wire,Fatima Scott,Low,Australia
TXN001142,ACCT00018,CUST0009,2025-05-01 00:00:00,44096.53,WireTransfer,Summit Trading,Iran,Wire,Patricia Anderson,High,North Korea
TXN001143,ACCT00104,CUST0060,2025-05-01 00:00:00,3376.78,Withdrawal,Thomas Thompson,United States,Branch,Mary Davis,Medium,United Kingdom
TXN001144,ACCT00326,CUST0199,2025-05-01 00:00:00,1704.76,WireTransfer,Sven Scott,Canada,Wire,Susan Martinez,Low,Australia
TXN001145,ACCT00219,CUST0132,2025-05-01 00:00:00,285.34,ACH,Falcon Exchange,Switzerland,Branch,Mia Ramirez,Medium,Spain
TXN001146,ACCT00306,CUST0186,2025-05-01 00:00:00,606.08,CashDeposit,William Clark,Australia,Branch,Fatima King,Low,Canada
TXN001147,ACCT00271,CUST0163,2025-05-01 00:00:00,1820.99,WireTransfer,Jennifer Lewis,United Kingdom,Wire,Emma Jackson,Low,Germany
TXN001148,ACCT00218,CUST0132,2025-05-01 00:00:00,169.3,ACH,Falcon Enterprises,France,ATM,Mia Ramirez,Medium,Spain
TXN001149,ACCT00161,CUST0096,2025-05-01 00:00:00,661.43,ACH,Summit Trading,Canada,Wire,Karen Flores,Low,Ireland
TXN001150,ACCT00232,CUST0139,2025-05-01 00:00:00,1693.29,WireTransfer,Priya Hernandez,Netherlands,Online,Ethan Thomas,Low,France
TXN001151,ACCT00258,CUST0155,2025-05-01 00:00:00,496.01,ACH,Fatima Smith,Spain,Online,Wei White,Low,United Kingdom
TXN001152,ACCT00039,CUST0021,2025-05-01 00:00:00,929.32,Deposit,Emma Martinez,Canada,Branch,Tatiana Orlova,High,Libya
TXN001153,ACCT00096,CUST0055,2025-05-01 00:00:00,5226.53,ACH,Global Imports,Canada,Online,Barbara Clark,Low,United Kingdom
TXN001154,ACCT00124,CUST0074,2025-05-01 00:00:00,2237.95,ACH,James Brown,Switzerland,Wire,James Miller,Low,Germany
TXN001155,ACCT00160,CUST0096,2025-05-01 00:00:00,9000.0,ACH,Chloe Williams,Ireland,Branch,Karen Flores,Low,Ireland
TXN001156,ACCT00061,CUST0034,2025-05-01 00:00:00,1438.99,WireTransfer,Prime Holdings,Germany,Branch,William Harris,Low,Japan
TXN001157,ACCT00228,CUST0137,2025-05-01 00:00:00,6975.82,Deposit,John Miller,Netherlands,Online,Chloe Young,Medium,India
TXN001158,ACCT00025,CUST0013,2025-05-01 12:00:00,9768.67,CashDeposit,Ethan Robinson,Ireland,Branch,Jennifer Brown,High,Ireland
TXN001159,ACCT00278,CUST0168,2025-05-02 00:00:00,1929.8,CashDeposit,Sofia Young,United Kingdom,Branch,Charles Perez,Low,United Kingdom
TXN001160,ACCT00311,CUST0190,2025-05-02 00:00:00,2008.1,Withdrawal,Anchor Ventures,India,Wire,Mia Torres,Medium,Singapore
TXN001161,ACCT00263,CUST0158,2025-05-02 00:00:00,174.74,ACH,Mary Green,Spain,Wire,Thomas Smith,Low,France
TXN001162,ACCT00108,CUST0061,2025-05-02 00:00:00,523.78,ACH,Horizon Enterprises,Canada,Wire,Michael Flores,Low,Australia
TXN001163,ACCT00289,CUST0174,2025-05-02 00:00:00,1874.48,ACH,Ahmed Flores,Canada,Online,Emma Davis,Low,United Kingdom
TXN001164,ACCT00087,CUST0048,2025-05-02 00:00:00,762.45,Deposit,Camila Taylor,Australia,Branch,Thomas King,Low,Spain
TXN001165,ACCT00129,CUST0076,2025-05-02 00:00:00,3901.5,Deposit,Summit Imports,United Kingdom,Online,Yuki Wright,Medium,Netherlands
TXN001166,ACCT00026,CUST0013,2025-05-02 00:00:00,25000.0,CashDeposit,Emma Hill,Singapore,Branch,Jennifer Brown,High,Ireland
TXN001167,ACCT00025,CUST0013,2025-05-02 05:00:00,9204.37,CashDeposit,Silver Exchange,Syria,Branch,Jennifer Brown,High,Ireland
TXN001168,ACCT00292,CUST0176,2025-05-03 00:00:00,792.77,WireTransfer,Prime Ventures,France,Branch,Michael Young,Low,France
TXN001169,ACCT00008,CUST0003,2025-05-03 00:00:00,2580.24,CashDeposit,Wei Martin,Japan,ATM,Ahmed Miller,High,Ireland
TXN001170,ACCT00240,CUST0144,2025-05-03 00:00:00,541.14,Deposit,Pacific Capital,United Kingdom,ATM,Karen Hill,Low,Switzerland
TXN001171,ACCT00292,CUST0176,2025-05-03 00:00:00,765.01,Withdrawal,Barbara White,India,ATM,Michael Young,Low,France
TXN001172,ACCT00141,CUST0084,2025-05-03 00:00:00,157.36,WireTransfer,Atlas Partners,Singapore,Online,Ahmed Clark,Low,UAE
TXN001173,ACCT00151,CUST0091,2025-05-03 00:00:00,867.73,Deposit,Falcon Traders,France,Branch,John Williams,Low,Germany
TXN001174,ACCT00318,CUST0194,2025-05-03 00:00:00,1201.61,CashDeposit,Chloe Martin,United States,Branch,Thomas White,Low,Canada
TXN001175,ACCT00025,CUST0013,2025-05-03 11:00:00,9694.53,CashDeposit,Robert Thompson,Libya,Branch,Jennifer Brown,High,Ireland
TXN001176,ACCT00007,CUST0003,2025-05-04 00:00:00,399.41,Withdrawal,Patricia Torres,United Kingdom,ATM,Ahmed Miller,High,Ireland
TXN001177,ACCT00165,CUST0099,2025-05-04 00:00:00,176.61,WireTransfer,Priya Hill,Australia,Branch,Elizabeth Ramirez,Low,UAE
TXN001178,ACCT00251,CUST0151,2025-05-04 00:00:00,4773.64,CashDeposit,Priya Rodriguez,Spain,Online,Olga Garcia,Medium,Spain
TXN001179,ACCT00151,CUST0091,2025-05-04 00:00:00,486.36,Deposit,Pacific Freight,United Kingdom,Wire,John Williams,Low,Germany
TXN001180,ACCT00146,CUST0087,2025-05-04 00:00:00,555.78,CashDeposit,Olga Brown,Germany,Wire,Mia Nguyen,Medium,Canada
TXN001181,ACCT00142,CUST0085,2025-05-04 00:00:00,2287.29,WireTransfer,Lucas Walker,Netherlands,Branch,Emma Anderson,Low,Japan
TXN001182,ACCT00227,CUST0136,2025-05-04 00:00:00,496.58,Withdrawal,Sarah Torres,Netherlands,Online,James Scott,Low,Japan
TXN001183,ACCT00288,CUST0174,2025-05-04 00:00:00,445.9,ACH,Delta Logistics,Ireland,Online,Emma Davis,Low,United Kingdom
TXN001184,ACCT00250,CUST0150,2025-05-04 00:00:00,1401.12,ACH,Mary Green,Netherlands,Wire,Elizabeth Jones,Low,Australia
TXN001185,ACCT00025,CUST0013,2025-05-04 02:00:00,9397.39,CashDeposit,Metro Enterprises,Myanmar,Branch,Jennifer Brown,High,Ireland
TXN001186,ACCT00277,CUST0167,2025-05-05 00:00:00,217.12,WireTransfer,Atlas Group,India,Online,Ava King,Low,Spain
TXN001187,ACCT00178,CUST0107,2025-05-05 00:00:00,82.1,CashDeposit,Horizon Trading,United States,Wire,Jessica Martin,Low,Australia
TXN001188,ACCT00082,CUST0044,2025-05-05 00:00:00,260.0,Withdrawal,Karen Miller,United Kingdom,Branch,Jessica White,Low,United Kingdom
TXN001189,ACCT00103,CUST0059,2025-05-05 00:00:00,1642.43,Withdrawal,Olga Brown,Netherlands,ATM,John Moore,Medium,Switzerland
TXN001190,ACCT00053,CUST0031,2025-05-05 00:00:00,1073.71,Deposit,David King,Netherlands,Online,David Ramirez,Low,France
TXN001191,ACCT00126,CUST0075,2025-05-05 00:00:00,463.21,Withdrawal,Jennifer Miller,Ireland,Online,Patricia Torres,Medium,Spain
TXN001192,ACCT00014,CUST0007,2025-05-05 00:00:00,649.29,CashDeposit,Yuki Anderson,Yemen,Online,Wei Wilson,High,Netherlands
TXN001193,ACCT00025,CUST0013,2025-05-05 03:00:00,9325.49,CashDeposit,Mateo Anderson,Ireland,Branch,Jennifer Brown,High,Ireland
TXN001194,ACCT00027,CUST0014,2025-05-06 00:00:00,469.65,Withdrawal,Horizon Freight,United States,Branch,Ethan Jones,High,India
TXN001195,ACCT00105,CUST0060,2025-05-06 00:00:00,434.26,ACH,Jennifer Moore,France,ATM,Mary Davis,Medium,United Kingdom
TXN001196,ACCT00200,CUST0122,2025-05-06 00:00:00,1239.81,CashDeposit,Mary Young,Switzerland,Online,William Smith,Low,India
TXN001197,ACCT00052,CUST0030,2025-05-06 00:00:00,10000.0,WireTransfer,Falcon Logistics,Ireland,Branch,Olga Perez,Low,Germany
TXN001198,ACCT00315,CUST0191,2025-05-06 00:00:00,513.84,Withdrawal,Patricia Smith,Germany,ATM,Liam Flores,Low,Canada
TXN001199,ACCT00113,CUST0066,2025-05-06 00:00:00,713.41,Withdrawal,Silver Holdings,United States,Online,Charles Torres,Low,Germany
TXN001200,ACCT00250,CUST0150,2025-05-06 00:00:00,1343.3,ACH,Fatima Wright,Switzerland,ATM,Elizabeth Jones,Low,Australia
TXN001201,ACCT00182,CUST0108,2025-05-06 00:00:00,2779.86,CashDeposit,Yuki King,Germany,Wire,Diego Torres,Low,Australia
TXN001202,ACCT00122,CUST0073,2025-05-06 00:00:00,93.75,ACH,Silver Partners,Netherlands,Online,Lucas Gonzalez,Low,India
TXN001203,ACCT00166,CUST0099,2025-05-06 00:00:00,818.33,Withdrawal,Richard Taylor,Spain,Wire,Elizabeth Ramirez,Low,UAE
TXN001204,ACCT00265,CUST0159,2025-05-06 00:00:00,389.43,ACH,Delta Group,India,ATM,Camila Thompson,Medium,France
TXN001205,ACCT00128,CUST0075,2025-05-06 00:00:00,107.26,Deposit,Karen Flores,Germany,Branch,Patricia Torres,Medium,Spain
TXN001206,ACCT00070,CUST0038,2025-05-06 00:00:00,220.61,CashDeposit,Union Group,UAE,Wire,Barbara Jones,Low,Canada
TXN001207,ACCT00245,CUST0146,2025-05-06 00:00:00,245.26,WireTransfer,Noah Thomas,Spain,Branch,Yuki Lee,Medium,UAE
TXN001208,ACCT00222,CUST0134,2025-05-06 00:00:00,102.97,Deposit,Jessica Flores,Japan,Wire,Sven Young,Low,Spain
TXN001209,ACCT00008,CUST0003,2025-05-06 00:00:00,191.59,ACH,Emma Robinson,Libya,ATM,Ahmed Miller,High,Ireland
TXN001210,ACCT00123,CUST0073,2025-05-07 00:00:00,332.56,CashDeposit,Prime Freight,United States,Online,Lucas Gonzalez,Low,India
TXN001211,ACCT00068,CUST0037,2025-05-07 00:00:00,1156.41,ACH,Delta Exchange,Ireland,Wire,Noah King,Medium,United Kingdom
TXN001212,ACCT00156,CUST0095,2025-05-07 00:00:00,2191.86,Withdrawal,Metro Enterprises,India,Branch,Ahmed Sanchez,Medium,Canada
TXN001213,ACCT00201,CUST0122,2025-05-07 00:00:00,396.85,CashDeposit,Liam Walker,Canada,Online,William Smith,Low,India
TXN001214,ACCT00293,CUST0177,2025-05-07 00:00:00,259.16,WireTransfer,Chloe Thompson,UAE,Online,Fatima Wilson,Low,Spain
TXN001215,ACCT00062,CUST0034,2025-05-07 00:00:00,1022.54,Deposit,Michael Wright,India,Online,William Harris,Low,Japan
TXN001216,ACCT00290,CUST0175,2025-05-07 00:00:00,2431.01,CashDeposit,Olga Hernandez,Canada,ATM,Fatima Scott,Medium,Netherlands
TXN001217,ACCT00277,CUST0167,2025-05-07 00:00:00,2273.82,Deposit,Richard Williams,Australia,ATM,Ava King,Low,Spain
TXN001218,ACCT00011,CUST0005,2025-05-07 00:00:00,1123.22,Deposit,Elizabeth Harris,Venezuela,Branch,Fatima Nguyen,High,Myanmar
TXN001219,ACCT00085,CUST0047,2025-05-07 00:00:00,655.04,Withdrawal,Mia Martinez,Japan,ATM,Sarah Jackson,Low,Germany
TXN001220,ACCT00170,CUST0103,2025-05-08 00:00:00,609.87,Deposit,Noah Wright,Japan,Online,Emma Wilson,Low,Ireland
TXN001221,ACCT00116,CUST0068,2025-05-08 00:00:00,566.72,Withdrawal,Barbara Nguyen,India,Wire,Charles Wilson,Medium,Ireland
TXN001222,ACCT00201,CUST0122,2025-05-08 00:00:00,1074.32,CashDeposit,Crown Enterprises,Spain,Online,William Smith,Low,India
TXN001223,ACCT00178,CUST0107,2025-05-08 00:00:00,744.38,Withdrawal,Delta Logistics,Singapore,Branch,Jessica Martin,Low,Australia
TXN001224,ACCT00062,CUST0034,2025-05-08 00:00:00,640.84,Withdrawal,Priya Brown,Canada,Wire,William Harris,Low,Japan
TXN001225,ACCT00273,CUST0164,2025-05-08 00:00:00,4437.15,WireTransfer,Sven Miller,Spain,Online,Thomas Rodriguez,Medium,Switzerland
TXN001226,ACCT00269,CUST0161,2025-05-08 00:00:00,1262.11,Deposit,Olga Young,United States,Branch,Jessica Harris,Low,Australia
TXN001227,ACCT00155,CUST0094,2025-05-08 00:00:00,175.86,ACH,Michael Taylor,Japan,Wire,William Martin,Medium,Netherlands
TXN001228,ACCT00193,CUST0117,2025-05-08 00:00:00,179.07,Withdrawal,Karen Perez,United Kingdom,ATM,Elizabeth Nguyen,Medium,Canada
TXN001229,ACCT00025,CUST0013,2025-05-08 00:00:00,644.87,CashDeposit,Summit Freight,UAE,ATM,Jennifer Brown,High,Ireland
TXN001230,ACCT00161,CUST0096,2025-05-09 00:00:00,221.37,CashDeposit,Wei Anderson,India,Online,Karen Flores,Low,Ireland
TXN001231,ACCT00097,CUST0055,2025-05-09 00:00:00,2914.72,ACH,Arjun Perez,Germany,Branch,Barbara Clark,Low,United Kingdom
TXN001232,ACCT00048,CUST0028,2025-05-09 00:00:00,593.13,CashDeposit,Thomas Clark,Netherlands,Branch,Sven Gonzalez,Low,Canada
TXN001233,ACCT00049,CUST0029,2025-05-09 00:00:00,1349.81,Deposit,Priya Thompson,UAE,Online,Sven Robinson,Low,Switzerland
TXN001234,ACCT00275,CUST0165,2025-05-09 00:00:00,432.19,Withdrawal,Ahmed Moore,France,Branch,Camila Williams,Medium,Australia
TXN001235,ACCT00329,CUST0200,2025-05-09 00:00:00,778.31,ACH,Atlas Enterprises,Ireland,Wire,Linda Moore,Low,Spain
TXN001236,ACCT00270,CUST0162,2025-05-10 00:00:00,2470.03,ACH,Global Capital,Germany,Branch,Olga Moore,Low,Ireland
TXN001237,ACCT00309,CUST0188,2025-05-10 00:00:00,2746.93,WireTransfer,Metro Group,Ireland,Branch,Noah Sanchez,Low,Switzerland
TXN001238,ACCT00220,CUST0133,2025-05-10 00:00:00,730.24,Withdrawal,Camila Scott,Australia,ATM,Wei Clark,Low,Australia
TXN001239,ACCT00201,CUST0122,2025-05-10 00:00:00,407.01,Deposit,David Sanchez,Japan,Wire,William Smith,Low,India
TXN001240,ACCT00149,CUST0090,2025-05-10 00:00:00,288.55,CashDeposit,Ava Thompson,France,Wire,Jennifer Walker,Low,UAE
TXN001241,ACCT00289,CUST0174,2025-05-10 00:00:00,972.4,Deposit,Sarah Wilson,France,ATM,Emma Davis,Low,United Kingdom
TXN001242,ACCT00071,CUST0038,2025-05-10 00:00:00,915.79,Deposit,Mateo Smith,India,Wire,Barbara Jones,Low,Canada
TXN001243,ACCT00102,CUST0058,2025-05-11 00:00:00,2131.84,CashDeposit,Linda Robinson,Ireland,Branch,Joseph Anderson,Medium,Switzerland
TXN001244,ACCT00254,CUST0153,2025-05-11 00:00:00,4879.67,CashDeposit,Lucas Green,Japan,Online,Charles Anderson,Low,Ireland
TXN001245,ACCT00060,CUST0033,2025-05-11 00:00:00,988.12,ACH,Thomas White,India,Branch,Jessica Hernandez,Low,India
TXN001246,ACCT00222,CUST0134,2025-05-11 00:00:00,526.41,ACH,Michael Ramirez,Ireland,Wire,Sven Young,Low,Spain
TXN001247,ACCT00278,CUST0168,2025-05-11 00:00:00,1133.83,WireTransfer,Global Group,France,ATM,Charles Perez,Low,United Kingdom
TXN001248,ACCT00098,CUST0056,2025-05-11 00:00:00,4247.53,WireTransfer,Karen Wilson,Spain,Branch,Sven Thomas,Low,United Kingdom
TXN001249,ACCT00291,CUST0176,2025-05-11 00:00:00,536.14,Withdrawal,Summit Traders,Switzerland,Wire,Michael Young,Low,France
TXN001250,ACCT00045,CUST0027,2025-05-11 00:00:00,1010.55,CashDeposit,Summit Exchange,Germany,Online,David Nguyen,Low,India
TXN001251,ACCT00240,CUST0144,2025-05-11 00:00:00,211.47,ACH,Robert Anderson,United States,ATM,Karen Hill,Low,Switzerland
TXN001252,ACCT00179,CUST0107,2025-05-11 00:00:00,302.04,ACH,Jennifer Young,Switzerland,Branch,Jessica Martin,Low,Australia
TXN001253,ACCT00127,CUST0075,2025-05-12 00:00:00,466.39,ACH,Metro Freight,Switzerland,Branch,Patricia Torres,Medium,Spain
TXN001254,ACCT00032,CUST0018,2025-05-12 00:00:00,87207.3,WireTransfer,Sunrise Freight,Libya,Wire,Amara Solis,High,Syria
TXN001255,ACCT00108,CUST0061,2025-05-12 00:00:00,650.1,Deposit,Charles Martinez,Canada,Branch,Michael Flores,Low,Australia
TXN001256,ACCT00067,CUST0037,2025-05-12 00:00:00,70.17,ACH,Joseph Martinez,Singapore,Branch,Noah King,Medium,United Kingdom
TXN001257,ACCT00326,CUST0199,2025-05-13 00:00:00,126.33,WireTransfer,Nova Ventures,UAE,Wire,Susan Martinez,Low,Australia
TXN001258,ACCT00163,CUST0098,2025-05-13 00:00:00,449.43,ACH,Elizabeth Green,Germany,Online,Sven Young,Medium,Switzerland
TXN001259,ACCT00159,CUST0096,2025-05-13 00:00:00,249.34,Withdrawal,Wei Hill,Netherlands,ATM,Karen Flores,Low,Ireland
TXN001260,ACCT00163,CUST0098,2025-05-13 00:00:00,1317.6,WireTransfer,Wei Scott,Switzerland,Branch,Sven Young,Medium,Switzerland
TXN001261,ACCT00106,CUST0061,2025-05-13 00:00:00,1863.03,Withdrawal,Liam Davis,UAE,ATM,Michael Flores,Low,Australia
TXN001262,ACCT00276,CUST0166,2025-05-13 00:00:00,957.32,ACH,Crown Logistics,Ireland,Wire,Arjun Clark,Low,Germany
TXN001263,ACCT00293,CUST0177,2025-05-13 00:00:00,1191.03,WireTransfer,Atlas Freight,United States,Wire,Fatima Wilson,Low,Spain
TXN001264,ACCT00089,CUST0049,2025-05-13 00:00:00,287.38,Withdrawal,David Thompson,United Kingdom,Branch,Diego Moore,Low,United States
TXN001265,ACCT00273,CUST0164,2025-05-13 00:00:00,945.28,ACH,Ava Lewis,United Kingdom,Wire,Thomas Rodriguez,Medium,Switzerland
TXN001266,ACCT00300,CUST0182,2025-05-13 00:00:00,310.97,WireTransfer,Prime Imports,Japan,Wire,Elizabeth Flores,Medium,United Kingdom
TXN001267,ACCT00008,CUST0003,2025-05-14 00:00:00,1005.7,WireTransfer,Arjun Wilson,Libya,Wire,Ahmed Miller,High,Ireland
TXN001268,ACCT00115,CUST0067,2025-05-14 00:00:00,1154.57,Deposit,Olga Sanchez,France,ATM,Barbara Green,Low,France
TXN001269,ACCT00033,CUST0018,2025-05-14 00:00:00,243.2,WireTransfer,Ethan Sanchez,Myanmar,Online,Amara Solis,High,Syria
TXN001270,ACCT00164,CUST0098,2025-05-14 00:00:00,569.13,WireTransfer,Union Exchange,Australia,ATM,Sven Young,Medium,Switzerland
TXN001271,ACCT00215,CUST0131,2025-05-14 00:00:00,919.71,Withdrawal,Sofia Johnson,United States,Online,Robert Lopez,Low,Singapore
TXN001272,ACCT00004,CUST0002,2025-05-14 00:00:00,1903.77,ACH,Karen Hill,Afghanistan,Online,William Ramirez,High,Yemen
TXN001273,ACCT00266,CUST0159,2025-05-14 00:00:00,115.86,WireTransfer,Linda Lopez,Netherlands,Wire,Camila Thompson,Medium,France
TXN001274,ACCT00167,CUST0100,2025-05-14 00:00:00,265.73,Deposit,Priya Williams,India,ATM,Mateo Walker,Low,Netherlands
TXN001275,ACCT00162,CUST0097,2025-05-14 00:00:00,1620.33,Withdrawal,Jessica Rodriguez,India,Wire,Mateo Ramirez,Low,Canada
TXN001276,ACCT00193,CUST0117,2025-05-15 00:00:00,1851.42,CashDeposit,Liam Perez,Canada,Wire,Elizabeth Nguyen,Medium,Canada
TXN001277,ACCT00316,CUST0192,2025-05-15 00:00:00,638.71,WireTransfer,Anchor Partners,India,ATM,Sofia Wilson,Low,Japan
TXN001278,ACCT00212,CUST0130,2025-05-15 00:00:00,79.0,Withdrawal,Anchor Holdings,UAE,Online,Lucas Hill,Low,Ireland
TXN001279,ACCT00089,CUST0049,2025-05-15 00:00:00,1682.17,WireTransfer,Charles Clark,Canada,Wire,Diego Moore,Low,United States
TXN001280,ACCT00031,CUST0017,2025-05-15 00:00:00,1614.08,ACH,Elizabeth Miller,Afghanistan,Wire,Thomas King,High,Spain
TXN001281,ACCT00201,CUST0122,2025-05-15 00:00:00,643.16,ACH,Jessica Lee,Australia,ATM,William Smith,Low,India
TXN001282,ACCT00316,CUST0192,2025-05-16 00:00:00,205.2,Deposit,Crown Group,Canada,ATM,Sofia Wilson,Low,Japan
TXN001283,ACCT00136,CUST0081,2025-05-16 00:00:00,32.48,Withdrawal,Global Freight,Netherlands,Wire,Elizabeth Wilson,Low,Japan
TXN001284,ACCT00240,CUST0144,2025-05-16 00:00:00,1424.11,WireTransfer,Nova Partners,Spain,Branch,Karen Hill,Low,Switzerland
TXN001285,ACCT00031,CUST0017,2025-05-16 00:00:00,347.03,ACH,Silver Exchange,Libya,Wire,Thomas King,High,Spain
TXN001286,ACCT00059,CUST0033,2025-05-16 00:00:00,1270.54,Withdrawal,Chloe Thompson,Germany,Online,Jessica Hernandez,Low,India
TXN001287,ACCT00263,CUST0158,2025-05-17 00:00:00,422.19,Withdrawal,Jennifer Williams,France,Branch,Thomas Smith,Low,France
TXN001288,ACCT00161,CUST0096,2025-05-17 00:00:00,1449.45,WireTransfer,Sven Green,United States,Branch,Karen Flores,Low,Ireland
TXN001289,ACCT00214,CUST0130,2025-05-17 00:00:00,623.79,Deposit,Sarah Martinez,Japan,Wire,Lucas Hill,Low,Ireland
TXN001290,ACCT00277,CUST0167,2025-05-17 00:00:00,284.14,CashDeposit,Karen Smith,Australia,Online,Ava King,Low,Spain
TXN001291,ACCT00124,CUST0074,2025-05-17 00:00:00,572.15,Deposit,Anchor Trading,Canada,Branch,James Miller,Low,Germany
TXN001292,ACCT00179,CUST0107,2025-05-17 00:00:00,1151.57,ACH,Global Traders,Canada,ATM,Jessica Martin,Low,Australia
TXN001293,ACCT00130,CUST0077,2025-05-17 00:00:00,59.16,Deposit,Ethan Clark,UAE,ATM,Liam Ramirez,Medium,UAE
TXN001294,ACCT00062,CUST0034,2025-05-17 00:00:00,5306.82,ACH,Richard Taylor,Singapore,Branch,William Harris,Low,Japan
TXN001295,ACCT00104,CUST0060,2025-05-17 00:00:00,139.32,Withdrawal,Pacific Enterprises,UAE,Branch,Mary Davis,Medium,United Kingdom
TXN001296,ACCT00255,CUST0154,2025-05-17 00:00:00,800.2,ACH,Karen King,Germany,Online,William Martin,Low,United States
TXN001297,ACCT00032,CUST0018,2025-05-18 00:00:00,172.52,WireTransfer,Emma Miller,Afghanistan,Branch,Amara Solis,High,Syria
TXN001298,ACCT00032,CUST0018,2025-05-18 00:00:00,910.38,ACH,Noah Rodriguez,Ireland,Branch,Amara Solis,High,Syria
TXN001299,ACCT00228,CUST0137,2025-05-18 00:00:00,46.32,Withdrawal,Fatima Lopez,Ireland,Branch,Chloe Young,Medium,India
TXN001300,ACCT00018,CUST0009,2025-05-18 00:00:00,33078.58,WireTransfer,Delta Ventures,Venezuela,Wire,Patricia Anderson,High,North Korea
TXN001301,ACCT00055,CUST0031,2025-05-18 00:00:00,25000.0,WireTransfer,Camila Perez,Canada,Branch,David Ramirez,Low,France
TXN001302,ACCT00062,CUST0034,2025-05-18 00:00:00,469.35,Withdrawal,Prime Logistics,UAE,Wire,William Harris,Low,Japan
TXN001303,ACCT00059,CUST0033,2025-05-18 00:00:00,991.5,Withdrawal,Jessica Thomas,India,Online,Jessica Hernandez,Low,India
TXN001304,ACCT00151,CUST0091,2025-05-18 00:00:00,622.58,ACH,Wei Jackson,United Kingdom,Online,John Williams,Low,Germany
TXN001305,ACCT00150,CUST0090,2025-05-19 00:00:00,343.1,Withdrawal,David Lee,Netherlands,Online,Jennifer Walker,Low,UAE
TXN001306,ACCT00162,CUST0097,2025-05-19 00:00:00,1298.21,WireTransfer,Jennifer Brown,France,Wire,Mateo Ramirez,Low,Canada
TXN001307,ACCT00187,CUST0112,2025-05-19 00:00:00,2706.39,ACH,Liam Jackson,Australia,Online,Joseph White,Low,France
TXN001308,ACCT00080,CUST0043,2025-05-19 00:00:00,1667.49,WireTransfer,Olga Robinson,France,Branch,John Scott,Low,Singapore
TXN001309,ACCT00213,CUST0130,2025-05-19 00:00:00,424.11,WireTransfer,William Martin,United States,Online,Lucas Hill,Low,Ireland
TXN001310,ACCT00327,CUST0200,2025-05-19 00:00:00,136.7,CashDeposit,Jennifer Hernandez,India,ATM,Linda Moore,Low,Spain
TXN001311,ACCT00089,CUST0049,2025-05-19 00:00:00,220.7,WireTransfer,Elizabeth Smith,Singapore,Branch,Diego Moore,Low,United States
TXN001312,ACCT00169,CUST0102,2025-05-20 00:00:00,595.99,Deposit,Sarah Garcia,Switzerland,Wire,Chloe Harris,Low,United States
TXN001313,ACCT00175,CUST0106,2025-05-20 00:00:00,734.81,Withdrawal,Pacific Ventures,France,Online,Emma Lewis,Low,Canada
TXN001314,ACCT00228,CUST0137,2025-05-20 00:00:00,113.91,CashDeposit,Patricia Sanchez,Singapore,Branch,Chloe Young,Medium,India
TXN001315,ACCT00149,CUST0090,2025-05-20 00:00:00,483.07,WireTransfer,Richard Nguyen,Netherlands,Branch,Jennifer Walker,Low,UAE
TXN001316,ACCT00255,CUST0154,2025-05-20 00:00:00,2672.4,Deposit,Noah Anderson,Spain,Branch,William Martin,Low,United States
TXN001317,ACCT00140,CUST0084,2025-05-20 00:00:00,484.89,Deposit,Olga Green,United Kingdom,Wire,Ahmed Clark,Low,UAE
TXN001318,ACCT00092,CUST0052,2025-05-20 00:00:00,973.75,ACH,Olga Young,India,ATM,Sofia Martinez,Low,United Kingdom
TXN001319,ACCT00250,CUST0150,2025-05-21 00:00:00,1873.8,CashDeposit,Linda Thomas,Japan,Online,Elizabeth Jones,Low,Australia
TXN001320,ACCT00188,CUST0113,2025-05-21 00:00:00,346.51,Deposit,Delta Enterprises,Germany,Branch,Sarah Williams,Medium,Singapore
TXN001321,ACCT00098,CUST0056,2025-05-21 00:00:00,1190.46,Deposit,Priya Ramirez,India,Wire,Sven Thomas,Low,United Kingdom
TXN001322,ACCT00028,CUST0015,2025-05-21 00:00:00,122.79,WireTransfer,Chloe Thomas,United States,Wire,Sofia Smith,High,Ireland
TXN001323,ACCT00073,CUST0040,2025-05-21 00:00:00,8775.41,Deposit,Michael Wilson,Netherlands,Branch,Sven Hill,Low,Singapore
TXN001324,ACCT00144,CUST0086,2025-05-21 00:00:00,675.21,ACH,Camila Clark,France,Branch,Olga Hernandez,Low,Singapore
TXN001325,ACCT00214,CUST0130,2025-05-21 00:00:00,273.35,ACH,Yuki Jackson,Germany,ATM,Lucas Hill,Low,Ireland
TXN001326,ACCT00129,CUST0076,2025-05-21 00:00:00,1635.11,Deposit,Diego Martin,Japan,Online,Yuki Wright,Medium,Netherlands
TXN001327,ACCT00169,CUST0102,2025-05-21 00:00:00,280.23,ACH,Crown Partners,Canada,Online,Chloe Harris,Low,United States
TXN001328,ACCT00313,CUST0191,2025-05-22 00:00:00,219.66,CashDeposit,Chloe Robinson,Netherlands,ATM,Liam Flores,Low,Canada
TXN001329,ACCT00188,CUST0113,2025-05-22 00:00:00,459.2,CashDeposit,Linda Walker,India,ATM,Sarah Williams,Medium,Singapore
TXN001330,ACCT00189,CUST0114,2025-05-22 00:00:00,205.29,ACH,Horizon Holdings,UAE,Wire,Emma Miller,Low,Netherlands
TXN001331,ACCT00005,CUST0002,2025-05-22 00:00:00,722.02,Withdrawal,Mary Thomas,Venezuela,Branch,William Ramirez,High,Yemen
TXN001332,ACCT00285,CUST0173,2025-05-22 00:00:00,311.16,Deposit,Priya Thompson,Australia,Wire,Karen Clark,Low,United Kingdom
TXN001333,ACCT00172,CUST0104,2025-05-22 00:00:00,775.75,CashDeposit,Anchor Imports,Germany,Wire,Sarah Torres,Low,Canada
TXN001334,ACCT00327,CUST0200,2025-05-22 00:00:00,634.37,Deposit,Camila King,Japan,Wire,Linda Moore,Low,Spain
TXN001335,ACCT00269,CUST0161,2025-05-22 00:00:00,832.42,ACH,Barbara Davis,Germany,ATM,Jessica Harris,Low,Australia
TXN001336,ACCT00169,CUST0102,2025-05-23 00:00:00,912.82,ACH,Jessica Harris,UAE,ATM,Chloe Harris,Low,United States
TXN001337,ACCT00162,CUST0097,2025-05-23 00:00:00,1333.47,CashDeposit,Union Exchange,India,Wire,Mateo Ramirez,Low,Canada
TXN001338,ACCT00248,CUST0148,2025-05-23 00:00:00,734.46,WireTransfer,Delta Trading,Netherlands,ATM,Elizabeth Young,Low,United Kingdom
TXN001339,ACCT00240,CUST0144,2025-05-23 00:00:00,2029.27,Deposit,Sunrise Exchange,Ireland,ATM,Karen Hill,Low,Switzerland
TXN001340,ACCT00003,CUST0002,2025-05-23 00:00:00,727.34,CashDeposit,Susan Young,Afghanistan,ATM,William Ramirez,High,Yemen
TXN001341,ACCT00118,CUST0070,2025-05-23 00:00:00,136.44,Withdrawal,Prime Logistics,Spain,Online,Jennifer Jackson,Low,Switzerland
TXN001342,ACCT00181,CUST0108,2025-05-23 00:00:00,309.52,WireTransfer,Nova Freight,Switzerland,ATM,Diego Torres,Low,Australia
TXN001343,ACCT00071,CUST0038,2025-05-23 00:00:00,652.21,CashDeposit,Global Freight,United States,Online,Barbara Jones,Low,Canada
TXN001344,ACCT00301,CUST0183,2025-05-23 00:00:00,601.86,WireTransfer,Nova Logistics,United States,Online,Thomas Lopez,Low,United Kingdom
TXN001345,ACCT00318,CUST0194,2025-05-24 00:00:00,323.38,Deposit,Emma Hill,United States,Branch,Thomas White,Low,Canada
TXN001346,ACCT00060,CUST0033,2025-05-24 00:00:00,153.8,ACH,Patricia Wright,Ireland,Online,Jessica Hernandez,Low,India
TXN001347,ACCT00143,CUST0085,2025-05-24 00:00:00,1949.2,CashDeposit,Sunrise Traders,Australia,ATM,Emma Anderson,Low,Japan
TXN001348,ACCT00227,CUST0136,2025-05-24 00:00:00,947.24,Deposit,Diego Hill,Germany,Branch,James Scott,Low,Japan
TXN001349,ACCT00149,CUST0090,2025-05-24 00:00:00,1785.29,ACH,Mia Martin,Netherlands,Branch,Jennifer Walker,Low,UAE
TXN001350,ACCT00013,CUST0006,2025-05-24 00:00:00,26657.16,WireTransfer,Barbara Hernandez,Iran,Wire,Joseph Miller,High,Yemen
TXN001351,ACCT00172,CUST0104,2025-05-24 00:00:00,552.78,Withdrawal,Anchor Group,Netherlands,ATM,Sarah Torres,Low,Canada
TXN001352,ACCT00188,CUST0113,2025-05-24 00:00:00,303.46,CashDeposit,Crown Capital,United States,Wire,Sarah Williams,Medium,Singapore
TXN001353,ACCT00038,CUST0021,2025-05-25 00:00:00,451.37,Deposit,Ava Gonzalez,Myanmar,Branch,Tatiana Orlova,High,Libya
TXN001354,ACCT00013,CUST0006,2025-05-25 00:00:00,24578.47,WireTransfer,Global Logistics,Germany,Wire,Joseph Miller,High,Yemen
TXN001355,ACCT00142,CUST0085,2025-05-25 00:00:00,447.35,ACH,Wei Rodriguez,Australia,Online,Emma Anderson,Low,Japan
TXN001356,ACCT00213,CUST0130,2025-05-25 00:00:00,1320.16,WireTransfer,David White,Ireland,ATM,Lucas Hill,Low,Ireland
TXN001357,ACCT00033,CUST0018,2025-05-25 00:00:00,297.44,WireTransfer,Arjun Moore,Yemen,Branch,Amara Solis,High,Syria
TXN001358,ACCT00176,CUST0106,2025-05-25 00:00:00,220.74,ACH,Pacific Freight,Singapore,Wire,Emma Lewis,Low,Canada
TXN001359,ACCT00060,CUST0033,2025-05-26 00:00:00,383.64,WireTransfer,Camila Garcia,Switzerland,ATM,Jessica Hernandez,Low,India
TXN001360,ACCT00272,CUST0163,2025-05-26 00:00:00,743.5,CashDeposit,Wei Miller,Australia,Online,Emma Jackson,Low,Germany
TXN001361,ACCT00207,CUST0126,2025-05-26 00:00:00,163.17,CashDeposit,Thomas Miller,France,ATM,Elizabeth Jones,Low,United Kingdom
TXN001362,ACCT00176,CUST0106,2025-05-26 00:00:00,1399.42,WireTransfer,Robert Taylor,Switzerland,Wire,Emma Lewis,Low,Canada
TXN001363,ACCT00240,CUST0144,2025-05-26 00:00:00,416.07,WireTransfer,John Walker,Japan,Branch,Karen Hill,Low,Switzerland
TXN001364,ACCT00059,CUST0033,2025-05-26 00:00:00,1016.55,CashDeposit,Sarah Anderson,Australia,ATM,Jessica Hernandez,Low,India
TXN001365,ACCT00116,CUST0068,2025-05-26 00:00:00,1422.34,Withdrawal,John Robinson,France,Online,Charles Wilson,Medium,Ireland
TXN001366,ACCT00113,CUST0066,2025-05-26 00:00:00,561.82,Withdrawal,Priya Torres,France,Online,Charles Torres,Low,Germany
TXN001367,ACCT00306,CUST0186,2025-05-26 00:00:00,1427.53,Withdrawal,Prime Ventures,Singapore,ATM,Fatima King,Low,Canada
TXN001368,ACCT00269,CUST0161,2025-05-26 00:00:00,181.41,ACH,Summit Holdings,Germany,Online,Jessica Harris,Low,Australia
TXN001369,ACCT00308,CUST0188,2025-05-26 00:00:00,356.07,ACH,Richard Flores,Canada,ATM,Noah Sanchez,Low,Switzerland
TXN001370,ACCT00084,CUST0046,2025-05-26 00:00:00,51.73,Withdrawal,Yuki Williams,France,Wire,Michael Rodriguez,Low,UAE
TXN001371,ACCT00130,CUST0077,2025-05-27 00:00:00,507.9,WireTransfer,Joseph Martin,Singapore,Wire,Liam Ramirez,Medium,UAE
TXN001372,ACCT00291,CUST0176,2025-05-27 00:00:00,547.09,WireTransfer,Union Exchange,Switzerland,ATM,Michael Young,Low,France
TXN001373,ACCT00056,CUST0032,2025-05-27 00:00:00,810.71,Withdrawal,Ava Anderson,Ireland,Branch,Sofia Miller,Medium,Spain
TXN001374,ACCT00312,CUST0190,2025-05-27 00:00:00,323.42,CashDeposit,John Lee,United Kingdom,Wire,Mia Torres,Medium,Singapore
TXN001375,ACCT00159,CUST0096,2025-05-27 00:00:00,3785.37,Withdrawal,Summit Group,UAE,Online,Karen Flores,Low,Ireland
TXN001376,ACCT00301,CUST0183,2025-05-27 00:00:00,645.65,Deposit,Global Ventures,France,Wire,Thomas Lopez,Low,United Kingdom
TXN001377,ACCT00182,CUST0108,2025-05-27 00:00:00,1538.0,ACH,Silver Trading,Spain,Online,Diego Torres,Low,Australia
TXN001378,ACCT00045,CUST0027,2025-05-27 00:00:00,868.34,ACH,Union Logistics,Singapore,Branch,David Nguyen,Low,India
TXN001379,ACCT00099,CUST0057,2025-05-28 00:00:00,1111.65,ACH,Susan Flores,United Kingdom,Wire,Robert Walker,Low,India
TXN001380,ACCT00155,CUST0094,2025-05-28 00:00:00,739.44,Deposit,Elizabeth Robinson,India,Branch,William Martin,Medium,Netherlands
TXN001381,ACCT00263,CUST0158,2025-05-28 00:00:00,80.99,Withdrawal,Linda Garcia,France,Online,Thomas Smith,Low,France
TXN001382,ACCT00003,CUST0002,2025-05-28 00:00:00,590.02,Deposit,Pacific Imports,Switzerland,ATM,William Ramirez,High,Yemen
TXN001383,ACCT00293,CUST0177,2025-05-28 00:00:00,2503.47,WireTransfer,Joseph Thompson,UAE,Wire,Fatima Wilson,Low,Spain
TXN001384,ACCT00088,CUST0048,2025-05-28 00:00:00,517.58,Withdrawal,David Hill,UAE,Wire,Thomas King,Low,Spain
TXN001385,ACCT00240,CUST0144,2025-05-28 00:00:00,2169.72,Deposit,Priya Lopez,Japan,Online,Karen Hill,Low,Switzerland
TXN001386,ACCT00309,CUST0188,2025-05-29 00:00:00,406.2,WireTransfer,Liam Sanchez,Ireland,Branch,Noah Sanchez,Low,Switzerland
TXN001387,ACCT00089,CUST0049,2025-05-29 00:00:00,93.1,WireTransfer,Crown Logistics,Singapore,Branch,Diego Moore,Low,United States
TXN001388,ACCT00134,CUST0079,2025-05-29 00:00:00,1414.16,WireTransfer,Jessica Green,Canada,Wire,Jessica Moore,Low,Canada
TXN001389,ACCT00102,CUST0058,2025-05-29 00:00:00,171.3,ACH,Noah Martin,Canada,Wire,Joseph Anderson,Medium,Switzerland
TXN001390,ACCT00050,CUST0029,2025-05-29 00:00:00,317.08,Withdrawal,Olga White,Singapore,Wire,Sven Robinson,Low,Switzerland
TXN001391,ACCT00254,CUST0153,2025-05-29 00:00:00,263.02,Deposit,Sofia Smith,Germany,Branch,Charles Anderson,Low,Ireland
TXN001392,ACCT00206,CUST0126,2025-05-29 00:00:00,482.39,Deposit,Priya Lopez,Switzerland,Online,Elizabeth Jones,Low,United Kingdom
TXN001393,ACCT00207,CUST0126,2025-05-30 00:00:00,263.89,CashDeposit,Atlas Capital,Germany,Branch,Elizabeth Jones,Low,United Kingdom
TXN001394,ACCT00258,CUST0155,2025-05-30 00:00:00,145.24,Withdrawal,Chloe King,Netherlands,ATM,Wei White,Low,United Kingdom
TXN001395,ACCT00302,CUST0184,2025-05-30 00:00:00,193.39,Deposit,Prime Partners,Netherlands,Online,Jessica Hill,Low,United States
TXN001396,ACCT00161,CUST0096,2025-05-30 00:00:00,380.58,Withdrawal,John Jones,India,Wire,Karen Flores,Low,Ireland
TXN001397,ACCT00310,CUST0189,2025-05-30 00:00:00,208.87,Deposit,Camila Scott,Ireland,ATM,Jennifer Lee,Low,United Kingdom
TXN001398,ACCT00250,CUST0150,2025-05-30 00:00:00,446.26,WireTransfer,Elizabeth Flores,Canada,Online,Elizabeth Jones,Low,Australia
TXN001399,ACCT00320,CUST0195,2025-05-30 00:00:00,1317.2,CashDeposit,Robert Brown,Canada,Online,Jennifer Garcia,Low,Canada
TXN001400,ACCT00312,CUST0190,2025-05-30 00:00:00,408.43,WireTransfer,Pacific Enterprises,India,Wire,Mia Torres,Medium,Singapore
TXN001401,ACCT00077,CUST0041,2025-05-31 00:00:00,1139.97,Deposit,James Torres,Singapore,ATM,Arjun Thomas,Low,Japan
TXN001402,ACCT00171,CUST0104,2025-05-31 00:00:00,3659.25,WireTransfer,Lucas Hernandez,Netherlands,ATM,Sarah Torres,Low,Canada
TXN001403,ACCT00079,CUST0042,2025-05-31 00:00:00,571.08,WireTransfer,Ethan Martin,United States,Online,Arjun Jones,Low,India
TXN001404,ACCT00164,CUST0098,2025-05-31 00:00:00,3083.21,Withdrawal,Fatima Anderson,Germany,ATM,Sven Young,Medium,Switzerland
TXN001405,ACCT00267,CUST0159,2025-05-31 00:00:00,1311.53,CashDeposit,Susan Scott,Japan,Online,Camila Thompson,Medium,France
TXN001406,ACCT00163,CUST0098,2025-05-31 00:00:00,767.69,CashDeposit,Charles Martinez,United Kingdom,Branch,Sven Young,Medium,Switzerland
TXN001407,ACCT00118,CUST0070,2025-05-31 00:00:00,868.81,Deposit,Anchor Trading,United Kingdom,Wire,Jennifer Jackson,Low,Switzerland
TXN001408,ACCT00253,CUST0152,2025-05-31 00:00:00,204.7,Withdrawal,Horizon Freight,UAE,Wire,Arjun Young,Medium,United States
TXN001409,ACCT00114,CUST0066,2025-05-31 00:00:00,345.82,Withdrawal,Anchor Ventures,Germany,ATM,Charles Torres,Low,Germany
TXN001410,ACCT00125,CUST0074,2025-05-31 00:00:00,600.57,CashDeposit,Metro Partners,UAE,Online,James Miller,Low,Germany
TXN001411,ACCT00107,CUST0061,2025-05-31 00:00:00,8862.32,ACH,Anchor Partners,Ireland,Branch,Michael Flores,Low,Australia
TXN001412,ACCT00138,CUST0082,2025-06-01 00:00:00,292.24,Deposit,Atlas Trading,United Kingdom,Wire,Sven Brown,Low,Spain
TXN001413,ACCT00039,CUST0021,2025-06-01 00:00:00,299.38,WireTransfer,Charles White,Syria,Wire,Tatiana Orlova,High,Libya
TXN001414,ACCT00247,CUST0148,2025-06-01 00:00:00,3087.6,ACH,Chloe Rodriguez,Switzerland,Branch,Elizabeth Young,Low,United Kingdom
TXN001415,ACCT00285,CUST0173,2025-06-01 00:00:00,2449.18,Withdrawal,Anchor Imports,India,ATM,Karen Clark,Low,United Kingdom
TXN001416,ACCT00165,CUST0099,2025-06-01 00:00:00,262.56,Deposit,Emma Taylor,India,Branch,Elizabeth Ramirez,Low,UAE
TXN001417,ACCT00198,CUST0121,2025-06-01 00:00:00,4694.55,ACH,David Martin,India,Wire,Susan Taylor,Low,United Kingdom
TXN001418,ACCT00200,CUST0122,2025-06-01 00:00:00,423.41,CashDeposit,John Gonzalez,Japan,Online,William Smith,Low,India
TXN001419,ACCT00328,CUST0200,2025-06-02 00:00:00,339.51,ACH,Delta Enterprises,Germany,Branch,Linda Moore,Low,Spain
TXN001420,ACCT00214,CUST0130,2025-06-02 00:00:00,1781.93,WireTransfer,Global Freight,United Kingdom,Online,Lucas Hill,Low,Ireland
TXN001421,ACCT00071,CUST0038,2025-06-02 00:00:00,832.07,WireTransfer,Sunrise Logistics,United States,Branch,Barbara Jones,Low,Canada
TXN001422,ACCT00102,CUST0058,2025-06-02 00:00:00,295.82,WireTransfer,Chloe Taylor,Ireland,Wire,Joseph Anderson,Medium,Switzerland
TXN001423,ACCT00312,CUST0190,2025-06-02 00:00:00,2350.75,ACH,Yuki Davis,Canada,ATM,Mia Torres,Medium,Singapore
TXN001424,ACCT00033,CUST0018,2025-06-02 00:00:00,6699.06,ACH,Atlas Capital,United Kingdom,Branch,Amara Solis,High,Syria
TXN001425,ACCT00035,CUST0019,2025-06-02 00:00:00,30000.0,WireTransfer,Joseph Harris,North Korea,Branch,Ava Smith,High,North Korea
TXN001426,ACCT00011,CUST0005,2025-06-02 00:00:00,86170.1,WireTransfer,Metro Capital,North Korea,Wire,Fatima Nguyen,High,Myanmar
TXN001427,ACCT00217,CUST0132,2025-06-02 00:00:00,107.71,Deposit,Pacific Imports,France,Branch,Mia Ramirez,Medium,Spain
TXN001428,ACCT00208,CUST0127,2025-06-03 00:00:00,826.15,Withdrawal,Mateo Anderson,India,Branch,Lucas Jackson,Low,Canada
TXN001429,ACCT00123,CUST0073,2025-06-03 00:00:00,4189.0,CashDeposit,Thomas Harris,Singapore,Online,Lucas Gonzalez,Low,India
TXN001430,ACCT00082,CUST0044,2025-06-03 00:00:00,551.71,ACH,Emma Garcia,Switzerland,Branch,Jessica White,Low,United Kingdom
TXN001431,ACCT00115,CUST0067,2025-06-03 00:00:00,360.77,WireTransfer,David Martinez,Netherlands,Branch,Barbara Green,Low,France
TXN001432,ACCT00109,CUST0062,2025-06-03 00:00:00,649.24,Deposit,Sunrise Traders,UAE,Wire,Ethan King,Low,Germany
TXN001433,ACCT00096,CUST0055,2025-06-03 00:00:00,3109.17,ACH,John Wilson,Australia,Wire,Barbara Clark,Low,United Kingdom
TXN001434,ACCT00319,CUST0195,2025-06-04 00:00:00,196.16,WireTransfer,Jennifer Sanchez,United Kingdom,Online,Jennifer Garcia,Low,Canada
TXN001435,ACCT00176,CUST0106,2025-06-04 00:00:00,1551.53,WireTransfer,Atlas Exchange,United Kingdom,Branch,Emma Lewis,Low,Canada
TXN001436,ACCT00115,CUST0067,2025-06-04 00:00:00,752.35,WireTransfer,David Scott,UAE,Online,Barbara Green,Low,France
TXN001437,ACCT00169,CUST0102,2025-06-04 00:00:00,515.0,Deposit,Jessica Williams,Switzerland,Online,Chloe Harris,Low,United States
TXN001438,ACCT00111,CUST0064,2025-06-04 00:00:00,927.02,CashDeposit,Global Group,Canada,Wire,Diego Jones,Low,Netherlands
TXN001439,ACCT00106,CUST0061,2025-06-04 00:00:00,1080.02,Deposit,David Wright,Singapore,Branch,Michael Flores,Low,Australia
TXN001440,ACCT00100,CUST0057,2025-06-04 00:00:00,421.11,ACH,Sofia Williams,United Kingdom,ATM,Robert Walker,Low,India
TXN001441,ACCT00155,CUST0094,2025-06-04 00:00:00,550.53,CashDeposit,Arjun Hill,United Kingdom,ATM,William Martin,Medium,Netherlands
TXN001442,ACCT00025,CUST0013,2025-06-04 00:00:00,475.46,Withdrawal,Jessica Young,France,Online,Jennifer Brown,High,Ireland
TXN001443,ACCT00136,CUST0081,2025-06-04 00:00:00,310.22,ACH,Robert Rodriguez,Singapore,Online,Elizabeth Wilson,Low,Japan
TXN001444,ACCT00209,CUST0128,2025-06-05 00:00:00,1079.09,Deposit,Prime Group,United Kingdom,Online,Olga Moore,Low,Singapore
TXN001445,ACCT00135,CUST0080,2025-06-05 00:00:00,100.12,Deposit,Metro Logistics,Switzerland,Branch,Priya Lee,Medium,Canada
TXN001446,ACCT00178,CUST0107,2025-06-05 00:00:00,1970.27,CashDeposit,Fatima Nguyen,UAE,Online,Jessica Martin,Low,Australia
TXN001447,ACCT00088,CUST0048,2025-06-05 00:00:00,349.49,ACH,Global Logistics,Germany,Wire,Thomas King,Low,Spain
TXN001448,ACCT00181,CUST0108,2025-06-05 00:00:00,184.12,WireTransfer,Mary Martinez,India,ATM,Diego Torres,Low,Australia
TXN001449,ACCT00153,CUST0092,2025-06-05 00:00:00,1197.19,WireTransfer,Mateo Taylor,India,Wire,Elizabeth Thomas,Medium,India
TXN001450,ACCT00102,CUST0058,2025-06-05 00:00:00,707.46,CashDeposit,Olga Martin,UAE,ATM,Joseph Anderson,Medium,Switzerland
TXN001451,ACCT00068,CUST0037,2025-06-05 00:00:00,6826.85,ACH,Michael Rodriguez,United Kingdom,ATM,Noah King,Medium,United Kingdom
TXN001452,ACCT00230,CUST0137,2025-06-05 00:00:00,400.51,Deposit,Richard Clark,Germany,Online,Chloe Young,Medium,India
TXN001453,ACCT00225,CUST0136,2025-06-05 00:00:00,1082.92,CashDeposit,Noah King,France,ATM,James Scott,Low,Japan
TXN001454,ACCT00245,CUST0146,2025-06-06 00:00:00,228.69,ACH,Mia Gonzalez,UAE,ATM,Yuki Lee,Medium,UAE
TXN001455,ACCT00161,CUST0096,2025-06-06 00:00:00,3549.25,CashDeposit,Elizabeth Williams,Canada,Online,Karen Flores,Low,Ireland
TXN001456,ACCT00306,CUST0186,2025-06-06 00:00:00,442.58,Deposit,Crown Group,Canada,Branch,Fatima King,Low,Canada
TXN001457,ACCT00156,CUST0095,2025-06-06 00:00:00,155.84,Deposit,Yuki Scott,Netherlands,ATM,Ahmed Sanchez,Medium,Canada
TXN001458,ACCT00305,CUST0186,2025-06-06 00:00:00,402.93,Withdrawal,Barbara Nguyen,United States,Branch,Fatima King,Low,Canada
TXN001459,ACCT00319,CUST0195,2025-06-06 00:00:00,137.9,Withdrawal,Elizabeth Anderson,United States,Wire,Jennifer Garcia,Low,Canada
TXN001460,ACCT00200,CUST0122,2025-06-06 00:00:00,3206.77,Deposit,Chloe Young,Switzerland,Branch,William Smith,Low,India
TXN001461,ACCT00065,CUST0036,2025-06-06 00:00:00,516.78,CashDeposit,Elizabeth Lee,Australia,Branch,Mia Scott,Medium,UAE
TXN001462,ACCT00082,CUST0044,2025-06-07 00:00:00,619.86,ACH,Global Capital,United States,Wire,Jessica White,Low,United Kingdom
TXN001463,ACCT00188,CUST0113,2025-06-07 00:00:00,990.22,ACH,Olga Brown,Ireland,Wire,Sarah Williams,Medium,Singapore
TXN001464,ACCT00151,CUST0091,2025-06-07 00:00:00,1066.79,CashDeposit,Michael Davis,United Kingdom,Branch,John Williams,Low,Germany
TXN001465,ACCT00167,CUST0100,2025-06-07 00:00:00,1840.26,ACH,William Scott,Germany,Wire,Mateo Walker,Low,Netherlands
TXN001466,ACCT00312,CUST0190,2025-06-07 00:00:00,2489.0,CashDeposit,Karen Moore,France,Branch,Mia Torres,Medium,Singapore
TXN001467,ACCT00019,CUST0009,2025-06-08 00:00:00,20000.0,WireTransfer,Global Exchange,Syria,Branch,Patricia Anderson,High,North Korea
TXN001468,ACCT00030,CUST0017,2025-06-08 00:00:00,2088.36,Withdrawal,Atlas Trading,Iran,Wire,Thomas King,High,Spain
TXN001469,ACCT00026,CUST0013,2025-06-08 00:00:00,130.37,Withdrawal,William Young,Syria,Branch,Jennifer Brown,High,Ireland
TXN001470,ACCT00137,CUST0082,2025-06-08 00:00:00,1102.65,Withdrawal,Ethan Gonzalez,Spain,Online,Sven Brown,Low,Spain
TXN001471,ACCT00096,CUST0055,2025-06-08 00:00:00,2226.9,ACH,Diego Williams,Singapore,Wire,Barbara Clark,Low,United Kingdom
TXN001472,ACCT00293,CUST0177,2025-06-08 00:00:00,1021.82,Withdrawal,Richard Davis,India,ATM,Fatima Wilson,Low,Spain
TXN001473,ACCT00160,CUST0096,2025-06-09 00:00:00,453.06,ACH,Linda Hill,Singapore,Branch,Karen Flores,Low,Ireland
TXN001474,ACCT00172,CUST0104,2025-06-09 00:00:00,507.94,CashDeposit,Falcon Imports,Singapore,ATM,Sarah Torres,Low,Canada
TXN001475,ACCT00199,CUST0122,2025-06-09 00:00:00,409.4,CashDeposit,Noah Anderson,Ireland,Branch,William Smith,Low,India
TXN001476,ACCT00289,CUST0174,2025-06-09 00:00:00,252.11,Deposit,Delta Enterprises,Singapore,Branch,Emma Davis,Low,United Kingdom
TXN001477,ACCT00270,CUST0162,2025-06-09 00:00:00,5567.89,WireTransfer,Prime Trading,Ireland,Branch,Olga Moore,Low,Ireland
TXN001478,ACCT00328,CUST0200,2025-06-09 00:00:00,877.08,Withdrawal,Barbara Thomas,Canada,ATM,Linda Moore,Low,Spain
TXN001479,ACCT00201,CUST0122,2025-06-09 00:00:00,199.7,WireTransfer,Thomas Young,UAE,Online,William Smith,Low,India
TXN001480,ACCT00174,CUST0105,2025-06-09 00:00:00,1144.48,WireTransfer,Lucas Garcia,Canada,ATM,Sven Young,Medium,Ireland
TXN001481,ACCT00105,CUST0060,2025-06-10 00:00:00,1958.72,WireTransfer,Metro Partners,Spain,Branch,Mary Davis,Medium,United Kingdom
TXN001482,ACCT00149,CUST0090,2025-06-10 00:00:00,800.1,Deposit,Priya Wilson,Australia,Branch,Jennifer Walker,Low,UAE
TXN001483,ACCT00070,CUST0038,2025-06-10 00:00:00,247.5,ACH,Pacific Trading,Singapore,Branch,Barbara Jones,Low,Canada
TXN001484,ACCT00111,CUST0064,2025-06-10 00:00:00,607.57,Deposit,Camila Brown,United States,Online,Diego Jones,Low,Netherlands
TXN001485,ACCT00186,CUST0111,2025-06-10 00:00:00,2380.05,CashDeposit,Emma Hernandez,Japan,ATM,Mia Wright,Low,Spain
TXN001486,ACCT00289,CUST0174,2025-06-10 00:00:00,543.2,CashDeposit,William Miller,UAE,Wire,Emma Davis,Low,United Kingdom
TXN001487,ACCT00256,CUST0155,2025-06-10 00:00:00,1026.08,WireTransfer,Olga Miller,Germany,Online,Wei White,Low,United Kingdom
TXN001488,ACCT00286,CUST0173,2025-06-10 00:00:00,1058.25,CashDeposit,James Hernandez,Spain,ATM,Karen Clark,Low,United Kingdom
TXN001489,ACCT00226,CUST0136,2025-06-10 00:00:00,337.18,Deposit,Anchor Trading,United Kingdom,Online,James Scott,Low,Japan
TXN001490,ACCT00156,CUST0095,2025-06-10 00:00:00,190.11,CashDeposit,Yuki Clark,India,ATM,Ahmed Sanchez,Medium,Canada
TXN001491,ACCT00327,CUST0200,2025-06-10 00:00:00,86.82,WireTransfer,Delta Exchange,France,Online,Linda Moore,Low,Spain
TXN001492,ACCT00165,CUST0099,2025-06-10 00:00:00,311.53,Deposit,Silver Ventures,France,ATM,Elizabeth Ramirez,Low,UAE
TXN001493,ACCT00150,CUST0090,2025-06-10 00:00:00,1366.16,WireTransfer,Metro Holdings,Switzerland,Wire,Jennifer Walker,Low,UAE
TXN001494,ACCT00100,CUST0057,2025-06-10 00:00:00,601.75,ACH,Emma Martinez,Australia,Online,Robert Walker,Low,India
TXN001495,ACCT00153,CUST0092,2025-06-11 00:00:00,173.45,Deposit,Yuki Martinez,United Kingdom,Online,Elizabeth Thomas,Medium,India
TXN001496,ACCT00127,CUST0075,2025-06-11 00:00:00,86.58,Withdrawal,Crown Enterprises,Spain,ATM,Patricia Torres,Medium,Spain
TXN001497,ACCT00319,CUST0195,2025-06-11 00:00:00,1702.03,WireTransfer,Pacific Holdings,Ireland,Wire,Jennifer Garcia,Low,Canada
TXN001498,ACCT00209,CUST0128,2025-06-11 00:00:00,391.03,CashDeposit,Barbara Jackson,India,Wire,Olga Moore,Low,Singapore
TXN001499,ACCT00278,CUST0168,2025-06-11 00:00:00,375.5,ACH,Sarah Lewis,Spain,Online,Charles Perez,Low,United Kingdom
TXN001500,ACCT00190,CUST0115,2025-06-12 00:00:00,139.1,ACH,Liam White,Germany,Online,Priya Lopez,Low,India
TXN001501,ACCT00259,CUST0156,2025-06-12 00:00:00,2698.36,CashDeposit,Jessica White,Japan,Branch,Barbara Hernandez,Low,Canada
TXN001502,ACCT00146,CUST0087,2025-06-12 00:00:00,299.76,CashDeposit,Delta Logistics,Japan,Online,Mia Nguyen,Medium,Canada
TXN001503,ACCT00012,CUST0005,2025-06-12 00:00:00,1941.07,WireTransfer,Sarah Miller,Afghanistan,Branch,Fatima Nguyen,High,Myanmar
TXN001504,ACCT00323,CUST0198,2025-06-12 00:00:00,354.24,Deposit,Metro Logistics,UAE,ATM,Patricia Jackson,Low,France
TXN001505,ACCT00025,CUST0013,2025-06-12 00:00:00,5740.14,Withdrawal,Mateo Lopez,Netherlands,Wire,Jennifer Brown,High,Ireland
TXN001506,ACCT00003,CUST0002,2025-06-12 00:00:00,1083.6,ACH,Falcon Freight,Afghanistan,ATM,William Ramirez,High,Yemen
TXN001507,ACCT00114,CUST0066,2025-06-12 00:00:00,717.26,WireTransfer,Atlas Ventures,United States,Wire,Charles Torres,Low,Germany
TXN001508,ACCT00068,CUST0037,2025-06-12 00:00:00,107.33,Withdrawal,Sven Clark,Ireland,Branch,Noah King,Medium,United Kingdom
TXN001509,ACCT00242,CUST0145,2025-06-12 00:00:00,1638.64,Deposit,Anchor Holdings,Netherlands,Online,Mateo Walker,Medium,Australia
TXN001510,ACCT00027,CUST0014,2025-06-12 00:00:00,2543.54,ACH,Anchor Partners,Myanmar,ATM,Ethan Jones,High,India
TXN001511,ACCT00120,CUST0071,2025-06-12 00:00:00,787.34,ACH,Nova Partners,Australia,Branch,Jessica Martin,Low,Ireland
TXN001512,ACCT00270,CUST0162,2025-06-12 00:00:00,714.26,Withdrawal,Liam Williams,France,Branch,Olga Moore,Low,Ireland
TXN001513,ACCT00026,CUST0013,2025-06-12 00:00:00,5000.0,CashDeposit,Crown Holdings,Syria,Branch,Jennifer Brown,High,Ireland
TXN001514,ACCT00322,CUST0197,2025-06-13 00:00:00,472.87,WireTransfer,Summit Trading,United Kingdom,Wire,Linda Clark,Low,Spain
TXN001515,ACCT00127,CUST0075,2025-06-13 00:00:00,204.32,WireTransfer,Lucas Walker,France,Branch,Patricia Torres,Medium,Spain
TXN001516,ACCT00177,CUST0107,2025-06-13 00:00:00,502.19,Withdrawal,Emma Sanchez,Switzerland,Wire,Jessica Martin,Low,Australia
TXN001517,ACCT00259,CUST0156,2025-06-13 00:00:00,4606.95,CashDeposit,Robert Scott,India,Online,Barbara Hernandez,Low,Canada
TXN001518,ACCT00204,CUST0124,2025-06-14 00:00:00,604.58,CashDeposit,Emma Jackson,Netherlands,Wire,Joseph Taylor,Low,Netherlands
TXN001519,ACCT00225,CUST0136,2025-06-14 00:00:00,139.58,Withdrawal,Linda Jackson,Netherlands,Wire,James Scott,Low,Japan
TXN001520,ACCT00028,CUST0015,2025-06-14 00:00:00,796.2,ACH,Mary Moore,Yemen,ATM,Sofia Smith,High,Ireland
TXN001521,ACCT00204,CUST0124,2025-06-14 00:00:00,943.69,Withdrawal,Crown Exchange,Ireland,Wire,Joseph Taylor,Low,Netherlands
TXN001522,ACCT00207,CUST0126,2025-06-14 00:00:00,492.83,WireTransfer,Joseph Smith,United Kingdom,Branch,Elizabeth Jones,Low,United Kingdom
TXN001523,ACCT00028,CUST0015,2025-06-14 00:00:00,25000.0,WireTransfer,Anchor Logistics,Libya,Branch,Sofia Smith,High,Ireland
TXN001524,ACCT00192,CUST0116,2025-06-15 00:00:00,928.77,CashDeposit,Michael Walker,Netherlands,ATM,John Sanchez,Low,Canada
TXN001525,ACCT00119,CUST0070,2025-06-15 00:00:00,324.03,Withdrawal,James Harris,Japan,Branch,Jennifer Jackson,Low,Switzerland
TXN001526,ACCT00066,CUST0036,2025-06-15 00:00:00,1368.49,CashDeposit,Diego White,Canada,Branch,Mia Scott,Medium,UAE
TXN001527,ACCT00172,CUST0104,2025-06-15 00:00:00,119.37,Deposit,Camila Ramirez,United Kingdom,Branch,Sarah Torres,Low,Canada
TXN001528,ACCT00213,CUST0130,2025-06-15 00:00:00,951.89,ACH,Pacific Imports,United Kingdom,ATM,Lucas Hill,Low,Ireland
TXN001529,ACCT00030,CUST0017,2025-06-15 00:00:00,530.47,Deposit,Ava White,Syria,Branch,Thomas King,High,Spain
TXN001530,ACCT00252,CUST0151,2025-06-15 00:00:00,2607.52,Withdrawal,John Garcia,Japan,Branch,Olga Garcia,Medium,Spain
TXN001531,ACCT00316,CUST0192,2025-06-15 00:00:00,6506.12,Withdrawal,Karen Clark,Singapore,ATM,Sofia Wilson,Low,Japan
TXN001532,ACCT00200,CUST0122,2025-06-16 00:00:00,978.8,ACH,Susan Torres,Ireland,ATM,William Smith,Low,India
TXN001533,ACCT00182,CUST0108,2025-06-16 00:00:00,932.95,CashDeposit,Noah Garcia,United Kingdom,Online,Diego Torres,Low,Australia
TXN001534,ACCT00322,CUST0197,2025-06-16 00:00:00,2219.63,Withdrawal,Union Ventures,Singapore,ATM,Linda Clark,Low,Spain
TXN001535,ACCT00179,CUST0107,2025-06-16 00:00:00,6119.29,Withdrawal,Delta Partners,Netherlands,Branch,Jessica Martin,Low,Australia
TXN001536,ACCT00167,CUST0100,2025-06-16 00:00:00,1497.27,Withdrawal,Horizon Freight,Canada,Wire,Mateo Walker,Low,Netherlands
TXN001537,ACCT00117,CUST0069,2025-06-16 00:00:00,1950.82,ACH,Metro Trading,United Kingdom,Wire,Camila Lewis,Low,Singapore
TXN001538,ACCT00095,CUST0054,2025-06-16 00:00:00,273.83,Deposit,Lucas King,Switzerland,Wire,Sofia Clark,Low,UAE
TXN001539,ACCT00264,CUST0158,2025-06-16 00:00:00,623.79,WireTransfer,Horizon Enterprises,Germany,Branch,Thomas Smith,Low,France
TXN001540,ACCT00287,CUST0173,2025-06-17 00:00:00,92.9,Deposit,James Jones,United Kingdom,Online,Karen Clark,Low,United Kingdom
TXN001541,ACCT00312,CUST0190,2025-06-17 00:00:00,3005.64,Withdrawal,Liam Brown,Ireland,Wire,Mia Torres,Medium,Singapore
TXN001542,ACCT00027,CUST0014,2025-06-17 00:00:00,976.15,Deposit,Anchor Ventures,Myanmar,Wire,Ethan Jones,High,India
TXN001543,ACCT00189,CUST0114,2025-06-17 00:00:00,1620.11,CashDeposit,John Jones,France,Wire,Emma Miller,Low,Netherlands
TXN001544,ACCT00189,CUST0114,2025-06-17 00:00:00,193.93,WireTransfer,Silver Logistics,Switzerland,Online,Emma Miller,Low,Netherlands
TXN001545,ACCT00266,CUST0159,2025-06-17 00:00:00,1016.78,Withdrawal,Anchor Freight,United Kingdom,Online,Camila Thompson,Medium,France
TXN001546,ACCT00214,CUST0130,2025-06-17 00:00:00,1597.26,CashDeposit,Summit Traders,Australia,Wire,Lucas Hill,Low,Ireland
TXN001547,ACCT00274,CUST0164,2025-06-17 00:00:00,1051.32,WireTransfer,Patricia Davis,Australia,ATM,Thomas Rodriguez,Medium,Switzerland
TXN001548,ACCT00012,CUST0005,2025-06-18 00:00:00,293.4,ACH,Ethan Gonzalez,Syria,ATM,Fatima Nguyen,High,Myanmar
TXN001549,ACCT00072,CUST0039,2025-06-18 00:00:00,329.64,CashDeposit,Atlas Partners,Singapore,Wire,Linda Nguyen,Low,Netherlands
TXN001550,ACCT00313,CUST0191,2025-06-18 00:00:00,4602.65,CashDeposit,Ava Davis,Ireland,ATM,Liam Flores,Low,Canada
TXN001551,ACCT00101,CUST0057,2025-06-18 00:00:00,1610.09,Deposit,Lucas Rodriguez,Australia,Wire,Robert Walker,Low,India
TXN001552,ACCT00186,CUST0111,2025-06-18 00:00:00,1210.51,CashDeposit,Mateo Scott,France,Branch,Mia Wright,Low,Spain
TXN001553,ACCT00134,CUST0079,2025-06-18 00:00:00,999.3,WireTransfer,Nova Traders,Canada,ATM,Jessica Moore,Low,Canada
TXN001554,ACCT00011,CUST0005,2025-06-19 00:00:00,735.17,ACH,Liam Thompson,UAE,Online,Fatima Nguyen,High,Myanmar
TXN001555,ACCT00292,CUST0176,2025-06-19 00:00:00,151.88,ACH,Sarah Perez,Netherlands,Wire,Michael Young,Low,France
TXN001556,ACCT00223,CUST0134,2025-06-19 00:00:00,226.32,ACH,Summit Holdings,Switzerland,Branch,Sven Young,Low,Spain
TXN001557,ACCT00135,CUST0080,2025-06-19 00:00:00,823.28,WireTransfer,Ava Flores,UAE,ATM,Priya Lee,Medium,Canada
TXN001558,ACCT00298,CUST0180,2025-06-19 00:00:00,1198.29,Deposit,Horizon Traders,Japan,Branch,Patricia Perez,Low,United Kingdom
TXN001559,ACCT00121,CUST0072,2025-06-19 00:00:00,1257.14,WireTransfer,Jessica Anderson,Germany,Online,Jessica Walker,Low,Spain
TXN001560,ACCT00033,CUST0018,2025-06-19 00:00:00,563.56,WireTransfer,Noah Brown,Libya,ATM,Amara Solis,High,Syria
TXN001561,ACCT00113,CUST0066,2025-06-19 00:00:00,1720.39,ACH,Global Capital,Japan,Online,Charles Torres,Low,Germany
TXN001562,ACCT00075,CUST0041,2025-06-19 00:00:00,347.49,WireTransfer,Pacific Holdings,India,Wire,Arjun Thomas,Low,Japan
TXN001563,ACCT00231,CUST0138,2025-06-19 00:00:00,617.47,WireTransfer,Pacific Freight,Germany,Branch,Sofia Rodriguez,Medium,India
TXN001564,ACCT00115,CUST0067,2025-06-19 00:00:00,640.96,CashDeposit,Union Holdings,Japan,Wire,Barbara Green,Low,France
TXN001565,ACCT00254,CUST0153,2025-06-19 00:00:00,7666.25,CashDeposit,Metro Ventures,France,Branch,Charles Anderson,Low,Ireland
TXN001566,ACCT00047,CUST0028,2025-06-19 00:00:00,1958.76,WireTransfer,Anchor Partners,France,ATM,Sven Gonzalez,Low,Canada
TXN001567,ACCT00073,CUST0040,2025-06-20 00:00:00,380.89,ACH,Karen Johnson,Canada,Branch,Sven Hill,Low,Singapore
TXN001568,ACCT00103,CUST0059,2025-06-20 00:00:00,62.62,Deposit,Diego Clark,Switzerland,Branch,John Moore,Medium,Switzerland
TXN001569,ACCT00111,CUST0064,2025-06-20 00:00:00,1552.19,CashDeposit,Chloe Lewis,Canada,Online,Diego Jones,Low,Netherlands
TXN001570,ACCT00127,CUST0075,2025-06-20 00:00:00,854.45,Withdrawal,Joseph Brown,Spain,Online,Patricia Torres,Medium,Spain
TXN001571,ACCT00130,CUST0077,2025-06-20 00:00:00,1892.96,WireTransfer,Sarah Smith,Spain,Online,Liam Ramirez,Medium,UAE
TXN001572,ACCT00269,CUST0161,2025-06-20 00:00:00,1947.53,Deposit,Fatima Wright,Spain,Branch,Jessica Harris,Low,Australia
TXN001573,ACCT00312,CUST0190,2025-06-20 00:00:00,2092.63,Withdrawal,Joseph Gonzalez,Singapore,Wire,Mia Torres,Medium,Singapore
TXN001574,ACCT00151,CUST0091,2025-06-20 00:00:00,1217.45,Deposit,Patricia Harris,France,Wire,John Williams,Low,Germany
TXN001575,ACCT00111,CUST0064,2025-06-21 00:00:00,75.74,WireTransfer,Priya Brown,Canada,Online,Diego Jones,Low,Netherlands
TXN001576,ACCT00105,CUST0060,2025-06-21 00:00:00,313.63,Withdrawal,Union Trading,Spain,Branch,Mary Davis,Medium,United Kingdom
TXN001577,ACCT00281,CUST0171,2025-06-21 00:00:00,588.72,CashDeposit,Yuki Jackson,Canada,ATM,Ahmed White,Low,Switzerland
TXN001578,ACCT00160,CUST0096,2025-06-21 00:00:00,4893.52,Deposit,Priya Brown,Germany,Online,Karen Flores,Low,Ireland
TXN001579,ACCT00253,CUST0152,2025-06-22 00:00:00,69.67,ACH,Global Traders,Canada,Branch,Arjun Young,Medium,United States
TXN001580,ACCT00285,CUST0173,2025-06-22 00:00:00,1292.98,Withdrawal,Summit Ventures,Singapore,Wire,Karen Clark,Low,United Kingdom
TXN001581,ACCT00096,CUST0055,2025-06-22 00:00:00,1690.18,WireTransfer,Noah Ramirez,Netherlands,Branch,Barbara Clark,Low,United Kingdom
TXN001582,ACCT00296,CUST0178,2025-06-22 00:00:00,202.86,Withdrawal,Union Imports,Switzerland,ATM,Fatima Scott,Low,Australia
TXN001583,ACCT00162,CUST0097,2025-06-22 00:00:00,619.18,WireTransfer,Delta Partners,Ireland,Online,Mateo Ramirez,Low,Canada
TXN001584,ACCT00114,CUST0066,2025-06-22 00:00:00,1397.06,ACH,Fatima Young,India,Wire,Charles Torres,Low,Germany
TXN001585,ACCT00170,CUST0103,2025-06-22 00:00:00,2417.21,Withdrawal,Ethan Clark,Australia,Branch,Emma Wilson,Low,Ireland
TXN001586,ACCT00162,CUST0097,2025-06-22 00:00:00,1097.36,CashDeposit,Fatima Moore,United States,Wire,Mateo Ramirez,Low,Canada
TXN001587,ACCT00322,CUST0197,2025-06-22 00:00:00,3462.63,WireTransfer,Sofia Ramirez,Spain,Branch,Linda Clark,Low,Spain
TXN001588,ACCT00238,CUST0142,2025-06-22 00:00:00,3190.06,Deposit,Liam Gonzalez,India,Branch,Sofia Martinez,Low,Singapore
TXN001589,ACCT00193,CUST0117,2025-06-22 00:00:00,853.47,Withdrawal,Emma Torres,Australia,ATM,Elizabeth Nguyen,Medium,Canada
TXN001590,ACCT00004,CUST0002,2025-06-22 00:00:00,338.18,WireTransfer,Liam Lee,Venezuela,Online,William Ramirez,High,Yemen
TXN001591,ACCT00329,CUST0200,2025-06-23 00:00:00,793.29,Withdrawal,Sofia Miller,India,Branch,Linda Moore,Low,Spain
TXN001592,ACCT00277,CUST0167,2025-06-23 00:00:00,572.35,Withdrawal,Linda Rodriguez,Spain,Online,Ava King,Low,Spain
TXN001593,ACCT00106,CUST0061,2025-06-23 00:00:00,255.92,Withdrawal,Crown Traders,Australia,Online,Michael Flores,Low,Australia
TXN001594,ACCT00072,CUST0039,2025-06-23 00:00:00,202.84,ACH,Barbara Flores,Netherlands,Online,Linda Nguyen,Low,Netherlands
TXN001595,ACCT00103,CUST0059,2025-06-23 00:00:00,2630.36,CashDeposit,Ahmed Clark,United Kingdom,Wire,John Moore,Medium,Switzerland
TXN001596,ACCT00314,CUST0191,2025-06-24 00:00:00,1309.21,ACH,Atlas Partners,Ireland,Branch,Liam Flores,Low,Canada
TXN001597,ACCT00102,CUST0058,2025-06-24 00:00:00,812.87,Withdrawal,Falcon Ventures,United Kingdom,Online,Joseph Anderson,Medium,Switzerland
TXN001598,ACCT00165,CUST0099,2025-06-24 00:00:00,633.56,Deposit,Arjun Lopez,France,Wire,Elizabeth Ramirez,Low,UAE
TXN001599,ACCT00220,CUST0133,2025-06-24 00:00:00,7418.09,CashDeposit,David Wilson,Spain,Online,Wei Clark,Low,Australia
TXN001600,ACCT00067,CUST0037,2025-06-24 00:00:00,335.97,ACH,Ava Green,Canada,Online,Noah King,Medium,United Kingdom
TXN001601,ACCT00261,CUST0157,2025-06-24 00:00:00,585.43,ACH,Crown Capital,France,Online,Jessica Young,Low,United Kingdom
TXN001602,ACCT00106,CUST0061,2025-06-24 00:00:00,349.48,Withdrawal,Mateo Hill,United States,Branch,Michael Flores,Low,Australia
TXN001603,ACCT00072,CUST0039,2025-06-24 00:00:00,2316.34,ACH,Horizon Capital,Spain,Branch,Linda Nguyen,Low,Netherlands
TXN001604,ACCT00313,CUST0191,2025-06-24 00:00:00,251.6,ACH,Nova Imports,Netherlands,Online,Liam Flores,Low,Canada
TXN001605,ACCT00112,CUST0065,2025-06-24 00:00:00,531.94,Withdrawal,Yuki Flores,UAE,Wire,Karen King,Low,Switzerland
TXN001606,ACCT00033,CUST0018,2025-06-25 00:00:00,198.86,Withdrawal,Karen Hernandez,Switzerland,Wire,Amara Solis,High,Syria
TXN001607,ACCT00005,CUST0002,2025-06-25 00:00:00,45836.29,WireTransfer,Susan Lopez,France,Wire,William Ramirez,High,Yemen
TXN001608,ACCT00079,CUST0042,2025-06-25 00:00:00,1105.43,Deposit,Elizabeth Young,Netherlands,Online,Arjun Jones,Low,India
TXN001609,ACCT00059,CUST0033,2025-06-25 00:00:00,125.39,Deposit,Susan Nguyen,India,Online,Jessica Hernandez,Low,India
TXN001610,ACCT00268,CUST0160,2025-06-25 00:00:00,105.63,WireTransfer,Nova Freight,Spain,ATM,Thomas Robinson,Low,Spain
TXN001611,ACCT00291,CUST0176,2025-06-25 00:00:00,458.58,CashDeposit,Michael King,France,ATM,Michael Young,Low,France
TXN001612,ACCT00066,CUST0036,2025-06-25 00:00:00,237.78,Deposit,Priya Wilson,India,ATM,Mia Scott,Medium,UAE
TXN001613,ACCT00175,CUST0106,2025-06-25 00:00:00,1898.79,CashDeposit,Susan Taylor,Canada,ATM,Emma Lewis,Low,Canada
TXN001614,ACCT00261,CUST0157,2025-06-25 00:00:00,35.54,ACH,Falcon Imports,Netherlands,Online,Jessica Young,Low,United Kingdom
TXN001615,ACCT00186,CUST0111,2025-06-25 00:00:00,213.22,Withdrawal,Silver Partners,Germany,ATM,Mia Wright,Low,Spain
TXN001616,ACCT00144,CUST0086,2025-06-25 00:00:00,637.99,WireTransfer,Sven Walker,Germany,Online,Olga Hernandez,Low,Singapore
TXN001617,ACCT00307,CUST0187,2025-06-25 00:00:00,1009.69,WireTransfer,Union Freight,Netherlands,Online,Robert Wright,Low,India
TXN001618,ACCT00117,CUST0069,2025-06-25 00:00:00,4452.36,ACH,Silver Holdings,Japan,Online,Camila Lewis,Low,Singapore
TXN001619,ACCT00325,CUST0198,2025-06-26 00:00:00,2253.6,ACH,Sunrise Partners,United States,Branch,Patricia Jackson,Low,France
TXN001620,ACCT00103,CUST0059,2025-06-26 00:00:00,553.97,ACH,Nova Freight,Singapore,Online,John Moore,Medium,Switzerland
TXN001621,ACCT00036,CUST0020,2025-06-26 00:00:00,52130.05,WireTransfer,Anchor Imports,Yemen,Wire,Viktor Kessler,High,Canada
TXN001622,ACCT00290,CUST0175,2025-06-26 00:00:00,418.66,CashDeposit,Yuki Thompson,Spain,Online,Fatima Scott,Medium,Netherlands
TXN001623,ACCT00049,CUST0029,2025-06-26 00:00:00,646.18,Withdrawal,Elizabeth Hernandez,Switzerland,Wire,Sven Robinson,Low,Switzerland
TXN001624,ACCT00288,CUST0174,2025-06-26 00:00:00,798.31,Withdrawal,James Lopez,UAE,Online,Emma Davis,Low,United Kingdom
TXN001625,ACCT00077,CUST0041,2025-06-26 00:00:00,717.67,Deposit,Olga Rodriguez,Netherlands,Branch,Arjun Thomas,Low,Japan
TXN001626,ACCT00255,CUST0154,2025-06-26 00:00:00,721.11,ACH,Lucas Green,United Kingdom,Branch,William Martin,Low,United States
TXN001627,ACCT00005,CUST0002,2025-06-26 04:00:00,43635.3,WireTransfer,Silver Exchange,United Kingdom,Wire,William Ramirez,High,Yemen
TXN001628,ACCT00315,CUST0191,2025-06-27 00:00:00,770.09,Deposit,Union Freight,Japan,Branch,Liam Flores,Low,Canada
TXN001629,ACCT00026,CUST0013,2025-06-27 00:00:00,1155.01,CashDeposit,Sarah Davis,Syria,ATM,Jennifer Brown,High,Ireland
TXN001630,ACCT00116,CUST0068,2025-06-27 00:00:00,746.22,WireTransfer,Barbara Clark,Netherlands,Wire,Charles Wilson,Medium,Ireland
TXN001631,ACCT00160,CUST0096,2025-06-27 00:00:00,1220.14,Deposit,Jennifer Torres,Netherlands,Wire,Karen Flores,Low,Ireland
TXN001632,ACCT00325,CUST0198,2025-06-27 00:00:00,1874.89,CashDeposit,Olga Davis,France,Branch,Patricia Jackson,Low,France
TXN001633,ACCT00328,CUST0200,2025-06-27 00:00:00,291.6,Deposit,Sunrise Capital,United States,Branch,Linda Moore,Low,Spain
TXN001634,ACCT00125,CUST0074,2025-06-28 00:00:00,413.35,ACH,Michael Harris,Switzerland,Wire,James Miller,Low,Germany
TXN001635,ACCT00203,CUST0124,2025-06-28 00:00:00,644.56,Withdrawal,Ethan Martinez,Canada,Online,Joseph Taylor,Low,Netherlands
TXN001636,ACCT00247,CUST0148,2025-06-28 00:00:00,1351.16,WireTransfer,Mary Miller,Singapore,Wire,Elizabeth Young,Low,United Kingdom
TXN001637,ACCT00138,CUST0082,2025-06-28 00:00:00,1517.92,Deposit,Thomas Jones,India,ATM,Sven Brown,Low,Spain
TXN001638,ACCT00157,CUST0095,2025-06-28 00:00:00,210.86,CashDeposit,Crown Logistics,Singapore,Wire,Ahmed Sanchez,Medium,Canada
TXN001639,ACCT00100,CUST0057,2025-06-28 00:00:00,960.42,Deposit,Summit Logistics,Spain,Online,Robert Walker,Low,India
TXN001640,ACCT00066,CUST0036,2025-06-28 00:00:00,1255.64,Withdrawal,Mary Martin,Australia,ATM,Mia Scott,Medium,UAE
TXN001641,ACCT00037,CUST0020,2025-06-28 00:00:00,10000.0,CashDeposit,Delta Imports,France,Branch,Viktor Kessler,High,Canada
TXN001642,ACCT00315,CUST0191,2025-06-28 00:00:00,138.16,Deposit,Lucas Brown,UAE,Online,Liam Flores,Low,Canada
TXN001643,ACCT00071,CUST0038,2025-06-28 00:00:00,1155.73,Deposit,Falcon Partners,Spain,Online,Barbara Jones,Low,Canada
TXN001644,ACCT00207,CUST0126,2025-06-29 00:00:00,121.04,ACH,Union Logistics,Switzerland,Online,Elizabeth Jones,Low,United Kingdom
TXN001645,ACCT00325,CUST0198,2025-06-29 00:00:00,1314.7,Deposit,Thomas Scott,United States,Online,Patricia Jackson,Low,France
TXN001646,ACCT00275,CUST0165,2025-06-29 00:00:00,295.6,Deposit,Crown Traders,India,Branch,Camila Williams,Medium,Australia
TXN001647,ACCT00030,CUST0017,2025-06-29 00:00:00,422.53,WireTransfer,Sven Hernandez,United States,Branch,Thomas King,High,Spain
TXN001648,ACCT00146,CUST0087,2025-06-29 00:00:00,1308.93,ACH,Olga Smith,Spain,Wire,Mia Nguyen,Medium,Canada
TXN001649,ACCT00030,CUST0017,2025-06-29 00:00:00,42710.2,WireTransfer,Ethan Anderson,Singapore,Wire,Thomas King,High,Spain
TXN001650,ACCT00095,CUST0054,2025-06-29 00:00:00,589.37,Deposit,Silver Partners,Germany,Online,Sofia Clark,Low,UAE
TXN001651,ACCT00200,CUST0122,2025-06-29 00:00:00,572.01,WireTransfer,William Lee,Australia,Wire,William Smith,Low,India
TXN001652,ACCT00135,CUST0080,2025-06-29 00:00:00,575.64,ACH,Barbara Williams,Australia,Online,Priya Lee,Medium,Canada
TXN001653,ACCT00076,CUST0041,2025-06-29 00:00:00,195.6,ACH,Anchor Capital,Spain,Wire,Arjun Thomas,Low,Japan
TXN001654,ACCT00030,CUST0017,2025-06-29 16:00:00,40518.43,WireTransfer,Emma Lopez,Syria,Wire,Thomas King,High,Spain
TXN001655,ACCT00129,CUST0076,2025-06-30 00:00:00,867.73,CashDeposit,Summit Trading,UAE,Online,Yuki Wright,Medium,Netherlands
TXN001656,ACCT00110,CUST0063,2025-06-30 00:00:00,1589.69,ACH,Anchor Traders,Japan,ATM,Diego Smith,Low,Ireland
TXN001657,ACCT00329,CUST0200,2025-06-30 00:00:00,158.75,ACH,Mary Harris,Japan,ATM,Linda Moore,Low,Spain
TXN001658,ACCT00157,CUST0095,2025-06-30 00:00:00,1295.06,CashDeposit,David Moore,India,ATM,Ahmed Sanchez,Medium,Canada
TXN001659,ACCT00045,CUST0027,2025-06-30 00:00:00,823.56,CashDeposit,Sven Scott,Netherlands,Wire,David Nguyen,Low,India
TXN001660,ACCT00155,CUST0094,2025-06-30 00:00:00,3351.67,Deposit,Nova Ventures,France,Branch,William Martin,Medium,Netherlands
TXN001661,ACCT00161,CUST0096,2025-06-30 00:00:00,1294.56,Withdrawal,Jessica Anderson,Japan,ATM,Karen Flores,Low,Ireland
TXN001662,ACCT00086,CUST0047,2025-06-30 00:00:00,340.67,WireTransfer,Horizon Capital,France,Wire,Sarah Jackson,Low,Germany
TXN001663,ACCT00285,CUST0173,2025-06-30 00:00:00,250.79,CashDeposit,John Robinson,Germany,Wire,Karen Clark,Low,United Kingdom
TXN001664,ACCT00227,CUST0136,2025-06-30 00:00:00,944.77,ACH,Joseph Harris,Germany,ATM,James Scott,Low,Japan
TXN001665,ACCT00307,CUST0187,2025-06-30 00:00:00,541.25,CashDeposit,Jessica Scott,Netherlands,Wire,Robert Wright,Low,India
TXN001666,ACCT00149,CUST0090,2025-06-30 00:00:00,774.14,WireTransfer,Global Group,India,Branch,Jennifer Walker,Low,UAE
TXN001667,ACCT00009,CUST0004,2025-06-30 00:00:00,25000.0,WireTransfer,Karen Lewis,Switzerland,Branch,Yuki Scott,High,Afghanistan
TXN001668,ACCT00151,CUST0091,2025-07-01 00:00:00,190.49,ACH,Diego King,United Kingdom,Online,John Williams,Low,Germany
TXN001669,ACCT00251,CUST0151,2025-07-01 00:00:00,2165.68,WireTransfer,Barbara Sanchez,Spain,ATM,Olga Garcia,Medium,Spain
TXN001670,ACCT00099,CUST0057,2025-07-01 00:00:00,3502.59,CashDeposit,Falcon Exchange,United States,Branch,Robert Walker,Low,India
TXN001671,ACCT00227,CUST0136,2025-07-01 00:00:00,775.19,Withdrawal,Arjun Anderson,United States,Online,James Scott,Low,Japan
TXN001672,ACCT00296,CUST0178,2025-07-01 00:00:00,1411.89,ACH,Nova Partners,Japan,Branch,Fatima Scott,Low,Australia
TXN001673,ACCT00198,CUST0121,2025-07-01 00:00:00,1243.28,CashDeposit,Ava Brown,Netherlands,Online,Susan Taylor,Low,United Kingdom
TXN001674,ACCT00112,CUST0065,2025-07-01 00:00:00,261.01,ACH,Barbara Thomas,UAE,Wire,Karen King,Low,Switzerland
TXN001675,ACCT00252,CUST0151,2025-07-01 00:00:00,844.57,Withdrawal,Linda Sanchez,Netherlands,ATM,Olga Garcia,Medium,Spain
TXN001676,ACCT00263,CUST0158,2025-07-01 00:00:00,534.51,Withdrawal,Linda Hill,Japan,Wire,Thomas Smith,Low,France
TXN001677,ACCT00028,CUST0015,2025-07-02 00:00:00,731.66,ACH,Barbara Johnson,France,Branch,Sofia Smith,High,Ireland
TXN001678,ACCT00267,CUST0159,2025-07-02 00:00:00,54.97,Withdrawal,Patricia Williams,Switzerland,Online,Camila Thompson,Medium,France
TXN001679,ACCT00011,CUST0005,2025-07-02 00:00:00,8422.75,CashDeposit,Falcon Ventures,Venezuela,Wire,Fatima Nguyen,High,Myanmar
TXN001680,ACCT00312,CUST0190,2025-07-02 00:00:00,103.34,CashDeposit,Lucas Robinson,UAE,ATM,Mia Torres,Medium,Singapore
TXN001681,ACCT00300,CUST0182,2025-07-02 00:00:00,1104.2,CashDeposit,Priya Walker,Germany,Wire,Elizabeth Flores,Medium,United Kingdom
TXN001682,ACCT00214,CUST0130,2025-07-02 00:00:00,855.97,CashDeposit,Silver Capital,Singapore,Wire,Lucas Hill,Low,Ireland
TXN001683,ACCT00163,CUST0098,2025-07-03 00:00:00,280.68,ACH,Prime Ventures,Japan,Online,Sven Young,Medium,Switzerland
TXN001684,ACCT00077,CUST0041,2025-07-03 00:00:00,264.89,Deposit,Union Traders,Spain,ATM,Arjun Thomas,Low,Japan
TXN001685,ACCT00149,CUST0090,2025-07-03 00:00:00,133.26,Withdrawal,Fatima Martinez,Germany,Branch,Jennifer Walker,Low,UAE
TXN001686,ACCT00018,CUST0009,2025-07-03 00:00:00,815.42,Deposit,Liam Young,Venezuela,Wire,Patricia Anderson,High,North Korea
TXN001687,ACCT00048,CUST0028,2025-07-03 00:00:00,3498.67,CashDeposit,Karen Flores,France,Branch,Sven Gonzalez,Low,Canada
TXN001688,ACCT00200,CUST0122,2025-07-03 00:00:00,210.39,WireTransfer,Anchor Trading,Germany,ATM,William Smith,Low,India
TXN001689,ACCT00175,CUST0106,2025-07-03 00:00:00,170.14,WireTransfer,Mary Lewis,India,Online,Emma Lewis,Low,Canada
TXN001690,ACCT00027,CUST0014,2025-07-03 00:00:00,1180.82,Withdrawal,Jennifer Hernandez,Afghanistan,Wire,Ethan Jones,High,India
TXN001691,ACCT00038,CUST0021,2025-07-03 00:00:00,885.25,ACH,Noah Perez,Libya,ATM,Tatiana Orlova,High,Libya
TXN001692,ACCT00050,CUST0029,2025-07-04 00:00:00,1800.38,ACH,Robert Lee,India,Wire,Sven Robinson,Low,Switzerland
TXN001693,ACCT00012,CUST0005,2025-07-04 00:00:00,1246.56,WireTransfer,Richard Robinson,India,Online,Fatima Nguyen,High,Myanmar
TXN001694,ACCT00200,CUST0122,2025-07-04 00:00:00,1057.1,CashDeposit,Robert Thompson,Spain,Wire,William Smith,Low,India
TXN001695,ACCT00125,CUST0074,2025-07-04 00:00:00,2374.37,ACH,Horizon Capital,Netherlands,Wire,James Miller,Low,Germany
TXN001696,ACCT00142,CUST0085,2025-07-04 00:00:00,1756.26,CashDeposit,Ahmed Thomas,United States,Wire,Emma Anderson,Low,Japan
TXN001697,ACCT00060,CUST0033,2025-07-04 00:00:00,1090.11,CashDeposit,Prime Capital,Australia,ATM,Jessica Hernandez,Low,India
TXN001698,ACCT00078,CUST0042,2025-07-04 00:00:00,318.77,ACH,David Rodriguez,France,Online,Arjun Jones,Low,India
TXN001699,ACCT00062,CUST0034,2025-07-04 00:00:00,513.35,Deposit,Union Capital,Canada,Online,William Harris,Low,Japan
TXN001700,ACCT00293,CUST0177,2025-07-05 00:00:00,1329.9,WireTransfer,Liam Robinson,Japan,Online,Fatima Wilson,Low,Spain
TXN001701,ACCT00123,CUST0073,2025-07-05 00:00:00,107.84,Deposit,Elizabeth Taylor,France,Online,Lucas Gonzalez,Low,India
TXN001702,ACCT00164,CUST0098,2025-07-05 00:00:00,120.62,Deposit,Fatima Walker,Singapore,ATM,Sven Young,Medium,Switzerland
TXN001703,ACCT00296,CUST0178,2025-07-05 00:00:00,1578.52,WireTransfer,Sunrise Freight,Netherlands,ATM,Fatima Scott,Low,Australia
TXN001704,ACCT00213,CUST0130,2025-07-05 00:00:00,635.55,CashDeposit,Summit Capital,Netherlands,Branch,Lucas Hill,Low,Ireland
TXN001705,ACCT00111,CUST0064,2025-07-05 00:00:00,4446.54,CashDeposit,Silver Exchange,UAE,Branch,Diego Jones,Low,Netherlands
TXN001706,ACCT00110,CUST0063,2025-07-05 00:00:00,244.61,Deposit,Ethan Wilson,India,ATM,Diego Smith,Low,Ireland
TXN001707,ACCT00176,CUST0106,2025-07-05 00:00:00,247.69,WireTransfer,Olga Jones,Netherlands,Branch,Emma Lewis,Low,Canada
TXN001708,ACCT00070,CUST0038,2025-07-05 00:00:00,249.01,Deposit,Liam Green,UAE,Wire,Barbara Jones,Low,Canada
TXN001709,ACCT00177,CUST0107,2025-07-06 00:00:00,498.75,Deposit,Ahmed Garcia,Japan,Online,Jessica Martin,Low,Australia
TXN001710,ACCT00214,CUST0130,2025-07-06 00:00:00,729.06,Deposit,Global Capital,Germany,Wire,Lucas Hill,Low,Ireland
TXN001711,ACCT00242,CUST0145,2025-07-06 00:00:00,447.59,Deposit,Sven Johnson,France,Wire,Mateo Walker,Medium,Australia
TXN001712,ACCT00097,CUST0055,2025-07-06 00:00:00,1729.01,Deposit,David Thomas,Spain,Wire,Barbara Clark,Low,United Kingdom
TXN001713,ACCT00060,CUST0033,2025-07-06 00:00:00,1609.47,ACH,Sunrise Partners,India,ATM,Jessica Hernandez,Low,India
TXN001714,ACCT00210,CUST0129,2025-07-06 00:00:00,82.51,WireTransfer,Metro Trading,Singapore,Online,Robert Ramirez,Medium,Netherlands
TXN001715,ACCT00127,CUST0075,2025-07-06 00:00:00,1128.85,Withdrawal,Mateo Robinson,Canada,Online,Patricia Torres,Medium,Spain
TXN001716,ACCT00219,CUST0132,2025-07-06 00:00:00,812.25,Deposit,Mateo Hernandez,India,ATM,Mia Ramirez,Medium,Spain
TXN001717,ACCT00301,CUST0183,2025-07-06 00:00:00,7264.58,Deposit,Noah Green,Spain,Wire,Thomas Lopez,Low,United Kingdom
TXN001718,ACCT00315,CUST0191,2025-07-07 00:00:00,1022.56,WireTransfer,Crown Capital,Switzerland,Wire,Liam Flores,Low,Canada
TXN001719,ACCT00326,CUST0199,2025-07-07 00:00:00,484.27,ACH,Elizabeth Taylor,UAE,Online,Susan Martinez,Low,Australia
TXN001720,ACCT00213,CUST0130,2025-07-07 00:00:00,438.7,Deposit,Barbara Martinez,Ireland,Wire,Lucas Hill,Low,Ireland
TXN001721,ACCT00281,CUST0171,2025-07-07 00:00:00,325.49,WireTransfer,Wei Jackson,Canada,Online,Ahmed White,Low,Switzerland
TXN001722,ACCT00060,CUST0033,2025-07-07 00:00:00,559.68,Withdrawal,Delta Capital,Japan,Wire,Jessica Hernandez,Low,India
TXN001723,ACCT00136,CUST0081,2025-07-07 00:00:00,259.85,ACH,Union Group,Japan,Branch,Elizabeth Wilson,Low,Japan
TXN001724,ACCT00298,CUST0180,2025-07-08 00:00:00,807.0,WireTransfer,Yuki Clark,United Kingdom,Branch,Patricia Perez,Low,United Kingdom
TXN001725,ACCT00173,CUST0105,2025-07-08 00:00:00,86.87,WireTransfer,Crown Ventures,Netherlands,Branch,Sven Young,Medium,Ireland
TXN001726,ACCT00119,CUST0070,2025-07-08 00:00:00,247.85,Deposit,Ethan Young,Germany,Branch,Jennifer Jackson,Low,Switzerland
TXN001727,ACCT00026,CUST0013,2025-07-08 00:00:00,416.07,Withdrawal,Linda Anderson,Netherlands,ATM,Jennifer Brown,High,Ireland
TXN001728,ACCT00008,CUST0003,2025-07-09 00:00:00,4345.06,WireTransfer,Mary Taylor,Myanmar,Wire,Ahmed Miller,High,Ireland
TXN001729,ACCT00281,CUST0171,2025-07-09 00:00:00,1568.72,CashDeposit,John Nguyen,United Kingdom,Wire,Ahmed White,Low,Switzerland
TXN001730,ACCT00292,CUST0176,2025-07-09 00:00:00,221.99,ACH,Sarah Young,UAE,Wire,Michael Young,Low,France
TXN001731,ACCT00107,CUST0061,2025-07-09 00:00:00,1782.42,Deposit,Falcon Ventures,Canada,Wire,Michael Flores,Low,Australia
TXN001732,ACCT00087,CUST0048,2025-07-09 00:00:00,461.59,Withdrawal,Arjun Thompson,Singapore,Online,Thomas King,Low,Spain
TXN001733,ACCT00182,CUST0108,2025-07-09 00:00:00,82.61,Deposit,Richard Hernandez,Singapore,Wire,Diego Torres,Low,Australia
TXN001734,ACCT00231,CUST0138,2025-07-10 00:00:00,686.14,ACH,Priya Lee,Netherlands,ATM,Sofia Rodriguez,Medium,India
TXN001735,ACCT00190,CUST0115,2025-07-10 00:00:00,929.88,CashDeposit,Sunrise Logistics,Spain,Wire,Priya Lopez,Low,India
TXN001736,ACCT00135,CUST0080,2025-07-10 00:00:00,665.94,Withdrawal,Jennifer Miller,Germany,ATM,Priya Lee,Medium,Canada
TXN001737,ACCT00105,CUST0060,2025-07-10 00:00:00,2097.38,ACH,Elizabeth Wright,Switzerland,ATM,Mary Davis,Medium,United Kingdom
TXN001738,ACCT00039,CUST0021,2025-07-10 00:00:00,643.47,WireTransfer,Sarah Harris,Venezuela,Online,Tatiana Orlova,High,Libya
TXN001739,ACCT00311,CUST0190,2025-07-10 00:00:00,859.39,CashDeposit,William Miller,Netherlands,Online,Mia Torres,Medium,Singapore
TXN001740,ACCT00292,CUST0176,2025-07-10 00:00:00,546.6,CashDeposit,Camila Lopez,Japan,Wire,Michael Young,Low,France
TXN001741,ACCT00282,CUST0171,2025-07-10 00:00:00,1120.22,ACH,Liam Rodriguez,Australia,Branch,Ahmed White,Low,Switzerland
TXN001742,ACCT00014,CUST0007,2025-07-10 09:00:00,9241.38,CashDeposit,Sunrise Holdings,Myanmar,Branch,Wei Wilson,High,Netherlands
TXN001743,ACCT00114,CUST0066,2025-07-11 00:00:00,2477.28,WireTransfer,Charles Lewis,United Kingdom,Branch,Charles Torres,Low,Germany
TXN001744,ACCT00047,CUST0028,2025-07-11 00:00:00,556.83,CashDeposit,Nova Freight,India,Wire,Sven Gonzalez,Low,Canada
TXN001745,ACCT00008,CUST0003,2025-07-11 00:00:00,629.18,Deposit,Metro Exchange,United States,Wire,Ahmed Miller,High,Ireland
TXN001746,ACCT00146,CUST0087,2025-07-11 00:00:00,76.59,Withdrawal,Charles Ramirez,Singapore,Online,Mia Nguyen,Medium,Canada
TXN001747,ACCT00193,CUST0117,2025-07-11 00:00:00,2512.25,Withdrawal,Ahmed Brown,UAE,Branch,Elizabeth Nguyen,Medium,Canada
TXN001748,ACCT00222,CUST0134,2025-07-11 00:00:00,491.94,Withdrawal,Noah Green,Japan,ATM,Sven Young,Low,Spain
TXN001749,ACCT00115,CUST0067,2025-07-11 00:00:00,316.57,Withdrawal,James Young,France,Online,Barbara Green,Low,France
TXN001750,ACCT00259,CUST0156,2025-07-11 00:00:00,367.78,WireTransfer,Olga Robinson,United Kingdom,ATM,Barbara Hernandez,Low,Canada
TXN001751,ACCT00198,CUST0121,2025-07-11 00:00:00,367.84,Withdrawal,Crown Partners,Switzerland,Branch,Susan Taylor,Low,United Kingdom
TXN001752,ACCT00143,CUST0085,2025-07-11 00:00:00,806.17,Deposit,Robert Green,Singapore,Wire,Emma Anderson,Low,Japan
TXN001753,ACCT00100,CUST0057,2025-07-11 00:00:00,507.19,CashDeposit,Mary Garcia,Spain,Branch,Robert Walker,Low,India
TXN001754,ACCT00004,CUST0002,2025-07-11 00:00:00,523.65,ACH,Susan Thomas,Ireland,Wire,William Ramirez,High,Yemen
TXN001755,ACCT00176,CUST0106,2025-07-11 00:00:00,671.18,CashDeposit,Karen Williams,India,ATM,Emma Lewis,Low,Canada
TXN001756,ACCT00219,CUST0132,2025-07-11 00:00:00,866.12,WireTransfer,Wei Clark,Australia,Online,Mia Ramirez,Medium,Spain
TXN001757,ACCT00146,CUST0087,2025-07-11 00:00:00,68.48,Withdrawal,Thomas Martin,France,ATM,Mia Nguyen,Medium,Canada
TXN001758,ACCT00123,CUST0073,2025-07-11 00:00:00,509.91,ACH,Mia Jones,France,Wire,Lucas Gonzalez,Low,India
TXN001759,ACCT00229,CUST0137,2025-07-11 00:00:00,237.8,Deposit,Diego Jones,India,ATM,Chloe Young,Medium,India
TXN001760,ACCT00254,CUST0153,2025-07-11 00:00:00,1737.07,CashDeposit,Horizon Enterprises,United States,Branch,Charles Anderson,Low,Ireland
TXN001761,ACCT00326,CUST0199,2025-07-11 00:00:00,209.83,Deposit,Arjun Anderson,UAE,Wire,Susan Martinez,Low,Australia
TXN001762,ACCT00146,CUST0087,2025-07-11 00:00:00,447.72,CashDeposit,Falcon Exchange,Australia,ATM,Mia Nguyen,Medium,Canada
TXN001763,ACCT00014,CUST0007,2025-07-11 13:00:00,9859.82,CashDeposit,Nova Logistics,Syria,Branch,Wei Wilson,High,Netherlands
TXN001764,ACCT00065,CUST0036,2025-07-12 00:00:00,711.59,CashDeposit,Camila Sanchez,Australia,ATM,Mia Scott,Medium,UAE
TXN001765,ACCT00147,CUST0088,2025-07-12 00:00:00,985.62,WireTransfer,Silver Trading,Ireland,Wire,Barbara Brown,Low,Japan
TXN001766,ACCT00258,CUST0155,2025-07-12 00:00:00,156.11,CashDeposit,William Lopez,Canada,Online,Wei White,Low,United Kingdom
TXN001767,ACCT00124,CUST0074,2025-07-12 00:00:00,325.79,CashDeposit,Priya Flores,India,ATM,James Miller,Low,Germany
TXN001768,ACCT00303,CUST0185,2025-07-12 00:00:00,1837.38,WireTransfer,Ahmed Gonzalez,Netherlands,ATM,Sven Wright,Low,UAE
TXN001769,ACCT00108,CUST0061,2025-07-12 00:00:00,1149.1,Deposit,Falcon Partners,Germany,Branch,Michael Flores,Low,Australia
TXN001770,ACCT00128,CUST0075,2025-07-12 00:00:00,1090.02,ACH,Pacific Logistics,United States,Online,Patricia Torres,Medium,Spain
TXN001771,ACCT00032,CUST0018,2025-07-12 00:00:00,114.59,WireTransfer,Ava Green,Libya,Wire,Amara Solis,High,Syria
TXN001772,ACCT00214,CUST0130,2025-07-12 00:00:00,2900.59,CashDeposit,Arjun Sanchez,Switzerland,Branch,Lucas Hill,Low,Ireland
TXN001773,ACCT00229,CUST0137,2025-07-12 00:00:00,2397.94,WireTransfer,Richard Johnson,United States,ATM,Chloe Young,Medium,India
TXN001774,ACCT00014,CUST0007,2025-07-12 13:00:00,9895.41,CashDeposit,Michael Moore,Ireland,Branch,Wei Wilson,High,Netherlands
TXN001775,ACCT00146,CUST0087,2025-07-13 00:00:00,700.38,WireTransfer,Sunrise Freight,France,Branch,Mia Nguyen,Medium,Canada
TXN001776,ACCT00046,CUST0027,2025-07-13 00:00:00,792.06,Deposit,David Hernandez,France,Wire,David Nguyen,Low,India
TXN001777,ACCT00095,CUST0054,2025-07-13 00:00:00,1369.75,CashDeposit,Emma Miller,Australia,Wire,Sofia Clark,Low,UAE
TXN001778,ACCT00181,CUST0108,2025-07-13 00:00:00,45.39,CashDeposit,Susan Davis,Canada,Branch,Diego Torres,Low,Australia
TXN001779,ACCT00206,CUST0126,2025-07-13 00:00:00,961.73,WireTransfer,Thomas Flores,Spain,Online,Elizabeth Jones,Low,United Kingdom
TXN001780,ACCT00298,CUST0180,2025-07-13 00:00:00,1119.41,WireTransfer,Charles Walker,Netherlands,ATM,Patricia Perez,Low,United Kingdom
TXN001781,ACCT00228,CUST0137,2025-07-13 00:00:00,332.9,Withdrawal,Emma Sanchez,France,Branch,Chloe Young,Medium,India
TXN001782,ACCT00312,CUST0190,2025-07-13 00:00:00,1053.4,Withdrawal,Karen Anderson,Netherlands,Wire,Mia Torres,Medium,Singapore
TXN001783,ACCT00030,CUST0017,2025-07-13 00:00:00,1505.23,WireTransfer,Lucas Sanchez,Iran,ATM,Thomas King,High,Spain
TXN001784,ACCT00327,CUST0200,2025-07-13 00:00:00,697.49,CashDeposit,Horizon Freight,Canada,Online,Linda Moore,Low,Spain
TXN001785,ACCT00014,CUST0007,2025-07-13 05:00:00,9610.75,CashDeposit,Metro Trading,North Korea,Branch,Wei Wilson,High,Netherlands
TXN001786,ACCT00130,CUST0077,2025-07-14 00:00:00,982.92,Deposit,Metro Holdings,Canada,Online,Liam Ramirez,Medium,UAE
TXN001787,ACCT00242,CUST0145,2025-07-14 00:00:00,1195.52,Withdrawal,John Wright,Australia,ATM,Mateo Walker,Medium,Australia
TXN001788,ACCT00060,CUST0033,2025-07-14 00:00:00,1956.05,CashDeposit,Thomas Lopez,Australia,Branch,Jessica Hernandez,Low,India
TXN001789,ACCT00167,CUST0100,2025-07-14 00:00:00,1154.56,Deposit,Sofia Jones,Australia,ATM,Mateo Walker,Low,Netherlands
TXN001790,ACCT00319,CUST0195,2025-07-14 00:00:00,4679.06,CashDeposit,John Harris,UAE,Branch,Jennifer Garcia,Low,Canada
TXN001791,ACCT00227,CUST0136,2025-07-14 00:00:00,2777.92,Deposit,Emma Ramirez,Germany,ATM,James Scott,Low,Japan
TXN001792,ACCT00003,CUST0002,2025-07-14 00:00:00,7584.39,Withdrawal,Pacific Capital,North Korea,Online,William Ramirez,High,Yemen
TXN001793,ACCT00062,CUST0034,2025-07-15 00:00:00,974.51,Deposit,Ahmed Lewis,Ireland,Branch,William Harris,Low,Japan
TXN001794,ACCT00207,CUST0126,2025-07-15 00:00:00,4465.5,Deposit,Lucas Davis,Spain,Branch,Elizabeth Jones,Low,United Kingdom
TXN001795,ACCT00259,CUST0156,2025-07-15 00:00:00,141.97,CashDeposit,Robert Johnson,Switzerland,ATM,Barbara Hernandez,Low,Canada
TXN001796,ACCT00028,CUST0015,2025-07-15 00:00:00,847.69,WireTransfer,Lucas King,Libya,Wire,Sofia Smith,High,Ireland
TXN001797,ACCT00188,CUST0113,2025-07-15 00:00:00,284.96,WireTransfer,Metro Enterprises,Ireland,Online,Sarah Williams,Medium,Singapore
TXN001798,ACCT00289,CUST0174,2025-07-15 00:00:00,392.17,CashDeposit,Anchor Capital,UAE,Branch,Emma Davis,Low,United Kingdom
TXN001799,ACCT00217,CUST0132,2025-07-15 00:00:00,946.25,CashDeposit,Atlas Freight,Canada,Online,Mia Ramirez,Medium,Spain
TXN001800,ACCT00297,CUST0179,2025-07-15 00:00:00,198.7,WireTransfer,Metro Freight,Germany,ATM,Linda Robinson,Medium,Switzerland
TXN001801,ACCT00005,CUST0002,2025-07-15 00:00:00,1106.97,ACH,Wei Davis,Syria,Wire,William Ramirez,High,Yemen
TXN001802,ACCT00061,CUST0034,2025-07-15 00:00:00,339.81,CashDeposit,Elizabeth Hernandez,India,ATM,William Harris,Low,Japan
TXN001803,ACCT00255,CUST0154,2025-07-15 00:00:00,858.34,CashDeposit,John Wilson,Australia,Wire,William Martin,Low,United States
TXN001804,ACCT00307,CUST0187,2025-07-16 00:00:00,781.94,Withdrawal,David Lee,Netherlands,ATM,Robert Wright,Low,India
TXN001805,ACCT00020,CUST0010,2025-07-16 00:00:00,21342.49,WireTransfer,Amara Solis,North Korea,Wire,Arjun Wilson,High,Switzerland
TXN001806,ACCT00326,CUST0199,2025-07-16 00:00:00,84.49,Deposit,Atlas Trading,Netherlands,Branch,Susan Martinez,Low,Australia
TXN001807,ACCT00026,CUST0013,2025-07-16 00:00:00,3362.81,Withdrawal,Anchor Traders,Spain,Online,Jennifer Brown,High,Ireland
TXN001808,ACCT00078,CUST0042,2025-07-16 00:00:00,223.11,WireTransfer,James Nguyen,United Kingdom,Online,Arjun Jones,Low,India
TXN001809,ACCT00076,CUST0041,2025-07-16 00:00:00,1530.77,Deposit,Mia Ramirez,Germany,ATM,Arjun Thomas,Low,Japan
TXN001810,ACCT00075,CUST0041,2025-07-16 00:00:00,3389.36,Deposit,Ethan Hill,Japan,Branch,Arjun Thomas,Low,Japan
TXN001811,ACCT00025,CUST0013,2025-07-16 00:00:00,1757.81,WireTransfer,Crown Holdings,Syria,Wire,Jennifer Brown,High,Ireland
TXN001812,ACCT00182,CUST0108,2025-07-16 00:00:00,759.01,CashDeposit,Mary Green,Japan,Wire,Diego Torres,Low,Australia
TXN001813,ACCT00025,CUST0013,2025-07-17 00:00:00,2555.6,Deposit,James White,North Korea,Online,Jennifer Brown,High,Ireland
TXN001814,ACCT00296,CUST0178,2025-07-17 00:00:00,103.5,Deposit,Pacific Trading,UAE,ATM,Fatima Scott,Low,Australia
TXN001815,ACCT00291,CUST0176,2025-07-17 00:00:00,660.47,Withdrawal,Silver Logistics,Spain,Wire,Michael Young,Low,France
TXN001816,ACCT00088,CUST0048,2025-07-17 00:00:00,2984.94,WireTransfer,Karen Lewis,France,Branch,Thomas King,Low,Spain
TXN001817,ACCT00315,CUST0191,2025-07-17 00:00:00,1551.45,ACH,Barbara Thompson,Netherlands,Online,Liam Flores,Low,Canada
TXN001818,ACCT00054,CUST0031,2025-07-17 00:00:00,86.34,Withdrawal,Summit Group,United States,Branch,David Ramirez,Low,France
TXN001819,ACCT00067,CUST0037,2025-07-17 00:00:00,364.68,Withdrawal,Michael Lee,Singapore,Wire,Noah King,Medium,United Kingdom
TXN001820,ACCT00001,CUST0001,2025-07-17 00:00:00,346.6,CashDeposit,Chloe Green,France,Wire,Mateo Clark,High,Ireland
TXN001821,ACCT00277,CUST0167,2025-07-17 00:00:00,1215.72,CashDeposit,Liam Martinez,Australia,Online,Ava King,Low,Spain
TXN001822,ACCT00176,CUST0106,2025-07-18 00:00:00,3264.64,Withdrawal,Olga Lee,Ireland,ATM,Emma Lewis,Low,Canada
TXN001823,ACCT00303,CUST0185,2025-07-18 00:00:00,479.8,WireTransfer,Barbara Hernandez,Germany,Online,Sven Wright,Low,UAE
TXN001824,ACCT00048,CUST0028,2025-07-18 00:00:00,1252.96,ACH,Ahmed Davis,Japan,Wire,Sven Gonzalez,Low,Canada
TXN001825,ACCT00030,CUST0017,2025-07-18 00:00:00,445.69,WireTransfer,Wei Hill,Yemen,Online,Thomas King,High,Spain
TXN001826,ACCT00016,CUST0007,2025-07-18 00:00:00,2666.66,CashDeposit,Yuki Green,Yemen,Wire,Wei Wilson,High,Netherlands
TXN001827,ACCT00143,CUST0085,2025-07-18 00:00:00,161.98,ACH,Mateo Robinson,Australia,Branch,Emma Anderson,Low,Japan
TXN001828,ACCT00067,CUST0037,2025-07-18 00:00:00,182.52,WireTransfer,Silver Freight,Spain,ATM,Noah King,Medium,United Kingdom
TXN001829,ACCT00210,CUST0129,2025-07-18 00:00:00,341.12,Deposit,Fatima King,UAE,ATM,Robert Ramirez,Medium,Netherlands
TXN001830,ACCT00206,CUST0126,2025-07-19 00:00:00,4157.03,Withdrawal,Elizabeth Martinez,Spain,ATM,Elizabeth Jones,Low,United Kingdom
TXN001831,ACCT00283,CUST0172,2025-07-19 00:00:00,924.36,CashDeposit,Patricia Thompson,United States,ATM,Sofia Lee,Low,Germany
TXN001832,ACCT00108,CUST0061,2025-07-19 00:00:00,1541.67,Deposit,Arjun Taylor,United Kingdom,ATM,Michael Flores,Low,Australia
TXN001833,ACCT00118,CUST0070,2025-07-19 00:00:00,1627.89,WireTransfer,Patricia Harris,United States,Wire,Jennifer Jackson,Low,Switzerland
TXN001834,ACCT00160,CUST0096,2025-07-19 00:00:00,1904.45,WireTransfer,Charles Jones,Spain,Branch,Karen Flores,Low,Ireland
TXN001835,ACCT00156,CUST0095,2025-07-20 00:00:00,112.33,Deposit,Barbara Thomas,France,Branch,Ahmed Sanchez,Medium,Canada
TXN001836,ACCT00155,CUST0094,2025-07-20 00:00:00,442.73,CashDeposit,Robert Hill,France,Wire,William Martin,Medium,Netherlands
TXN001837,ACCT00235,CUST0141,2025-07-20 00:00:00,384.23,ACH,Chloe Wright,France,Branch,Charles King,Medium,India
TXN001838,ACCT00261,CUST0157,2025-07-20 00:00:00,539.06,Withdrawal,Lucas Miller,Singapore,Online,Jessica Young,Low,United Kingdom
TXN001839,ACCT00127,CUST0075,2025-07-20 00:00:00,229.66,Deposit,Richard Torres,France,ATM,Patricia Torres,Medium,Spain
TXN001840,ACCT00301,CUST0183,2025-07-20 00:00:00,527.26,WireTransfer,William Gonzalez,India,Online,Thomas Lopez,Low,United Kingdom
TXN001841,ACCT00293,CUST0177,2025-07-20 00:00:00,3530.06,Withdrawal,Lucas Young,Netherlands,Branch,Fatima Wilson,Low,Spain
TXN001842,ACCT00082,CUST0044,2025-07-20 00:00:00,672.06,CashDeposit,Emma Walker,Singapore,Branch,Jessica White,Low,United Kingdom
TXN001843,ACCT00235,CUST0141,2025-07-21 00:00:00,1309.45,WireTransfer,Camila Thompson,UAE,Online,Charles King,Medium,India
TXN001844,ACCT00291,CUST0176,2025-07-21 00:00:00,1201.53,ACH,Union Logistics,Japan,Branch,Michael Young,Low,France
TXN001845,ACCT00216,CUST0131,2025-07-21 00:00:00,3817.55,Deposit,Falcon Freight,India,ATM,Robert Lopez,Low,Singapore
TXN001846,ACCT00127,CUST0075,2025-07-21 00:00:00,277.71,Deposit,Mia Brown,Australia,Online,Patricia Torres,Medium,Spain
TXN001847,ACCT00049,CUST0029,2025-07-21 00:00:00,1102.68,CashDeposit,Delta Traders,France,Branch,Sven Robinson,Low,Switzerland
TXN001848,ACCT00088,CUST0048,2025-07-21 00:00:00,312.06,Withdrawal,Liam Brown,Australia,Wire,Thomas King,Low,Spain
TXN001849,ACCT00292,CUST0176,2025-07-21 00:00:00,2190.53,ACH,Atlas Ventures,Ireland,Wire,Michael Young,Low,France
TXN001850,ACCT00225,CUST0136,2025-07-22 00:00:00,581.26,Deposit,Fatima Sanchez,Switzerland,Online,James Scott,Low,Japan
TXN001851,ACCT00114,CUST0066,2025-07-22 00:00:00,3335.17,Withdrawal,Lucas Hernandez,Japan,ATM,Charles Torres,Low,Germany
TXN001852,ACCT00229,CUST0137,2025-07-22 00:00:00,1036.39,Withdrawal,Camila Taylor,United States,Online,Chloe Young,Medium,India
TXN001853,ACCT00308,CUST0188,2025-07-22 00:00:00,1496.98,ACH,Anchor Partners,Singapore,Branch,Noah Sanchez,Low,Switzerland
TXN001854,ACCT00176,CUST0106,2025-07-22 00:00:00,1009.97,Withdrawal,Richard Lopez,United States,Wire,Emma Lewis,Low,Canada
TXN001855,ACCT00298,CUST0180,2025-07-22 00:00:00,101.83,WireTransfer,Diego Young,Singapore,ATM,Patricia Perez,Low,United Kingdom
TXN001856,ACCT00167,CUST0100,2025-07-22 00:00:00,983.09,Withdrawal,Horizon Capital,Ireland,ATM,Mateo Walker,Low,Netherlands
TXN001857,ACCT00215,CUST0131,2025-07-22 00:00:00,549.77,Withdrawal,Sunrise Holdings,Spain,Branch,Robert Lopez,Low,Singapore
TXN001858,ACCT00123,CUST0073,2025-07-23 00:00:00,247.95,WireTransfer,James Miller,United Kingdom,Branch,Lucas Gonzalez,Low,India
TXN001859,ACCT00253,CUST0152,2025-07-23 00:00:00,205.44,CashDeposit,Mia Rodriguez,Australia,Wire,Arjun Young,Medium,United States
TXN001860,ACCT00025,CUST0013,2025-07-23 00:00:00,356.79,CashDeposit,Diego Sanchez,Singapore,ATM,Jennifer Brown,High,Ireland
TXN001861,ACCT00193,CUST0117,2025-07-23 00:00:00,1980.25,WireTransfer,Wei Gonzalez,Netherlands,Branch,Elizabeth Nguyen,Medium,Canada
TXN001862,ACCT00122,CUST0073,2025-07-23 00:00:00,1564.72,ACH,Liam Green,India,Online,Lucas Gonzalez,Low,India
TXN001863,ACCT00183,CUST0109,2025-07-23 00:00:00,504.87,Deposit,Liam Lewis,Japan,ATM,Thomas Anderson,Low,UAE
TXN001864,ACCT00045,CUST0027,2025-07-23 00:00:00,727.75,WireTransfer,David Clark,India,ATM,David Nguyen,Low,India
TXN001865,ACCT00290,CUST0175,2025-07-23 00:00:00,572.53,CashDeposit,David Jones,Netherlands,Branch,Fatima Scott,Medium,Netherlands
TXN001866,ACCT00149,CUST0090,2025-07-23 00:00:00,5375.13,Deposit,Diego Lopez,United Kingdom,Branch,Jennifer Walker,Low,UAE
TXN001867,ACCT00011,CUST0005,2025-07-23 00:00:00,1452.55,WireTransfer,Emma Anderson,Ireland,Branch,Fatima Nguyen,High,Myanmar
TXN001868,ACCT00032,CUST0018,2025-07-23 00:00:00,399.47,Deposit,Barbara Walker,Libya,Branch,Amara Solis,High,Syria
TXN001869,ACCT00033,CUST0018,2025-07-23 00:00:00,492.57,CashDeposit,Ethan Flores,Yemen,Branch,Amara Solis,High,Syria
TXN001870,ACCT00293,CUST0177,2025-07-23 00:00:00,381.41,CashDeposit,Robert Gonzalez,India,Branch,Fatima Wilson,Low,Spain
TXN001871,ACCT00254,CUST0153,2025-07-23 00:00:00,405.71,CashDeposit,Mary Harris,Spain,Branch,Charles Anderson,Low,Ireland
TXN001872,ACCT00116,CUST0068,2025-07-24 00:00:00,2541.35,CashDeposit,Lucas Young,Singapore,Online,Charles Wilson,Medium,Ireland
TXN001873,ACCT00134,CUST0079,2025-07-24 00:00:00,350.2,CashDeposit,Prime Trading,United Kingdom,Wire,Jessica Moore,Low,Canada
TXN001874,ACCT00318,CUST0194,2025-07-24 00:00:00,524.42,ACH,Elizabeth Williams,United States,Online,Thomas White,Low,Canada
TXN001875,ACCT00066,CUST0036,2025-07-24 00:00:00,261.46,WireTransfer,David Rodriguez,Japan,Branch,Mia Scott,Medium,UAE
TXN001876,ACCT00271,CUST0163,2025-07-24 00:00:00,529.81,WireTransfer,Anchor Holdings,Singapore,ATM,Emma Jackson,Low,Germany
TXN001877,ACCT00309,CUST0188,2025-07-24 00:00:00,222.66,Withdrawal,Charles Torres,United States,Wire,Noah Sanchez,Low,Switzerland
TXN001878,ACCT00190,CUST0115,2025-07-24 00:00:00,511.09,Deposit,John Ramirez,Australia,ATM,Priya Lopez,Low,India
TXN001879,ACCT00200,CUST0122,2025-07-24 00:00:00,353.69,CashDeposit,Anchor Capital,UAE,Wire,William Smith,Low,India
TXN001880,ACCT00108,CUST0061,2025-07-25 00:00:00,362.19,CashDeposit,Mary Perez,India,Branch,Michael Flores,Low,Australia
TXN001881,ACCT00176,CUST0106,2025-07-25 00:00:00,78.24,CashDeposit,Karen Flores,United Kingdom,Branch,Emma Lewis,Low,Canada
TXN001882,ACCT00189,CUST0114,2025-07-25 00:00:00,1208.61,CashDeposit,Ahmed Johnson,United States,ATM,Emma Miller,Low,Netherlands
TXN001883,ACCT00208,CUST0127,2025-07-25 00:00:00,222.0,Withdrawal,Sven Clark,Germany,ATM,Lucas Jackson,Low,Canada
TXN001884,ACCT00273,CUST0164,2025-07-25 00:00:00,1428.0,WireTransfer,Sarah Martin,United Kingdom,Branch,Thomas Rodriguez,Medium,Switzerland
TXN001885,ACCT00099,CUST0057,2025-07-25 00:00:00,113.47,CashDeposit,Prime Capital,Netherlands,Wire,Robert Walker,Low,India
TXN001886,ACCT00181,CUST0108,2025-07-25 00:00:00,635.43,CashDeposit,Sven Flores,Australia,Wire,Diego Torres,Low,Australia
TXN001887,ACCT00298,CUST0180,2025-07-25 00:00:00,1002.78,WireTransfer,Karen Garcia,Netherlands,Wire,Patricia Perez,Low,United Kingdom
TXN001888,ACCT00281,CUST0171,2025-07-26 00:00:00,459.17,Withdrawal,Sunrise Partners,France,Wire,Ahmed White,Low,Switzerland
TXN001889,ACCT00137,CUST0082,2025-07-26 00:00:00,9000.0,Deposit,James Flores,UAE,Online,Sven Brown,Low,Spain
TXN001890,ACCT00230,CUST0137,2025-07-26 00:00:00,287.01,WireTransfer,Charles White,Australia,Wire,Chloe Young,Medium,India
TXN001891,ACCT00032,CUST0018,2025-07-26 00:00:00,2260.11,Withdrawal,Jessica Williams,Myanmar,Branch,Amara Solis,High,Syria
TXN001892,ACCT00297,CUST0179,2025-07-26 00:00:00,459.72,ACH,Metro Enterprises,Japan,Wire,Linda Robinson,Medium,Switzerland
TXN001893,ACCT00041,CUST0023,2025-07-26 00:00:00,902.85,ACH,Ethan Green,Iran,Branch,Richard Martin,High,India
TXN001894,ACCT00322,CUST0197,2025-07-26 00:00:00,5917.75,ACH,Global Trading,Netherlands,Online,Linda Clark,Low,Spain
TXN001895,ACCT00257,CUST0155,2025-07-26 00:00:00,368.87,Deposit,Olga Young,India,Wire,Wei White,Low,United Kingdom
TXN001896,ACCT00204,CUST0124,2025-07-26 00:00:00,243.7,ACH,Emma Miller,Canada,Wire,Joseph Taylor,Low,Netherlands
TXN001897,ACCT00156,CUST0095,2025-07-26 00:00:00,49.19,Deposit,Ava Robinson,Ireland,Wire,Ahmed Sanchez,Medium,Canada
TXN001898,ACCT00322,CUST0197,2025-07-26 00:00:00,578.8,CashDeposit,David Gonzalez,Japan,Online,Linda Clark,Low,Spain
TXN001899,ACCT00306,CUST0186,2025-07-26 00:00:00,463.3,Withdrawal,Union Group,India,Wire,Fatima King,Low,Canada
TXN001900,ACCT00014,CUST0007,2025-07-27 00:00:00,810.85,Withdrawal,Chloe Gonzalez,Japan,Online,Wei Wilson,High,Netherlands
TXN001901,ACCT00028,CUST0015,2025-07-27 00:00:00,795.55,ACH,David Davis,North Korea,Online,Sofia Smith,High,Ireland
TXN001902,ACCT00010,CUST0004,2025-07-27 00:00:00,756.89,ACH,Summit Holdings,Germany,Online,Yuki Scott,High,Afghanistan
TXN001903,ACCT00222,CUST0134,2025-07-27 00:00:00,1043.83,WireTransfer,Richard Johnson,Singapore,Online,Sven Young,Low,Spain
TXN001904,ACCT00243,CUST0145,2025-07-27 00:00:00,1352.8,CashDeposit,Atlas Partners,Netherlands,Wire,Mateo Walker,Medium,Australia
TXN001905,ACCT00151,CUST0091,2025-07-27 00:00:00,429.78,ACH,Summit Traders,Canada,Wire,John Williams,Low,Germany
TXN001906,ACCT00243,CUST0145,2025-07-27 00:00:00,920.98,CashDeposit,Sunrise Partners,UAE,Online,Mateo Walker,Medium,Australia
TXN001907,ACCT00285,CUST0173,2025-07-27 00:00:00,304.29,Withdrawal,Camila Lewis,Australia,Branch,Karen Clark,Low,United Kingdom
TXN001908,ACCT00285,CUST0173,2025-07-27 00:00:00,572.31,CashDeposit,Sarah Garcia,Germany,ATM,Karen Clark,Low,United Kingdom
TXN001909,ACCT00256,CUST0155,2025-07-28 00:00:00,210.74,Withdrawal,Camila Clark,Spain,Online,Wei White,Low,United Kingdom
TXN001910,ACCT00179,CUST0107,2025-07-28 00:00:00,522.58,Withdrawal,David Moore,Ireland,Branch,Jessica Martin,Low,Australia
TXN001911,ACCT00003,CUST0002,2025-07-28 00:00:00,483.73,ACH,Arjun Jackson,Ireland,Wire,William Ramirez,High,Yemen
TXN001912,ACCT00318,CUST0194,2025-07-28 00:00:00,1914.13,Withdrawal,Emma Martin,United Kingdom,Online,Thomas White,Low,Canada
TXN001913,ACCT00293,CUST0177,2025-07-28 00:00:00,448.97,Withdrawal,Silver Trading,India,Online,Fatima Wilson,Low,Spain
TXN001914,ACCT00253,CUST0152,2025-07-28 00:00:00,2768.04,Withdrawal,Susan Flores,Spain,Online,Arjun Young,Medium,United States
TXN001915,ACCT00227,CUST0136,2025-07-28 00:00:00,137.5,Withdrawal,Barbara Anderson,India,Online,James Scott,Low,Japan
TXN001916,ACCT00290,CUST0175,2025-07-28 00:00:00,1980.02,WireTransfer,Summit Trading,Germany,Wire,Fatima Scott,Medium,Netherlands
TXN001917,ACCT00201,CUST0122,2025-07-28 00:00:00,347.32,ACH,Barbara Miller,United Kingdom,Wire,William Smith,Low,India
TXN001918,ACCT00059,CUST0033,2025-07-28 00:00:00,1028.98,CashDeposit,Silver Capital,Singapore,Branch,Jessica Hernandez,Low,India
TXN001919,ACCT00313,CUST0191,2025-07-29 00:00:00,603.15,CashDeposit,Silver Exchange,France,ATM,Liam Flores,Low,Canada
TXN001920,ACCT00213,CUST0130,2025-07-29 00:00:00,924.74,ACH,Olga Robinson,Australia,Wire,Lucas Hill,Low,Ireland
TXN001921,ACCT00071,CUST0038,2025-07-29 00:00:00,1033.26,ACH,Jessica Torres,Netherlands,Branch,Barbara Jones,Low,Canada
TXN001922,ACCT00269,CUST0161,2025-07-29 00:00:00,836.37,ACH,Delta Imports,Germany,Branch,Jessica Harris,Low,Australia
TXN001923,ACCT00188,CUST0113,2025-07-29 00:00:00,4061.49,WireTransfer,Mary Gonzalez,India,Online,Sarah Williams,Medium,Singapore
TXN001924,ACCT00123,CUST0073,2025-07-29 00:00:00,2788.96,Deposit,William Gonzalez,Japan,Branch,Lucas Gonzalez,Low,India
TXN001925,ACCT00246,CUST0147,2025-07-29 00:00:00,1277.48,Deposit,Camila Wilson,Switzerland,ATM,Sven Williams,Low,UAE
TXN001926,ACCT00227,CUST0136,2025-07-29 00:00:00,2618.64,ACH,Ahmed Green,United Kingdom,Wire,James Scott,Low,Japan
TXN001927,ACCT00033,CUST0018,2025-07-29 00:00:00,342.44,CashDeposit,Emma Perez,Syria,Wire,Amara Solis,High,Syria
TXN001928,ACCT00001,CUST0001,2025-07-29 00:00:00,15000.0,CashDeposit,Patricia Hill,Yemen,Branch,Mateo Clark,High,Ireland
TXN001929,ACCT00319,CUST0195,2025-07-29 00:00:00,177.52,Deposit,Sofia Johnson,Netherlands,Wire,Jennifer Garcia,Low,Canada
TXN001930,ACCT00143,CUST0085,2025-07-29 00:00:00,310.63,CashDeposit,Chloe Lee,India,Online,Emma Anderson,Low,Japan
TXN001931,ACCT00018,CUST0009,2025-07-29 00:00:00,1530.31,ACH,Jennifer Nguyen,India,Wire,Patricia Anderson,High,North Korea
TXN001932,ACCT00001,CUST0001,2025-07-30 00:00:00,7500.0,WireTransfer,James Garcia,Afghanistan,Branch,Mateo Clark,High,Ireland
TXN001933,ACCT00308,CUST0188,2025-07-30 00:00:00,1273.3,ACH,Lucas Green,Canada,ATM,Noah Sanchez,Low,Switzerland
TXN001934,ACCT00117,CUST0069,2025-07-30 00:00:00,300.06,CashDeposit,Prime Group,Australia,Branch,Camila Lewis,Low,Singapore
TXN001935,ACCT00317,CUST0193,2025-07-30 00:00:00,145.31,CashDeposit,Thomas Flores,Japan,Branch,Yuki Sanchez,Low,UAE
TXN001936,ACCT00156,CUST0095,2025-07-30 00:00:00,956.84,ACH,Anchor Exchange,Singapore,Branch,Ahmed Sanchez,Medium,Canada
TXN001937,ACCT00086,CUST0047,2025-07-30 00:00:00,1397.02,CashDeposit,Arjun Young,Switzerland,ATM,Sarah Jackson,Low,Germany
TXN001938,ACCT00244,CUST0146,2025-07-31 00:00:00,73.23,Deposit,Sunrise Exchange,United Kingdom,ATM,Yuki Lee,Medium,UAE
TXN001939,ACCT00168,CUST0101,2025-07-31 00:00:00,176.54,Withdrawal,Global Group,United States,Online,Jessica Garcia,Medium,India
TXN001940,ACCT00320,CUST0195,2025-07-31 00:00:00,361.43,WireTransfer,Liam Clark,Singapore,Wire,Jennifer Garcia,Low,Canada
TXN001941,ACCT00250,CUST0150,2025-07-31 00:00:00,1509.79,Withdrawal,Horizon Capital,Singapore,ATM,Elizabeth Jones,Low,Australia
TXN001942,ACCT00147,CUST0088,2025-07-31 00:00:00,246.12,Deposit,Crown Exchange,Switzerland,Wire,Barbara Brown,Low,Japan
TXN001943,ACCT00102,CUST0058,2025-07-31 00:00:00,132.27,Deposit,Thomas Thompson,Switzerland,Wire,Joseph Anderson,Medium,Switzerland
TXN001944,ACCT00208,CUST0127,2025-07-31 00:00:00,1530.48,Deposit,William Harris,Germany,Online,Lucas Jackson,Low,Canada
TXN001945,ACCT00283,CUST0172,2025-07-31 00:00:00,650.49,WireTransfer,Pacific Holdings,Netherlands,Online,Sofia Lee,Low,Germany
TXN001946,ACCT00283,CUST0172,2025-07-31 00:00:00,917.89,Deposit,Silver Group,India,Online,Sofia Lee,Low,Germany
TXN001947,ACCT00301,CUST0183,2025-07-31 00:00:00,361.44,WireTransfer,Michael Walker,UAE,Wire,Thomas Lopez,Low,United Kingdom
TXN001948,ACCT00065,CUST0036,2025-07-31 00:00:00,424.57,ACH,Metro Imports,Netherlands,ATM,Mia Scott,Medium,UAE
TXN001949,ACCT00030,CUST0017,2025-07-31 00:00:00,1252.56,ACH,Pacific Partners,Venezuela,Wire,Thomas King,High,Spain
TXN001950,ACCT00008,CUST0003,2025-07-31 00:00:00,1279.68,Withdrawal,Metro Enterprises,Syria,Online,Ahmed Miller,High,Ireland
TXN001951,ACCT00096,CUST0055,2025-07-31 00:00:00,4944.81,WireTransfer,Crown Partners,Switzerland,ATM,Barbara Clark,Low,United Kingdom
TXN001952,ACCT00007,CUST0003,2025-07-31 00:00:00,507.82,ACH,Crown Holdings,Afghanistan,Online,Ahmed Miller,High,Ireland
TXN001953,ACCT00007,CUST0003,2025-07-31 00:00:00,1073.82,WireTransfer,Diego Torres,Syria,ATM,Ahmed Miller,High,Ireland
TXN001954,ACCT00324,CUST0198,2025-07-31 00:00:00,116.08,ACH,Lucas Flores,India,Branch,Patricia Jackson,Low,France
TXN001955,ACCT00080,CUST0043,2025-07-31 00:00:00,981.01,ACH,William Wilson,Switzerland,Online,John Scott,Low,Singapore
TXN001956,ACCT00003,CUST0002,2025-07-31 00:00:00,1197.9,WireTransfer,Metro Logistics,Syria,Wire,William Ramirez,High,Yemen
TXN001957,ACCT00268,CUST0160,2025-07-31 00:00:00,8197.27,Withdrawal,Ava Miller,United Kingdom,Online,Thomas Robinson,Low,Spain
TXN001958,ACCT00269,CUST0161,2025-07-31 00:00:00,74.45,CashDeposit,Sarah Garcia,Canada,Online,Jessica Harris,Low,Australia
TXN001959,ACCT00231,CUST0138,2025-08-01 00:00:00,935.38,ACH,Linda Martin,Australia,Branch,Sofia Rodriguez,Medium,India
TXN001960,ACCT00270,CUST0162,2025-08-01 00:00:00,265.57,ACH,Ahmed Miller,Canada,ATM,Olga Moore,Low,Ireland
TXN001961,ACCT00200,CUST0122,2025-08-01 00:00:00,1628.4,CashDeposit,Metro Partners,Japan,Online,William Smith,Low,India
TXN001962,ACCT00088,CUST0048,2025-08-01 00:00:00,1049.31,Withdrawal,David Gonzalez,UAE,Wire,Thomas King,Low,Spain
TXN001963,ACCT00263,CUST0158,2025-08-01 00:00:00,324.73,ACH,Sunrise Logistics,France,Wire,Thomas Smith,Low,France
TXN001964,ACCT00149,CUST0090,2025-08-01 00:00:00,160.14,WireTransfer,Olga Garcia,Australia,ATM,Jennifer Walker,Low,UAE
TXN001965,ACCT00253,CUST0152,2025-08-01 00:00:00,1431.1,Deposit,Wei Rodriguez,Japan,Online,Arjun Young,Medium,United States
TXN001966,ACCT00146,CUST0087,2025-08-01 00:00:00,260.79,Withdrawal,Global Logistics,Japan,Branch,Mia Nguyen,Medium,Canada
TXN001967,ACCT00072,CUST0039,2025-08-01 00:00:00,324.28,ACH,Susan Smith,Australia,Branch,Linda Nguyen,Low,Netherlands
TXN001968,ACCT00286,CUST0173,2025-08-02 00:00:00,383.54,Deposit,Atlas Traders,Australia,Branch,Karen Clark,Low,United Kingdom
TXN001969,ACCT00188,CUST0113,2025-08-02 00:00:00,1942.13,WireTransfer,Karen White,France,Online,Sarah Williams,Medium,Singapore
TXN001970,ACCT00032,CUST0018,2025-08-02 00:00:00,1357.5,CashDeposit,Sven Young,Myanmar,Branch,Amara Solis,High,Syria
TXN001971,ACCT00274,CUST0164,2025-08-02 00:00:00,525.33,ACH,Noah Jones,India,Branch,Thomas Rodriguez,Medium,Switzerland
TXN001972,ACCT00140,CUST0084,2025-08-02 00:00:00,1746.55,Withdrawal,Ava Martin,India,Online,Ahmed Clark,Low,UAE
TXN001973,ACCT00240,CUST0144,2025-08-02 00:00:00,159.47,ACH,Joseph Lewis,Australia,Online,Karen Hill,Low,Switzerland
TXN001974,ACCT00038,CUST0021,2025-08-02 00:00:00,3125.99,ACH,Elizabeth Wilson,Afghanistan,Wire,Tatiana Orlova,High,Libya
TXN001975,ACCT00083,CUST0045,2025-08-02 00:00:00,491.53,ACH,Silver Group,Germany,Online,Karen Green,Low,United States
TXN001976,ACCT00213,CUST0130,2025-08-02 00:00:00,320.23,ACH,Priya Martin,France,Branch,Lucas Hill,Low,Ireland
TXN001977,ACCT00004,CUST0002,2025-08-02 00:00:00,507.65,Withdrawal,Barbara Jackson,Japan,Branch,William Ramirez,High,Yemen
TXN001978,ACCT00103,CUST0059,2025-08-02 00:00:00,679.12,ACH,Wei Lewis,India,Branch,John Moore,Medium,Switzerland
TXN001979,ACCT00298,CUST0180,2025-08-03 00:00:00,1604.05,Withdrawal,Robert Taylor,Australia,Wire,Patricia Perez,Low,United Kingdom
TXN001980,ACCT00003,CUST0002,2025-08-03 00:00:00,113.27,Withdrawal,Chloe Walker,Japan,Wire,William Ramirez,High,Yemen
TXN001981,ACCT00192,CUST0116,2025-08-03 00:00:00,639.5,Deposit,Sven Scott,India,Branch,John Sanchez,Low,Canada
TXN001982,ACCT00276,CUST0166,2025-08-03 00:00:00,780.93,WireTransfer,Crown Capital,United States,ATM,Arjun Clark,Low,Germany
TXN001983,ACCT00166,CUST0099,2025-08-03 00:00:00,385.03,WireTransfer,Wei Walker,Switzerland,Wire,Elizabeth Ramirez,Low,UAE
TXN001984,ACCT00280,CUST0170,2025-08-03 00:00:00,129.28,CashDeposit,Ahmed Scott,France,Online,Mateo Davis,Low,Australia
TXN001985,ACCT00327,CUST0200,2025-08-03 00:00:00,1854.02,ACH,Elizabeth Rodriguez,UAE,ATM,Linda Moore,Low,Spain
TXN001986,ACCT00083,CUST0045,2025-08-03 00:00:00,781.0,Deposit,Metro Holdings,Germany,Online,Karen Green,Low,United States
TXN001987,ACCT00084,CUST0046,2025-08-03 00:00:00,531.25,Withdrawal,Arjun Anderson,Germany,ATM,Michael Rodriguez,Low,UAE
TXN001988,ACCT00014,CUST0007,2025-08-03 00:00:00,35365.31,WireTransfer,Summit Logistics,Spain,Wire,Wei Wilson,High,Netherlands
TXN001989,ACCT00257,CUST0155,2025-08-03 00:00:00,228.17,Withdrawal,Ethan Lewis,UAE,ATM,Wei White,Low,United Kingdom
TXN001990,ACCT00033,CUST0018,2025-08-03 00:00:00,96.19,ACH,Lucas Gonzalez,Netherlands,Wire,Amara Solis,High,Syria
TXN001991,ACCT00014,CUST0007,2025-08-03 21:00:00,34212.5,WireTransfer,Thomas Green,Myanmar,Wire,Wei Wilson,High,Netherlands
TXN001992,ACCT00272,CUST0163,2025-08-04 00:00:00,988.14,WireTransfer,Thomas Green,Japan,Wire,Emma Jackson,Low,Germany
TXN001993,ACCT00095,CUST0054,2025-08-04 00:00:00,429.47,WireTransfer,Mary Lee,UAE,Branch,Sofia Clark,Low,UAE
TXN001994,ACCT00105,CUST0060,2025-08-04 00:00:00,744.92,Withdrawal,Sven Robinson,Ireland,Online,Mary Davis,Medium,United Kingdom
TXN001995,ACCT00319,CUST0195,2025-08-04 00:00:00,370.05,WireTransfer,Sunrise Enterprises,Canada,ATM,Jennifer Garcia,Low,Canada
TXN001996,ACCT00107,CUST0061,2025-08-04 00:00:00,1187.53,Deposit,Summit Traders,France,ATM,Michael Flores,Low,Australia
TXN001997,ACCT00316,CUST0192,2025-08-04 00:00:00,1982.17,ACH,Jessica Jackson,United States,Wire,Sofia Wilson,Low,Japan
TXN001998,ACCT00199,CUST0122,2025-08-04 00:00:00,391.13,Deposit,Sarah Taylor,Spain,Branch,William Smith,Low,India
TXN001999,ACCT00177,CUST0107,2025-08-04 00:00:00,744.05,Withdrawal,Michael Robinson,Japan,Online,Jessica Martin,Low,Australia
TXN002000,ACCT00103,CUST0059,2025-08-05 00:00:00,5205.63,CashDeposit,Nova Freight,Singapore,ATM,John Moore,Medium,Switzerland
TXN002001,ACCT00097,CUST0055,2025-08-05 00:00:00,102.87,ACH,Elizabeth White,France,Online,Barbara Clark,Low,United Kingdom
TXN002002,ACCT00144,CUST0086,2025-08-05 00:00:00,615.62,WireTransfer,Sunrise Holdings,Switzerland,ATM,Olga Hernandez,Low,Singapore
TXN002003,ACCT00060,CUST0033,2025-08-05 00:00:00,3582.9,ACH,Barbara Robinson,Singapore,Branch,Jessica Hernandez,Low,India
TXN002004,ACCT00112,CUST0065,2025-08-05 00:00:00,4180.49,WireTransfer,Richard Jones,Germany,Online,Karen King,Low,Switzerland
TXN002005,ACCT00037,CUST0020,2025-08-05 00:00:00,30000.0,WireTransfer,Silver Logistics,Ireland,Branch,Viktor Kessler,High,Canada
TXN002006,ACCT00016,CUST0007,2025-08-05 00:00:00,192.36,Withdrawal,Barbara Torres,UAE,Wire,Wei Wilson,High,Netherlands
TXN002007,ACCT00130,CUST0077,2025-08-05 00:00:00,880.18,Deposit,William Sanchez,France,ATM,Liam Ramirez,Medium,UAE
TXN002008,ACCT00275,CUST0165,2025-08-05 00:00:00,1037.71,WireTransfer,Mateo Johnson,Ireland,Wire,Camila Williams,Medium,Australia
TXN002009,ACCT00177,CUST0107,2025-08-05 00:00:00,1017.36,Deposit,Crown Holdings,Japan,ATM,Jessica Martin,Low,Australia
TXN002010,ACCT00151,CUST0091,2025-08-05 00:00:00,1607.34,Withdrawal,Ethan Moore,Germany,ATM,John Williams,Low,Germany
TXN002011,ACCT00102,CUST0058,2025-08-05 00:00:00,1471.83,Deposit,Barbara Ramirez,Ireland,Wire,Joseph Anderson,Medium,Switzerland
TXN002012,ACCT00106,CUST0061,2025-08-05 00:00:00,614.22,ACH,William Martinez,UAE,Wire,Michael Flores,Low,Australia
TXN002013,ACCT00133,CUST0078,2025-08-05 00:00:00,808.14,ACH,Linda Perez,United Kingdom,Wire,Thomas Thomas,Medium,France
TXN002014,ACCT00129,CUST0076,2025-08-05 00:00:00,144.82,Deposit,Metro Ventures,France,Online,Yuki Wright,Medium,Netherlands
TXN002015,ACCT00274,CUST0164,2025-08-05 00:00:00,963.01,CashDeposit,Olga Green,UAE,Online,Thomas Rodriguez,Medium,Switzerland
TXN002016,ACCT00314,CUST0191,2025-08-06 00:00:00,489.72,ACH,Ava Miller,Singapore,Online,Liam Flores,Low,Canada
TXN002017,ACCT00189,CUST0114,2025-08-06 00:00:00,1155.51,WireTransfer,Mary Rodriguez,Germany,Online,Emma Miller,Low,Netherlands
TXN002018,ACCT00293,CUST0177,2025-08-06 00:00:00,972.28,Deposit,Linda Wilson,Germany,ATM,Fatima Wilson,Low,Spain
TXN002019,ACCT00254,CUST0153,2025-08-06 00:00:00,334.96,CashDeposit,Metro Ventures,Netherlands,Online,Charles Anderson,Low,Ireland
TXN002020,ACCT00078,CUST0042,2025-08-06 00:00:00,1223.09,CashDeposit,Sofia Lewis,India,Online,Arjun Jones,Low,India
TXN002021,ACCT00268,CUST0160,2025-08-06 00:00:00,218.86,WireTransfer,Karen Rodriguez,Singapore,ATM,Thomas Robinson,Low,Spain
TXN002022,ACCT00178,CUST0107,2025-08-06 00:00:00,367.63,WireTransfer,Mateo Moore,Ireland,ATM,Jessica Martin,Low,Australia
TXN002023,ACCT00210,CUST0129,2025-08-06 00:00:00,890.86,ACH,Thomas Torres,United Kingdom,ATM,Robert Ramirez,Medium,Netherlands
TXN002024,ACCT00146,CUST0087,2025-08-07 00:00:00,316.64,CashDeposit,Yuki Ramirez,Canada,ATM,Mia Nguyen,Medium,Canada
TXN002025,ACCT00283,CUST0172,2025-08-07 00:00:00,332.87,Deposit,Camila Brown,UAE,Branch,Sofia Lee,Low,Germany
TXN002026,ACCT00038,CUST0021,2025-08-07 00:00:00,23743.32,WireTransfer,Summit Freight,Libya,Wire,Tatiana Orlova,High,Libya
TXN002027,ACCT00196,CUST0119,2025-08-07 00:00:00,293.41,Deposit,Pacific Holdings,Canada,Online,Camila Lewis,Medium,Spain
TXN002028,ACCT00265,CUST0159,2025-08-07 00:00:00,918.71,WireTransfer,Sofia Torres,Switzerland,Branch,Camila Thompson,Medium,France
TXN002029,ACCT00212,CUST0130,2025-08-07 00:00:00,1105.74,WireTransfer,Global Freight,UAE,ATM,Lucas Hill,Low,Ireland
TXN002030,ACCT00272,CUST0163,2025-08-07 00:00:00,688.16,Deposit,Barbara Young,Singapore,Wire,Emma Jackson,Low,Germany
TXN002031,ACCT00072,CUST0039,2025-08-07 00:00:00,163.6,CashDeposit,Chloe Thompson,France,ATM,Linda Nguyen,Low,Netherlands
TXN002032,ACCT00135,CUST0080,2025-08-07 00:00:00,565.06,Deposit,Ahmed Clark,Canada,Online,Priya Lee,Medium,Canada
TXN002033,ACCT00325,CUST0198,2025-08-07 00:00:00,1636.86,ACH,Metro Imports,United States,Branch,Patricia Jackson,Low,France
TXN002034,ACCT00312,CUST0190,2025-08-07 00:00:00,363.62,Deposit,Barbara Torres,Singapore,Wire,Mia Torres,Medium,Singapore
TXN002035,ACCT00183,CUST0109,2025-08-08 00:00:00,1703.94,Deposit,Mia Davis,United Kingdom,Branch,Thomas Anderson,Low,UAE
TXN002036,ACCT00272,CUST0163,2025-08-08 00:00:00,1329.9,Deposit,Elizabeth Jones,India,ATM,Emma Jackson,Low,Germany
TXN002037,ACCT00276,CUST0166,2025-08-08 00:00:00,321.15,ACH,Arjun Green,France,Wire,Arjun Clark,Low,Germany
TXN002038,ACCT00115,CUST0067,2025-08-08 00:00:00,808.04,ACH,Sofia Johnson,India,Online,Barbara Green,Low,France
TXN002039,ACCT00055,CUST0031,2025-08-08 00:00:00,1262.49,Withdrawal,Wei Hill,Ireland,Wire,David Ramirez,Low,France
TXN002040,ACCT00263,CUST0158,2025-08-08 00:00:00,230.3,ACH,Mia King,Australia,Branch,Thomas Smith,Low,France
TXN002041,ACCT00125,CUST0074,2025-08-08 00:00:00,130.47,WireTransfer,Arjun Thomas,Switzerland,ATM,James Miller,Low,Germany
TXN002042,ACCT00134,CUST0079,2025-08-08 00:00:00,1575.6,Withdrawal,Camila Hernandez,Canada,ATM,Jessica Moore,Low,Canada
TXN002043,ACCT00048,CUST0028,2025-08-08 00:00:00,30000.0,CashDeposit,Priya Miller,Canada,Branch,Sven Gonzalez,Low,Canada
TXN002044,ACCT00082,CUST0044,2025-08-09 00:00:00,1069.23,Withdrawal,Michael Williams,India,Branch,Jessica White,Low,United Kingdom
TXN002045,ACCT00320,CUST0195,2025-08-09 00:00:00,864.55,CashDeposit,Ethan Scott,Ireland,Wire,Jennifer Garcia,Low,Canada
TXN002046,ACCT00100,CUST0057,2025-08-09 00:00:00,2268.63,WireTransfer,Thomas Wright,Netherlands,ATM,Robert Walker,Low,India
TXN002047,ACCT00271,CUST0163,2025-08-09 00:00:00,2343.11,Withdrawal,Liam Robinson,Germany,Branch,Emma Jackson,Low,Germany
TXN002048,ACCT00304,CUST0185,2025-08-09 00:00:00,259.7,ACH,Chloe King,Australia,Branch,Sven Wright,Low,UAE
TXN002049,ACCT00258,CUST0155,2025-08-09 00:00:00,822.99,CashDeposit,Mary Hernandez,Ireland,ATM,Wei White,Low,United Kingdom
TXN002050,ACCT00155,CUST0094,2025-08-10 00:00:00,270.76,CashDeposit,Pacific Capital,France,Branch,William Martin,Medium,Netherlands
TXN002051,ACCT00045,CUST0027,2025-08-10 00:00:00,1506.81,CashDeposit,Barbara Hill,Singapore,Wire,David Nguyen,Low,India
TXN002052,ACCT00122,CUST0073,2025-08-10 00:00:00,2409.86,Withdrawal,Diego Garcia,United States,Wire,Lucas Gonzalez,Low,India
TXN002053,ACCT00324,CUST0198,2025-08-10 00:00:00,975.97,ACH,Global Group,UAE,Online,Patricia Jackson,Low,France
TXN002054,ACCT00300,CUST0182,2025-08-10 00:00:00,162.02,WireTransfer,Falcon Imports,Canada,Wire,Elizabeth Flores,Medium,United Kingdom
TXN002055,ACCT00306,CUST0186,2025-08-10 00:00:00,564.97,ACH,William Smith,United States,Wire,Fatima King,Low,Canada
TXN002056,ACCT00327,CUST0200,2025-08-10 00:00:00,518.49,WireTransfer,Lucas Lopez,United Kingdom,ATM,Linda Moore,Low,Spain
TXN002057,ACCT00143,CUST0085,2025-08-10 00:00:00,749.21,Withdrawal,Horizon Partners,Australia,Wire,Emma Anderson,Low,Japan
TXN002058,ACCT00028,CUST0015,2025-08-10 00:00:00,344.2,ACH,Atlas Logistics,Venezuela,Wire,Sofia Smith,High,Ireland
TXN002059,ACCT00060,CUST0033,2025-08-10 00:00:00,137.5,ACH,Elizabeth Walker,United Kingdom,Online,Jessica Hernandez,Low,India
TXN002060,ACCT00096,CUST0055,2025-08-10 00:00:00,2350.97,CashDeposit,Thomas Green,Germany,ATM,Barbara Clark,Low,United Kingdom
TXN002061,ACCT00111,CUST0064,2025-08-10 00:00:00,1303.19,ACH,Yuki Young,Canada,ATM,Diego Jones,Low,Netherlands
TXN002062,ACCT00213,CUST0130,2025-08-11 00:00:00,389.42,Withdrawal,Prime Holdings,Switzerland,Wire,Lucas Hill,Low,Ireland
TXN002063,ACCT00076,CUST0041,2025-08-11 00:00:00,90.58,CashDeposit,Barbara Jones,Singapore,ATM,Arjun Thomas,Low,Japan
TXN002064,ACCT00166,CUST0099,2025-08-11 00:00:00,793.79,Deposit,Barbara Williams,Singapore,Wire,Elizabeth Ramirez,Low,UAE
TXN002065,ACCT00162,CUST0097,2025-08-11 00:00:00,145.78,ACH,Union Traders,Ireland,Branch,Mateo Ramirez,Low,Canada
TXN002066,ACCT00027,CUST0014,2025-08-11 00:00:00,299.33,Withdrawal,Olga Lee,Yemen,Online,Ethan Jones,High,India
TXN002067,ACCT00020,CUST0010,2025-08-11 00:00:00,75045.67,WireTransfer,Prime Freight,Afghanistan,Wire,Arjun Wilson,High,Switzerland
TXN002068,ACCT00255,CUST0154,2025-08-11 00:00:00,336.62,WireTransfer,Elizabeth Sanchez,Singapore,Branch,William Martin,Low,United States
TXN002069,ACCT00250,CUST0150,2025-08-11 00:00:00,3759.53,ACH,James Taylor,United States,Branch,Elizabeth Jones,Low,Australia
TXN002070,ACCT00176,CUST0106,2025-08-11 00:00:00,235.8,Deposit,Diego Martinez,Japan,ATM,Emma Lewis,Low,Canada
TXN002071,ACCT00031,CUST0017,2025-08-11 00:00:00,760.4,Withdrawal,Sven Torres,Myanmar,Branch,Thomas King,High,Spain
TXN002072,ACCT00126,CUST0075,2025-08-11 00:00:00,109.53,Deposit,Sarah Anderson,Australia,Online,Patricia Torres,Medium,Spain
TXN002073,ACCT00275,CUST0165,2025-08-12 00:00:00,1153.78,WireTransfer,Karen Lee,United States,Online,Camila Williams,Medium,Australia
TXN002074,ACCT00127,CUST0075,2025-08-12 00:00:00,845.2,Withdrawal,Prime Holdings,France,Online,Patricia Torres,Medium,Spain
TXN002075,ACCT00061,CUST0034,2025-08-12 00:00:00,718.25,ACH,Ahmed Harris,United Kingdom,Online,William Harris,Low,Japan
TXN002076,ACCT00123,CUST0073,2025-08-12 00:00:00,1127.85,WireTransfer,Fatima Brown,Singapore,ATM,Lucas Gonzalez,Low,India
TXN002077,ACCT00289,CUST0174,2025-08-12 00:00:00,1083.08,Withdrawal,Jennifer Hill,Australia,ATM,Emma Davis,Low,United Kingdom
TXN002078,ACCT00030,CUST0017,2025-08-12 00:00:00,749.65,ACH,Falcon Logistics,Yemen,ATM,Thomas King,High,Spain
TXN002079,ACCT00108,CUST0061,2025-08-12 00:00:00,2433.28,Withdrawal,Arjun Harris,United States,Wire,Michael Flores,Low,Australia
TXN002080,ACCT00196,CUST0119,2025-08-12 00:00:00,1096.48,CashDeposit,Barbara Sanchez,Spain,Branch,Camila Lewis,Medium,Spain
TXN002081,ACCT00310,CUST0189,2025-08-12 00:00:00,762.15,ACH,Barbara Lopez,Australia,Online,Jennifer Lee,Low,United Kingdom
TXN002082,ACCT00207,CUST0126,2025-08-12 00:00:00,625.15,CashDeposit,Camila Flores,India,ATM,Elizabeth Jones,Low,United Kingdom
TXN002083,ACCT00049,CUST0029,2025-08-12 00:00:00,918.96,WireTransfer,Priya Walker,United Kingdom,ATM,Sven Robinson,Low,Switzerland
TXN002084,ACCT00270,CUST0162,2025-08-12 00:00:00,351.33,ACH,Horizon Partners,Spain,Wire,Olga Moore,Low,Ireland
TXN002085,ACCT00082,CUST0044,2025-08-12 00:00:00,179.14,ACH,Union Traders,Singapore,Branch,Jessica White,Low,United Kingdom
TXN002086,ACCT00103,CUST0059,2025-08-12 00:00:00,227.66,CashDeposit,Yuki Martinez,Canada,Online,John Moore,Medium,Switzerland
TXN002087,ACCT00161,CUST0096,2025-08-13 00:00:00,358.79,Withdrawal,Ethan Thomas,United States,ATM,Karen Flores,Low,Ireland
TXN002088,ACCT00272,CUST0163,2025-08-13 00:00:00,324.05,Deposit,Thomas Scott,United States,Online,Emma Jackson,Low,Germany
TXN002089,ACCT00328,CUST0200,2025-08-13 00:00:00,761.54,WireTransfer,Linda Johnson,Australia,Online,Linda Moore,Low,Spain
TXN002090,ACCT00165,CUST0099,2025-08-13 00:00:00,938.04,Withdrawal,Silver Enterprises,Ireland,ATM,Elizabeth Ramirez,Low,UAE
TXN002091,ACCT00192,CUST0116,2025-08-14 00:00:00,581.44,Withdrawal,Thomas Rodriguez,France,Branch,John Sanchez,Low,Canada
TXN002092,ACCT00113,CUST0066,2025-08-14 00:00:00,599.17,Withdrawal,Richard Gonzalez,United States,ATM,Charles Torres,Low,Germany
TXN002093,ACCT00024,CUST0012,2025-08-14 00:00:00,3884.26,ACH,Delta Logistics,Japan,Branch,Mia Sanchez,High,United Kingdom
TXN002094,ACCT00189,CUST0114,2025-08-14 00:00:00,1243.43,Deposit,Susan Harris,United States,Wire,Emma Miller,Low,Netherlands
TXN002095,ACCT00163,CUST0098,2025-08-14 00:00:00,1232.75,CashDeposit,Joseph Brown,United States,ATM,Sven Young,Medium,Switzerland
TXN002096,ACCT00286,CUST0173,2025-08-15 00:00:00,797.17,Withdrawal,Patricia Thompson,India,Online,Karen Clark,Low,United Kingdom
TXN002097,ACCT00159,CUST0096,2025-08-15 00:00:00,365.95,WireTransfer,Camila Harris,United Kingdom,Branch,Karen Flores,Low,Ireland
TXN002098,ACCT00173,CUST0105,2025-08-15 00:00:00,132.24,WireTransfer,Priya Miller,United States,Online,Sven Young,Medium,Ireland
TXN002099,ACCT00329,CUST0200,2025-08-15 00:00:00,769.57,WireTransfer,Linda Thomas,Japan,Branch,Linda Moore,Low,Spain
TXN002100,ACCT00061,CUST0034,2025-08-15 00:00:00,416.67,WireTransfer,Silver Trading,Japan,ATM,William Harris,Low,Japan
TXN002101,ACCT00005,CUST0002,2025-08-15 00:00:00,886.2,Deposit,Metro Enterprises,India,Online,William Ramirez,High,Yemen
TXN002102,ACCT00303,CUST0185,2025-08-15 00:00:00,1799.4,Deposit,Emma King,Singapore,ATM,Sven Wright,Low,UAE
TXN002103,ACCT00105,CUST0060,2025-08-15 00:00:00,896.73,CashDeposit,Elizabeth White,UAE,Wire,Mary Davis,Medium,United Kingdom
TXN002104,ACCT00293,CUST0177,2025-08-15 00:00:00,482.01,Withdrawal,Barbara Smith,Singapore,Online,Fatima Wilson,Low,Spain
TXN002105,ACCT00093,CUST0053,2025-08-15 00:00:00,987.0,ACH,Crown Ventures,United States,Branch,Robert Thompson,Low,Switzerland
TXN002106,ACCT00090,CUST0050,2025-08-15 00:00:00,562.77,CashDeposit,Mary Davis,United Kingdom,ATM,Thomas Hernandez,Medium,Singapore
TXN002107,ACCT00227,CUST0136,2025-08-15 00:00:00,379.33,CashDeposit,Prime Partners,Australia,Online,James Scott,Low,Japan
TXN002108,ACCT00162,CUST0097,2025-08-16 00:00:00,1554.8,Deposit,Diego Scott,Germany,Online,Mateo Ramirez,Low,Canada
TXN002109,ACCT00161,CUST0096,2025-08-16 00:00:00,1032.26,WireTransfer,Jessica Wright,Ireland,ATM,Karen Flores,Low,Ireland
TXN002110,ACCT00199,CUST0122,2025-08-16 00:00:00,316.56,Withdrawal,Linda Wright,Ireland,ATM,William Smith,Low,India
TXN002111,ACCT00293,CUST0177,2025-08-16 00:00:00,98.69,ACH,Olga Lee,United Kingdom,Wire,Fatima Wilson,Low,Spain
TXN002112,ACCT00184,CUST0110,2025-08-16 00:00:00,380.03,WireTransfer,Silver Partners,UAE,Wire,Mateo Lopez,Low,Germany
TXN002113,ACCT00157,CUST0095,2025-08-16 00:00:00,224.57,Deposit,Yuki Moore,United Kingdom,ATM,Ahmed Sanchez,Medium,Canada
TXN002114,ACCT00273,CUST0164,2025-08-16 00:00:00,1386.64,Deposit,Ahmed Martinez,Singapore,Online,Thomas Rodriguez,Medium,Switzerland
TXN002115,ACCT00075,CUST0041,2025-08-16 00:00:00,1174.95,Deposit,Patricia Miller,United States,Online,Arjun Thomas,Low,Japan
TXN002116,ACCT00266,CUST0159,2025-08-17 00:00:00,1027.38,CashDeposit,Sunrise Enterprises,United States,Wire,Camila Thompson,Medium,France
TXN002117,ACCT00088,CUST0048,2025-08-17 00:00:00,2177.0,WireTransfer,Crown Imports,Australia,Branch,Thomas King,Low,Spain
TXN002118,ACCT00270,CUST0162,2025-08-17 00:00:00,2518.3,CashDeposit,Thomas Williams,Switzerland,Wire,Olga Moore,Low,Ireland
TXN002119,ACCT00271,CUST0163,2025-08-17 00:00:00,151.5,Deposit,Thomas Hernandez,UAE,Branch,Emma Jackson,Low,Germany
TXN002120,ACCT00046,CUST0027,2025-08-18 00:00:00,462.68,Withdrawal,Liam Davis,United Kingdom,Branch,David Nguyen,Low,India
TXN002121,ACCT00122,CUST0073,2025-08-18 00:00:00,1383.88,Withdrawal,Jennifer White,Spain,ATM,Lucas Gonzalez,Low,India
TXN002122,ACCT00210,CUST0129,2025-08-18 00:00:00,644.8,ACH,Anchor Freight,United States,ATM,Robert Ramirez,Medium,Netherlands
TXN002123,ACCT00014,CUST0007,2025-08-18 00:00:00,1334.36,CashDeposit,Fatima Scott,Venezuela,Wire,Wei Wilson,High,Netherlands
TXN002124,ACCT00040,CUST0022,2025-08-18 00:00:00,845.58,Deposit,Mary Miller,North Korea,Wire,Dragan Petrov,High,Singapore
TXN002125,ACCT00322,CUST0197,2025-08-18 00:00:00,427.34,Deposit,Metro Exchange,Canada,Online,Linda Clark,Low,Spain
TXN002126,ACCT00307,CUST0187,2025-08-18 00:00:00,786.06,Withdrawal,Lucas Hernandez,Netherlands,ATM,Robert Wright,Low,India
TXN002127,ACCT00120,CUST0071,2025-08-18 00:00:00,1034.78,ACH,James Anderson,Singapore,Online,Jessica Martin,Low,Ireland
TXN002128,ACCT00165,CUST0099,2025-08-18 00:00:00,862.88,ACH,Charles Walker,UAE,Wire,Elizabeth Ramirez,Low,UAE
TXN002129,ACCT00016,CUST0007,2025-08-19 00:00:00,575.73,CashDeposit,Anchor Traders,Myanmar,Wire,Wei Wilson,High,Netherlands
TXN002130,ACCT00083,CUST0045,2025-08-19 00:00:00,451.16,ACH,Robert Flores,United Kingdom,Online,Karen Green,Low,United States
TXN002131,ACCT00225,CUST0136,2025-08-19 00:00:00,328.14,CashDeposit,Noah Green,UAE,Online,James Scott,Low,Japan
TXN002132,ACCT00155,CUST0094,2025-08-19 00:00:00,256.23,CashDeposit,Wei Perez,France,Online,William Martin,Medium,Netherlands
TXN002133,ACCT00244,CUST0146,2025-08-19 00:00:00,278.59,Withdrawal,Ahmed Moore,Spain,ATM,Yuki Lee,Medium,UAE
TXN002134,ACCT00257,CUST0155,2025-08-19 00:00:00,758.73,Deposit,Mateo Ramirez,Ireland,Wire,Wei White,Low,United Kingdom
TXN002135,ACCT00297,CUST0179,2025-08-19 00:00:00,2997.53,CashDeposit,Patricia Walker,Australia,Wire,Linda Robinson,Medium,Switzerland
TXN002136,ACCT00213,CUST0130,2025-08-19 00:00:00,435.18,WireTransfer,Emma Lee,Australia,Wire,Lucas Hill,Low,Ireland
TXN002137,ACCT00107,CUST0061,2025-08-19 00:00:00,933.07,ACH,Jennifer Green,Spain,Online,Michael Flores,Low,Australia
TXN002138,ACCT00240,CUST0144,2025-08-19 00:00:00,1114.9,Withdrawal,John Moore,United States,Wire,Karen Hill,Low,Switzerland
TXN002139,ACCT00007,CUST0003,2025-08-19 00:00:00,249.94,WireTransfer,Union Freight,Myanmar,Branch,Ahmed Miller,High,Ireland
TXN002140,ACCT00293,CUST0177,2025-08-20 00:00:00,73.99,CashDeposit,Yuki Anderson,Germany,Wire,Fatima Wilson,Low,Spain
TXN002141,ACCT00257,CUST0155,2025-08-20 00:00:00,611.93,Withdrawal,Pacific Group,Spain,ATM,Wei White,Low,United Kingdom
TXN002142,ACCT00086,CUST0047,2025-08-20 00:00:00,1881.65,ACH,Mateo Jackson,India,Branch,Sarah Jackson,Low,Germany
TXN002143,ACCT00109,CUST0062,2025-08-20 00:00:00,3045.18,Deposit,Chloe Jackson,Spain,Branch,Ethan King,Low,Germany
TXN002144,ACCT00271,CUST0163,2025-08-20 00:00:00,291.8,WireTransfer,Liam White,Netherlands,Online,Emma Jackson,Low,Germany
TXN002145,ACCT00086,CUST0047,2025-08-20 00:00:00,362.99,CashDeposit,John Gonzalez,Ireland,ATM,Sarah Jackson,Low,Germany
TXN002146,ACCT00125,CUST0074,2025-08-20 00:00:00,635.26,CashDeposit,Richard Smith,Singapore,Wire,James Miller,Low,Germany
TXN002147,ACCT00228,CUST0137,2025-08-20 00:00:00,537.33,Withdrawal,Sarah Lopez,United Kingdom,ATM,Chloe Young,Medium,India
TXN002148,ACCT00227,CUST0136,2025-08-20 00:00:00,402.37,Deposit,Ahmed Johnson,Netherlands,Wire,James Scott,Low,Japan
TXN002149,ACCT00004,CUST0002,2025-08-21 00:00:00,517.95,CashDeposit,Yuki Moore,United Kingdom,Wire,William Ramirez,High,Yemen
TXN002150,ACCT00262,CUST0158,2025-08-21 00:00:00,1851.09,Deposit,Michael Wilson,Spain,ATM,Thomas Smith,Low,France
TXN002151,ACCT00079,CUST0042,2025-08-21 00:00:00,760.17,CashDeposit,Sven Thompson,Netherlands,Wire,Arjun Jones,Low,India
TXN002152,ACCT00281,CUST0171,2025-08-21 00:00:00,290.56,ACH,David Johnson,UAE,Branch,Ahmed White,Low,Switzerland
TXN002153,ACCT00150,CUST0090,2025-08-21 00:00:00,134.54,ACH,Chloe Miller,Spain,Branch,Jennifer Walker,Low,UAE
TXN002154,ACCT00001,CUST0001,2025-08-21 00:00:00,109.41,Deposit,Susan Perez,Venezuela,Branch,Mateo Clark,High,Ireland
TXN002155,ACCT00165,CUST0099,2025-08-21 00:00:00,2033.27,Deposit,Sofia Walker,Canada,Online,Elizabeth Ramirez,Low,UAE
TXN002156,ACCT00199,CUST0122,2025-08-21 00:00:00,3586.79,Withdrawal,Priya Moore,Ireland,Branch,William Smith,Low,India
TXN002157,ACCT00164,CUST0098,2025-08-22 00:00:00,389.24,WireTransfer,Delta Exchange,UAE,Branch,Sven Young,Medium,Switzerland
TXN002158,ACCT00082,CUST0044,2025-08-22 00:00:00,575.89,CashDeposit,Michael Davis,Spain,Online,Jessica White,Low,United Kingdom
TXN002159,ACCT00130,CUST0077,2025-08-22 00:00:00,587.21,Deposit,Elizabeth Scott,Switzerland,ATM,Liam Ramirez,Medium,UAE
TXN002160,ACCT00032,CUST0018,2025-08-22 00:00:00,335.82,Deposit,Yuki King,France,ATM,Amara Solis,High,Syria
TXN002161,ACCT00193,CUST0117,2025-08-22 00:00:00,1891.43,Deposit,John White,Ireland,ATM,Elizabeth Nguyen,Medium,Canada
TXN002162,ACCT00258,CUST0155,2025-08-22 00:00:00,2366.51,CashDeposit,Sarah Thomas,Singapore,Branch,Wei White,Low,United Kingdom
TXN002163,ACCT00075,CUST0041,2025-08-22 00:00:00,371.79,WireTransfer,Atlas Logistics,India,Wire,Arjun Thomas,Low,Japan
TXN002164,ACCT00005,CUST0002,2025-08-23 00:00:00,23842.2,WireTransfer,Prime Group,Venezuela,Wire,William Ramirez,High,Yemen
TXN002165,ACCT00288,CUST0174,2025-08-23 00:00:00,870.7,WireTransfer,Silver Enterprises,Singapore,ATM,Emma Davis,Low,United Kingdom
TXN002166,ACCT00210,CUST0129,2025-08-23 00:00:00,267.82,Deposit,Summit Partners,Singapore,ATM,Robert Ramirez,Medium,Netherlands
TXN002167,ACCT00308,CUST0188,2025-08-23 00:00:00,565.92,WireTransfer,Chloe Nguyen,France,Wire,Noah Sanchez,Low,Switzerland
TXN002168,ACCT00217,CUST0132,2025-08-23 00:00:00,231.24,ACH,Ethan Jackson,India,Online,Mia Ramirez,Medium,Spain
TXN002169,ACCT00086,CUST0047,2025-08-23 00:00:00,4129.91,Deposit,Charles Jones,Japan,Branch,Sarah Jackson,Low,Germany
TXN002170,ACCT00100,CUST0057,2025-08-23 00:00:00,530.34,ACH,Elizabeth Davis,Spain,Branch,Robert Walker,Low,India
TXN002171,ACCT00059,CUST0033,2025-08-23 00:00:00,1228.46,ACH,Prime Exchange,India,Branch,Jessica Hernandez,Low,India
TXN002172,ACCT00326,CUST0199,2025-08-23 00:00:00,4667.33,Withdrawal,Liam Sanchez,India,Wire,Susan Martinez,Low,Australia
TXN002173,ACCT00023,CUST0011,2025-08-23 00:00:00,3450.92,WireTransfer,Union Imports,Japan,Branch,Thomas Rodriguez,High,UAE
TXN002174,ACCT00258,CUST0155,2025-08-23 00:00:00,700.49,Deposit,Barbara Thomas,Canada,Wire,Wei White,Low,United Kingdom
TXN002175,ACCT00157,CUST0095,2025-08-23 00:00:00,224.25,Deposit,Robert Green,United States,Wire,Ahmed Sanchez,Medium,Canada
TXN002176,ACCT00016,CUST0007,2025-08-23 00:00:00,219.84,Deposit,Arjun Flores,India,ATM,Wei Wilson,High,Netherlands
TXN002177,ACCT00280,CUST0170,2025-08-23 00:00:00,78.84,ACH,Sarah Perez,United States,Online,Mateo Davis,Low,Australia
TXN002178,ACCT00116,CUST0068,2025-08-23 00:00:00,915.23,WireTransfer,Camila Jones,United States,Online,Charles Wilson,Medium,Ireland
TXN002179,ACCT00182,CUST0108,2025-08-23 00:00:00,551.77,WireTransfer,Richard Lee,United Kingdom,Online,Diego Torres,Low,Australia
TXN002180,ACCT00179,CUST0107,2025-08-24 00:00:00,855.63,CashDeposit,Mateo Harris,Switzerland,Wire,Jessica Martin,Low,Australia
TXN002181,ACCT00208,CUST0127,2025-08-24 00:00:00,369.12,ACH,Priya Lee,Japan,Wire,Lucas Jackson,Low,Canada
TXN002182,ACCT00226,CUST0136,2025-08-24 00:00:00,111.39,CashDeposit,Prime Ventures,United Kingdom,ATM,James Scott,Low,Japan
TXN002183,ACCT00201,CUST0122,2025-08-24 00:00:00,315.27,CashDeposit,John Hernandez,India,Wire,William Smith,Low,India
TXN002184,ACCT00297,CUST0179,2025-08-24 00:00:00,478.69,WireTransfer,Wei Thomas,Switzerland,Wire,Linda Robinson,Medium,Switzerland
TXN002185,ACCT00272,CUST0163,2025-08-24 00:00:00,556.08,CashDeposit,Global Partners,United Kingdom,Wire,Emma Jackson,Low,Germany
TXN002186,ACCT00143,CUST0085,2025-08-24 00:00:00,169.24,WireTransfer,Camila Rodriguez,France,Wire,Emma Anderson,Low,Japan
TXN002187,ACCT00139,CUST0083,2025-08-24 00:00:00,982.86,Withdrawal,Atlas Trading,Germany,Wire,Mary Nguyen,Low,India
TXN002188,ACCT00082,CUST0044,2025-08-24 00:00:00,361.58,WireTransfer,Ahmed Gonzalez,United Kingdom,Online,Jessica White,Low,United Kingdom
TXN002189,ACCT00116,CUST0068,2025-08-24 00:00:00,101.99,ACH,Crown Enterprises,UAE,Branch,Charles Wilson,Medium,Ireland
TXN002190,ACCT00101,CUST0057,2025-08-24 00:00:00,58.9,ACH,Ethan Smith,Switzerland,Wire,Robert Walker,Low,India
TXN002191,ACCT00003,CUST0002,2025-08-24 00:00:00,788.18,CashDeposit,Richard Thomas,Afghanistan,ATM,William Ramirez,High,Yemen
TXN002192,ACCT00050,CUST0029,2025-08-25 00:00:00,237.29,ACH,Sofia Miller,Ireland,ATM,Sven Robinson,Low,Switzerland
TXN002193,ACCT00014,CUST0007,2025-08-25 00:00:00,573.04,Withdrawal,Sven Young,Spain,Wire,Wei Wilson,High,Netherlands
TXN002194,ACCT00313,CUST0191,2025-08-25 00:00:00,1696.81,CashDeposit,Metro Group,Spain,Branch,Liam Flores,Low,Canada
TXN002195,ACCT00149,CUST0090,2025-08-25 00:00:00,72.83,WireTransfer,Robert Scott,Spain,Online,Jennifer Walker,Low,UAE
TXN002196,ACCT00182,CUST0108,2025-08-25 00:00:00,493.93,Deposit,Crown Exchange,UAE,Branch,Diego Torres,Low,Australia
TXN002197,ACCT00070,CUST0038,2025-08-25 00:00:00,2675.8,Withdrawal,Patricia Wright,France,Wire,Barbara Jones,Low,Canada
TXN002198,ACCT00252,CUST0151,2025-08-25 00:00:00,5790.69,CashDeposit,Ava Smith,Ireland,Wire,Olga Garcia,Medium,Spain
TXN002199,ACCT00117,CUST0069,2025-08-25 00:00:00,679.47,Deposit,Yuki Harris,Switzerland,Branch,Camila Lewis,Low,Singapore
TXN002200,ACCT00265,CUST0159,2025-08-26 00:00:00,553.83,WireTransfer,Sofia Moore,UAE,ATM,Camila Thompson,Medium,France
TXN002201,ACCT00213,CUST0130,2025-08-26 00:00:00,145.89,ACH,Ahmed Clark,United Kingdom,Online,Lucas Hill,Low,Ireland
TXN002202,ACCT00134,CUST0079,2025-08-26 00:00:00,307.08,CashDeposit,Chloe Robinson,United States,Wire,Jessica Moore,Low,Canada
TXN002203,ACCT00288,CUST0174,2025-08-26 00:00:00,635.94,Deposit,Linda Garcia,United States,Online,Emma Davis,Low,United Kingdom
TXN002204,ACCT00208,CUST0127,2025-08-26 00:00:00,387.95,CashDeposit,Susan Sanchez,Australia,Wire,Lucas Jackson,Low,Canada
TXN002205,ACCT00005,CUST0002,2025-08-26 00:00:00,1747.47,CashDeposit,Horizon Logistics,Myanmar,Wire,William Ramirez,High,Yemen
TXN002206,ACCT00265,CUST0159,2025-08-26 00:00:00,1503.42,WireTransfer,Pacific Exchange,Singapore,Branch,Camila Thompson,Medium,France
TXN002207,ACCT00123,CUST0073,2025-08-26 00:00:00,315.62,WireTransfer,Ethan Walker,France,Wire,Lucas Gonzalez,Low,India
TXN002208,ACCT00062,CUST0034,2025-08-26 00:00:00,482.2,Deposit,Elizabeth Brown,Canada,ATM,William Harris,Low,Japan
TXN002209,ACCT00251,CUST0151,2025-08-27 00:00:00,652.32,CashDeposit,Robert Jackson,Switzerland,Branch,Olga Garcia,Medium,Spain
TXN002210,ACCT00091,CUST0051,2025-08-27 00:00:00,1195.55,Deposit,Charles Torres,India,Online,Linda Jones,Low,Singapore
TXN002211,ACCT00267,CUST0159,2025-08-27 00:00:00,599.78,Withdrawal,Jennifer Davis,Canada,Branch,Camila Thompson,Medium,France
TXN002212,ACCT00149,CUST0090,2025-08-27 00:00:00,5032.17,CashDeposit,Ahmed Jackson,Germany,ATM,Jennifer Walker,Low,UAE
TXN002213,ACCT00004,CUST0002,2025-08-27 00:00:00,136.97,WireTransfer,Charles White,Afghanistan,Online,William Ramirez,High,Yemen
TXN002214,ACCT00126,CUST0075,2025-08-28 00:00:00,221.82,Withdrawal,Mateo Thomas,Canada,Wire,Patricia Torres,Medium,Spain
TXN002215,ACCT00081,CUST0043,2025-08-28 00:00:00,270.84,Deposit,Arjun Taylor,France,Wire,John Scott,Low,Singapore
TXN002216,ACCT00329,CUST0200,2025-08-28 00:00:00,5125.94,CashDeposit,Prime Exchange,UAE,Branch,Linda Moore,Low,Spain
TXN002217,ACCT00061,CUST0034,2025-08-28 00:00:00,217.09,CashDeposit,Mateo Lopez,Singapore,ATM,William Harris,Low,Japan
TXN002218,ACCT00301,CUST0183,2025-08-28 00:00:00,3657.92,ACH,Diego Robinson,UAE,Branch,Thomas Lopez,Low,United Kingdom
TXN002219,ACCT00266,CUST0159,2025-08-28 00:00:00,300.2,CashDeposit,Pacific Traders,UAE,Wire,Camila Thompson,Medium,France
TXN002220,ACCT00115,CUST0067,2025-08-28 00:00:00,356.86,ACH,Summit Imports,Ireland,ATM,Barbara Green,Low,France
TXN002221,ACCT00256,CUST0155,2025-08-28 00:00:00,328.08,CashDeposit,Summit Logistics,India,Branch,Wei White,Low,United Kingdom
TXN002222,ACCT00256,CUST0155,2025-08-28 00:00:00,294.85,ACH,Atlas Enterprises,Japan,ATM,Wei White,Low,United Kingdom
TXN002223,ACCT00329,CUST0200,2025-08-29 00:00:00,305.97,Withdrawal,Mia Harris,Germany,Online,Linda Moore,Low,Spain
TXN002224,ACCT00140,CUST0084,2025-08-29 00:00:00,2289.6,ACH,James Jackson,India,ATM,Ahmed Clark,Low,UAE
TXN002225,ACCT00166,CUST0099,2025-08-29 00:00:00,712.9,Withdrawal,Pacific Ventures,Spain,Wire,Elizabeth Ramirez,Low,UAE
TXN002226,ACCT00093,CUST0053,2025-08-29 00:00:00,2200.92,ACH,Silver Enterprises,Singapore,Online,Robert Thompson,Low,Switzerland
TXN002227,ACCT00222,CUST0134,2025-08-29 00:00:00,1860.6,Deposit,Camila Wilson,France,ATM,Sven Young,Low,Spain
TXN002228,ACCT00171,CUST0104,2025-08-29 00:00:00,1000.12,Deposit,Richard Miller,France,Branch,Sarah Torres,Low,Canada
TXN002229,ACCT00112,CUST0065,2025-08-29 00:00:00,1492.28,WireTransfer,James Wright,France,ATM,Karen King,Low,Switzerland
TXN002230,ACCT00159,CUST0096,2025-08-30 00:00:00,2195.38,CashDeposit,Liam Wright,Netherlands,Online,Karen Flores,Low,Ireland
TXN002231,ACCT00312,CUST0190,2025-08-30 00:00:00,831.38,Withdrawal,Anchor Logistics,Switzerland,ATM,Mia Torres,Medium,Singapore
TXN002232,ACCT00160,CUST0096,2025-08-30 00:00:00,854.23,WireTransfer,Thomas Gonzalez,United States,Branch,Karen Flores,Low,Ireland
TXN002233,ACCT00280,CUST0170,2025-08-30 00:00:00,1191.23,CashDeposit,Fatima Johnson,Ireland,Wire,Mateo Davis,Low,Australia
TXN002234,ACCT00025,CUST0013,2025-08-30 00:00:00,1302.78,Deposit,Global Trading,Iran,Branch,Jennifer Brown,High,Ireland
TXN002235,ACCT00169,CUST0102,2025-08-30 00:00:00,577.71,ACH,Union Group,Japan,ATM,Chloe Harris,Low,United States
TXN002236,ACCT00153,CUST0092,2025-08-30 00:00:00,773.1,Deposit,Crown Ventures,Spain,Branch,Elizabeth Thomas,Medium,India
TXN002237,ACCT00329,CUST0200,2025-08-30 00:00:00,62.07,Withdrawal,Noah Rodriguez,Singapore,Wire,Linda Moore,Low,Spain
TXN002238,ACCT00190,CUST0115,2025-08-30 00:00:00,491.74,Deposit,Arjun Williams,UAE,ATM,Priya Lopez,Low,India
TXN002239,ACCT00176,CUST0106,2025-08-30 00:00:00,450.61,ACH,Nova Holdings,UAE,Wire,Emma Lewis,Low,Canada
TXN002240,ACCT00055,CUST0031,2025-08-31 00:00:00,10000.0,CashDeposit,Liam Sanchez,United Kingdom,Branch,David Ramirez,Low,France
TXN002241,ACCT00001,CUST0001,2025-08-31 00:00:00,452.8,CashDeposit,Chloe Lee,Syria,Wire,Mateo Clark,High,Ireland
TXN002242,ACCT00178,CUST0107,2025-08-31 00:00:00,1910.69,Withdrawal,Barbara Moore,France,Wire,Jessica Martin,Low,Australia
TXN002243,ACCT00003,CUST0002,2025-08-31 00:00:00,322.68,WireTransfer,Ava Green,Netherlands,Online,William Ramirez,High,Yemen
TXN002244,ACCT00086,CUST0047,2025-08-31 00:00:00,5752.03,WireTransfer,Mary Jackson,India,Wire,Sarah Jackson,Low,Germany
TXN002245,ACCT00319,CUST0195,2025-08-31 00:00:00,243.08,Withdrawal,Crown Logistics,Netherlands,Wire,Jennifer Garcia,Low,Canada
TXN002246,ACCT00304,CUST0185,2025-08-31 00:00:00,645.22,WireTransfer,Lucas Martinez,United Kingdom,Online,Sven Wright,Low,UAE
TXN002247,ACCT00103,CUST0059,2025-08-31 00:00:00,35.83,ACH,Sunrise Traders,Canada,Branch,John Moore,Medium,Switzerland
TXN002248,ACCT00031,CUST0017,2025-08-31 18:00:00,9376.31,CashDeposit,Camila Ramirez,Yemen,Branch,Thomas King,High,Spain
TXN002249,ACCT00041,CUST0023,2025-09-01 00:00:00,89337.71,WireTransfer,Falcon Holdings,Syria,Wire,Richard Martin,High,India
TXN002250,ACCT00097,CUST0055,2025-09-01 00:00:00,612.36,WireTransfer,Ethan Williams,United States,ATM,Barbara Clark,Low,United Kingdom
TXN002251,ACCT00175,CUST0106,2025-09-01 00:00:00,341.02,Withdrawal,Lucas Harris,Netherlands,Wire,Emma Lewis,Low,Canada
TXN002252,ACCT00107,CUST0061,2025-09-01 00:00:00,467.24,CashDeposit,Crown Enterprises,Ireland,Online,Michael Flores,Low,Australia
TXN002253,ACCT00144,CUST0086,2025-09-01 00:00:00,5003.58,CashDeposit,Lucas Harris,UAE,Online,Olga Hernandez,Low,Singapore
TXN002254,ACCT00179,CUST0107,2025-09-01 00:00:00,265.9,CashDeposit,Wei Lewis,Australia,Branch,Jessica Martin,Low,Australia
TXN002255,ACCT00106,CUST0061,2025-09-01 00:00:00,681.45,Withdrawal,Ava Sanchez,Canada,Wire,Michael Flores,Low,Australia
TXN002256,ACCT00031,CUST0017,2025-09-01 08:00:00,9698.86,CashDeposit,Patricia Walker,Yemen,Branch,Thomas King,High,Spain
TXN002257,ACCT00010,CUST0004,2025-09-01 11:00:00,9687.29,CashDeposit,Olga Thomas,Japan,Branch,Yuki Scott,High,Afghanistan
TXN002258,ACCT00190,CUST0115,2025-09-02 00:00:00,731.68,WireTransfer,Union Exchange,India,Branch,Priya Lopez,Low,India
TXN002259,ACCT00218,CUST0132,2025-09-02 00:00:00,36280.9,WireTransfer,Crown Capital,Syria,Branch,Mia Ramirez,Medium,Spain
TXN002260,ACCT00186,CUST0111,2025-09-02 00:00:00,1631.19,CashDeposit,Mia King,Australia,Online,Mia Wright,Low,Spain
TXN002261,ACCT00024,CUST0012,2025-09-02 00:00:00,1417.08,Deposit,Horizon Ventures,North Korea,Online,Mia Sanchez,High,United Kingdom
TXN002262,ACCT00170,CUST0103,2025-09-02 00:00:00,406.49,CashDeposit,Elizabeth Garcia,Switzerland,Branch,Emma Wilson,Low,Ireland
TXN002263,ACCT00176,CUST0106,2025-09-02 00:00:00,784.19,Withdrawal,Olga Wilson,Canada,ATM,Emma Lewis,Low,Canada
TXN002264,ACCT00139,CUST0083,2025-09-02 00:00:00,173.14,Deposit,Sarah Martinez,Netherlands,Branch,Mary Nguyen,Low,India
TXN002265,ACCT00281,CUST0171,2025-09-02 00:00:00,172.77,WireTransfer,Delta Ventures,India,Branch,Ahmed White,Low,Switzerland
TXN002266,ACCT00187,CUST0112,2025-09-02 00:00:00,1464.19,ACH,Patricia Lee,Singapore,Branch,Joseph White,Low,France
TXN002267,ACCT00010,CUST0004,2025-09-02 07:00:00,9600.97,CashDeposit,Karen Torres,Spain,Branch,Yuki Scott,High,Afghanistan
TXN002268,ACCT00031,CUST0017,2025-09-02 16:00:00,9535.84,CashDeposit,William Ramirez,Yemen,Branch,Thomas King,High,Spain
TXN002269,ACCT00284,CUST0172,2025-09-03 00:00:00,44039.61,WireTransfer,Liam Scott,Spain,Branch,Sofia Lee,Low,Germany
TXN002270,ACCT00268,CUST0160,2025-09-03 00:00:00,138.68,Withdrawal,Falcon Partners,France,Wire,Thomas Robinson,Low,Spain
TXN002271,ACCT00221,CUST0133,2025-09-03 00:00:00,31323.71,WireTransfer,Yuki White,United Kingdom,Branch,Wei Clark,Low,Australia
TXN002272,ACCT00085,CUST0047,2025-09-03 00:00:00,567.63,WireTransfer,Lucas Hill,UAE,Online,Sarah Jackson,Low,Germany
TXN002273,ACCT00310,CUST0189,2025-09-03 00:00:00,733.99,ACH,Anchor Capital,Singapore,ATM,Jennifer Lee,Low,United Kingdom
TXN002274,ACCT00012,CUST0005,2025-09-03 00:00:00,148.0,WireTransfer,Delta Freight,Australia,Online,Fatima Nguyen,High,Myanmar
TXN002275,ACCT00224,CUST0135,2025-09-03 00:00:00,397.88,Withdrawal,Noah Wilson,Switzerland,Online,Yuki Garcia,Low,France
TXN002276,ACCT00230,CUST0137,2025-09-03 00:00:00,474.14,Deposit,Nova Group,Australia,ATM,Chloe Young,Medium,India
TXN002277,ACCT00160,CUST0096,2025-09-03 00:00:00,553.8,Withdrawal,Global Enterprises,UAE,ATM,Karen Flores,Low,Ireland
TXN002278,ACCT00240,CUST0144,2025-09-03 00:00:00,331.67,Deposit,Thomas Hernandez,United Kingdom,Branch,Karen Hill,Low,Switzerland
TXN002279,ACCT00322,CUST0197,2025-09-03 00:00:00,324.25,WireTransfer,Global Partners,Germany,Wire,Linda Clark,Low,Spain
TXN002280,ACCT00010,CUST0004,2025-09-03 02:00:00,9084.13,CashDeposit,Sarah Young,North Korea,Branch,Yuki Scott,High,Afghanistan
TXN002281,ACCT00031,CUST0017,2025-09-03 02:00:00,9528.03,CashDeposit,Ava Taylor,Germany,Branch,Thomas King,High,Spain
TXN002282,ACCT00307,CUST0187,2025-09-04 00:00:00,720.18,ACH,Diego White,Canada,Wire,Robert Wright,Low,India
TXN002283,ACCT00082,CUST0044,2025-09-04 00:00:00,229.27,Deposit,Olga Brown,Australia,ATM,Jessica White,Low,United Kingdom
TXN002284,ACCT00066,CUST0036,2025-09-04 00:00:00,1894.9,CashDeposit,Lucas Gonzalez,India,Online,Mia Scott,Medium,UAE
TXN002285,ACCT00107,CUST0061,2025-09-04 00:00:00,807.86,CashDeposit,Priya Harris,Netherlands,ATM,Michael Flores,Low,Australia
TXN002286,ACCT00198,CUST0121,2025-09-04 00:00:00,2926.8,Withdrawal,Sven Sanchez,Japan,Online,Susan Taylor,Low,United Kingdom
TXN002287,ACCT00055,CUST0031,2025-09-04 00:00:00,10000.0,CashDeposit,David Ramirez,Germany,Branch,David Ramirez,Low,France
TXN002288,ACCT00005,CUST0002,2025-09-04 01:00:00,9194.86,CashDeposit,Ava Johnson,Afghanistan,Branch,William Ramirez,High,Yemen
TXN002289,ACCT00010,CUST0004,2025-09-04 13:00:00,9233.62,CashDeposit,Mia Ramirez,India,Branch,Yuki Scott,High,Afghanistan
TXN002290,ACCT00066,CUST0036,2025-09-05 00:00:00,128.54,CashDeposit,Mary Harris,UAE,Online,Mia Scott,Medium,UAE
TXN002291,ACCT00265,CUST0159,2025-09-05 00:00:00,465.6,Withdrawal,Robert Lee,United Kingdom,Wire,Camila Thompson,Medium,France
TXN002292,ACCT00306,CUST0186,2025-09-05 00:00:00,497.68,ACH,Linda Scott,Singapore,Branch,Fatima King,Low,Canada
TXN002293,ACCT00065,CUST0036,2025-09-05 00:00:00,3398.62,Withdrawal,Lucas Miller,Spain,Wire,Mia Scott,Medium,UAE
TXN002294,ACCT00309,CUST0188,2025-09-05 00:00:00,5523.39,WireTransfer,Noah Taylor,Netherlands,Online,Noah Sanchez,Low,Switzerland
TXN002295,ACCT00014,CUST0007,2025-09-05 00:00:00,705.72,WireTransfer,Karen Williams,Libya,Wire,Wei Wilson,High,Netherlands
TXN002296,ACCT00150,CUST0090,2025-09-05 00:00:00,350.2,Withdrawal,Jennifer Thompson,France,Branch,Jennifer Walker,Low,UAE
TXN002297,ACCT00055,CUST0031,2025-09-05 00:00:00,1337.05,Withdrawal,Thomas Martin,Singapore,ATM,David Ramirez,Low,France
TXN002298,ACCT00241,CUST0144,2025-09-05 00:00:00,106.05,CashDeposit,Crown Enterprises,UAE,Branch,Karen Hill,Low,Switzerland
TXN002299,ACCT00010,CUST0004,2025-09-05 03:00:00,9288.05,CashDeposit,Linda Rodriguez,Yemen,Branch,Yuki Scott,High,Afghanistan
TXN002300,ACCT00005,CUST0002,2025-09-05 05:00:00,9799.8,CashDeposit,Liam Lee,North Korea,Branch,William Ramirez,High,Yemen
TXN002301,ACCT00214,CUST0130,2025-09-06 00:00:00,592.16,WireTransfer,Richard Flores,Spain,Online,Lucas Hill,Low,Ireland
TXN002302,ACCT00306,CUST0186,2025-09-06 00:00:00,2053.65,CashDeposit,Chloe Lewis,Canada,Branch,Fatima King,Low,Canada
TXN002303,ACCT00161,CUST0096,2025-09-06 00:00:00,1051.29,WireTransfer,Ava Anderson,Germany,Branch,Karen Flores,Low,Ireland
TXN002304,ACCT00064,CUST0035,2025-09-06 00:00:00,671.35,ACH,Richard Nguyen,Singapore,ATM,Diego Torres,Low,United Kingdom
TXN002305,ACCT00167,CUST0100,2025-09-06 00:00:00,181.35,ACH,Noah Jackson,Netherlands,Wire,Mateo Walker,Low,Netherlands
TXN002306,ACCT00315,CUST0191,2025-09-06 00:00:00,681.82,Withdrawal,Mateo Flores,United States,Wire,Liam Flores,Low,Canada
TXN002307,ACCT00049,CUST0029,2025-09-06 00:00:00,1053.56,ACH,Mia Martinez,Netherlands,ATM,Sven Robinson,Low,Switzerland
TXN002308,ACCT00024,CUST0012,2025-09-06 00:00:00,125.24,WireTransfer,Nova Logistics,Libya,Branch,Mia Sanchez,High,United Kingdom
TXN002309,ACCT00067,CUST0037,2025-09-06 00:00:00,788.15,CashDeposit,Pacific Group,United Kingdom,Branch,Noah King,Medium,United Kingdom
TXN002310,ACCT00121,CUST0072,2025-09-06 00:00:00,26726.8,WireTransfer,Mateo Williams,Iran,Branch,Jessica Walker,Low,Spain
TXN002311,ACCT00143,CUST0085,2025-09-06 00:00:00,144.7,Withdrawal,Global Group,Canada,Wire,Emma Anderson,Low,Japan
TXN002312,ACCT00005,CUST0002,2025-09-06 14:00:00,9604.55,CashDeposit,Priya Taylor,Syria,Branch,William Ramirez,High,Yemen
TXN002313,ACCT00010,CUST0004,2025-09-06 17:00:00,9693.39,CashDeposit,Michael Rodriguez,India,Branch,Yuki Scott,High,Afghanistan
TXN002314,ACCT00229,CUST0137,2025-09-07 00:00:00,210.22,ACH,Susan Robinson,UAE,Wire,Chloe Young,Medium,India
TXN002315,ACCT00199,CUST0122,2025-09-07 00:00:00,1562.4,CashDeposit,Ahmed Williams,Netherlands,Wire,William Smith,Low,India
TXN002316,ACCT00225,CUST0136,2025-09-07 00:00:00,535.69,ACH,Emma Perez,India,Online,James Scott,Low,Japan
TXN002317,ACCT00039,CUST0021,2025-09-07 00:00:00,654.31,Deposit,Horizon Trading,North Korea,Wire,Tatiana Orlova,High,Libya
TXN002318,ACCT00155,CUST0094,2025-09-07 00:00:00,4800.33,WireTransfer,Pacific Trading,Ireland,Branch,William Martin,Medium,Netherlands
TXN002319,ACCT00051,CUST0030,2025-09-07 00:00:00,405.1,ACH,Camila Hernandez,Singapore,Branch,Olga Perez,Low,Germany
TXN002320,ACCT00063,CUST0035,2025-09-07 00:00:00,236.29,Withdrawal,Wei Lewis,Singapore,ATM,Diego Torres,Low,United Kingdom
TXN002321,ACCT00209,CUST0128,2025-09-07 00:00:00,528.2,WireTransfer,Prime Holdings,Switzerland,Branch,Olga Moore,Low,Singapore
TXN002322,ACCT00093,CUST0053,2025-09-07 00:00:00,1037.53,Deposit,Mateo Nguyen,Switzerland,Wire,Robert Thompson,Low,Switzerland
TXN002323,ACCT00165,CUST0099,2025-09-07 00:00:00,528.27,ACH,Nova Ventures,United Kingdom,Online,Elizabeth Ramirez,Low,UAE
TXN002324,ACCT00291,CUST0176,2025-09-07 00:00:00,164.71,Deposit,Fatima Clark,Australia,Branch,Michael Young,Low,France
TXN002325,ACCT00005,CUST0002,2025-09-07 12:00:00,9616.73,CashDeposit,Barbara Torres,Syria,Branch,William Ramirez,High,Yemen
TXN002326,ACCT00167,CUST0100,2025-09-08 00:00:00,1508.36,CashDeposit,Silver Ventures,Switzerland,Wire,Mateo Walker,Low,Netherlands
TXN002327,ACCT00244,CUST0146,2025-09-08 00:00:00,506.39,WireTransfer,Union Enterprises,United States,Wire,Yuki Lee,Medium,UAE
TXN002328,ACCT00092,CUST0052,2025-09-08 00:00:00,1303.99,ACH,Mary Miller,Switzerland,Online,Sofia Martinez,Low,United Kingdom
TXN002329,ACCT00067,CUST0037,2025-09-08 00:00:00,1977.65,ACH,Wei Thompson,United States,Online,Noah King,Medium,United Kingdom
TXN002330,ACCT00134,CUST0079,2025-09-08 00:00:00,1114.52,CashDeposit,David Lee,Ireland,Wire,Jessica Moore,Low,Canada
TXN002331,ACCT00214,CUST0130,2025-09-08 00:00:00,1401.09,CashDeposit,Michael Harris,United States,Wire,Lucas Hill,Low,Ireland
TXN002332,ACCT00129,CUST0076,2025-09-08 00:00:00,425.0,Deposit,Linda Lopez,Ireland,Branch,Yuki Wright,Medium,Netherlands
TXN002333,ACCT00129,CUST0076,2025-09-08 00:00:00,890.57,CashDeposit,Lucas Walker,United States,Online,Yuki Wright,Medium,Netherlands
TXN002334,ACCT00210,CUST0129,2025-09-08 00:00:00,370.7,WireTransfer,Karen Taylor,United States,Online,Robert Ramirez,Medium,Netherlands
TXN002335,ACCT00178,CUST0107,2025-09-08 00:00:00,574.74,ACH,Fatima Taylor,United States,ATM,Jessica Martin,Low,Australia
TXN002336,ACCT00107,CUST0061,2025-09-08 00:00:00,921.31,Deposit,Robert Clark,Singapore,Branch,Michael Flores,Low,Australia
TXN002337,ACCT00269,CUST0161,2025-09-08 00:00:00,2196.44,Withdrawal,Global Group,Singapore,Wire,Jessica Harris,Low,Australia
TXN002338,ACCT00005,CUST0002,2025-09-08 16:00:00,9750.51,CashDeposit,Thomas Rodriguez,India,Branch,William Ramirez,High,Yemen
TXN002339,ACCT00204,CUST0124,2025-09-09 00:00:00,898.84,Withdrawal,Noah Hill,United States,Wire,Joseph Taylor,Low,Netherlands
TXN002340,ACCT00046,CUST0027,2025-09-09 00:00:00,411.52,CashDeposit,Arjun Wright,Canada,ATM,David Nguyen,Low,India
TXN002341,ACCT00216,CUST0131,2025-09-09 00:00:00,1447.23,Deposit,Nova Capital,UAE,ATM,Robert Lopez,Low,Singapore
TXN002342,ACCT00012,CUST0005,2025-09-09 00:00:00,512.48,CashDeposit,Olga White,Afghanistan,Online,Fatima Nguyen,High,Myanmar
TXN002343,ACCT00228,CUST0137,2025-09-09 00:00:00,774.24,ACH,Silver Capital,Japan,Wire,Chloe Young,Medium,India
TXN002344,ACCT00031,CUST0017,2025-09-09 00:00:00,537.39,Withdrawal,Summit Freight,Venezuela,Branch,Thomas King,High,Spain
TXN002345,ACCT00005,CUST0002,2025-09-09 00:00:00,9400.79,CashDeposit,Pacific Holdings,Switzerland,Branch,William Ramirez,High,Yemen
TXN002346,ACCT00122,CUST0073,2025-09-09 00:00:00,348.78,Deposit,Elizabeth Wilson,United States,Online,Lucas Gonzalez,Low,India
TXN002347,ACCT00317,CUST0193,2025-09-09 00:00:00,214.67,Deposit,Mary Ramirez,France,Wire,Yuki Sanchez,Low,UAE
TXN002348,ACCT00127,CUST0075,2025-09-09 00:00:00,605.81,Deposit,Falcon Partners,Spain,ATM,Patricia Torres,Medium,Spain
TXN002349,ACCT00093,CUST0053,2025-09-09 00:00:00,1198.2,CashDeposit,Mateo Scott,Singapore,ATM,Robert Thompson,Low,Switzerland
TXN002350,ACCT00068,CUST0037,2025-09-09 00:00:00,516.62,ACH,Global Exchange,United Kingdom,Online,Noah King,Medium,United Kingdom
TXN002351,ACCT00314,CUST0191,2025-09-09 00:00:00,798.34,CashDeposit,Priya Nguyen,France,Branch,Liam Flores,Low,Canada
TXN002352,ACCT00097,CUST0055,2025-09-09 00:00:00,324.79,CashDeposit,Arjun Scott,UAE,ATM,Barbara Clark,Low,United Kingdom
TXN002353,ACCT00209,CUST0128,2025-09-09 00:00:00,287.56,CashDeposit,Fatima Jones,Australia,ATM,Olga Moore,Low,Singapore
TXN002354,ACCT00192,CUST0116,2025-09-10 00:00:00,2783.23,CashDeposit,Sunrise Logistics,United Kingdom,Online,John Sanchez,Low,Canada
TXN002355,ACCT00012,CUST0005,2025-09-10 00:00:00,528.54,Withdrawal,Noah Jones,Afghanistan,Branch,Fatima Nguyen,High,Myanmar
TXN002356,ACCT00263,CUST0158,2025-09-10 00:00:00,184.09,WireTransfer,Sarah Scott,UAE,ATM,Thomas Smith,Low,France
TXN002357,ACCT00059,CUST0033,2025-09-10 00:00:00,195.24,CashDeposit,Anchor Group,India,ATM,Jessica Hernandez,Low,India
TXN002358,ACCT00287,CUST0173,2025-09-10 00:00:00,1280.46,Withdrawal,Nova Exchange,Australia,Wire,Karen Clark,Low,United Kingdom
TXN002359,ACCT00110,CUST0063,2025-09-10 00:00:00,1111.99,Withdrawal,Ethan Nguyen,Switzerland,Online,Diego Smith,Low,Ireland
TXN002360,ACCT00139,CUST0083,2025-09-10 00:00:00,864.85,CashDeposit,Delta Exchange,Japan,Online,Mary Nguyen,Low,India
TXN002361,ACCT00212,CUST0130,2025-09-10 00:00:00,82.76,WireTransfer,Diego Garcia,Netherlands,Branch,Lucas Hill,Low,Ireland
TXN002362,ACCT00103,CUST0059,2025-09-11 00:00:00,242.32,CashDeposit,Emma King,United States,ATM,John Moore,Medium,Switzerland
TXN002363,ACCT00274,CUST0164,2025-09-11 00:00:00,1207.66,Withdrawal,Diego Lee,Canada,ATM,Thomas Rodriguez,Medium,Switzerland
TXN002364,ACCT00199,CUST0122,2025-09-11 00:00:00,3146.86,Withdrawal,Anchor Traders,Switzerland,Wire,William Smith,Low,India
TXN002365,ACCT00024,CUST0012,2025-09-11 00:00:00,242.96,WireTransfer,David Nguyen,Australia,ATM,Mia Sanchez,High,United Kingdom
TXN002366,ACCT00100,CUST0057,2025-09-11 00:00:00,290.94,Deposit,Sofia Young,Australia,Wire,Robert Walker,Low,India
TXN002367,ACCT00319,CUST0195,2025-09-11 00:00:00,872.28,Withdrawal,Summit Ventures,Canada,Online,Jennifer Garcia,Low,Canada
TXN002368,ACCT00136,CUST0081,2025-09-11 00:00:00,510.55,CashDeposit,Liam Harris,United Kingdom,Branch,Elizabeth Wilson,Low,Japan
TXN002369,ACCT00007,CUST0003,2025-09-11 00:00:00,928.59,Deposit,Ava Lee,Switzerland,ATM,Ahmed Miller,High,Ireland
TXN002370,ACCT00147,CUST0088,2025-09-11 00:00:00,933.38,WireTransfer,Anchor Trading,Japan,Online,Barbara Brown,Low,Japan
TXN002371,ACCT00085,CUST0047,2025-09-11 00:00:00,251.37,Withdrawal,Sven Wilson,Singapore,Branch,Sarah Jackson,Low,Germany
TXN002372,ACCT00206,CUST0126,2025-09-11 00:00:00,3785.19,Withdrawal,Susan Davis,United States,Branch,Elizabeth Jones,Low,United Kingdom
TXN002373,ACCT00156,CUST0095,2025-09-11 00:00:00,2288.8,Withdrawal,Elizabeth Martin,Switzerland,Online,Ahmed Sanchez,Medium,Canada
TXN002374,ACCT00139,CUST0083,2025-09-11 00:00:00,413.14,ACH,Ethan Perez,UAE,Wire,Mary Nguyen,Low,India
TXN002375,ACCT00226,CUST0136,2025-09-11 00:00:00,2408.11,ACH,Richard Moore,Singapore,ATM,James Scott,Low,Japan
TXN002376,ACCT00133,CUST0078,2025-09-12 00:00:00,2066.83,CashDeposit,Atlas Traders,Japan,Branch,Thomas Thomas,Medium,France
TXN002377,ACCT00153,CUST0092,2025-09-12 00:00:00,137.06,Deposit,Diego White,Netherlands,Online,Elizabeth Thomas,Medium,India
TXN002378,ACCT00082,CUST0044,2025-09-12 00:00:00,198.4,CashDeposit,Diego Perez,Canada,Online,Jessica White,Low,United Kingdom
TXN002379,ACCT00072,CUST0039,2025-09-12 00:00:00,1253.6,Withdrawal,Karen Wilson,India,ATM,Linda Nguyen,Low,Netherlands
TXN002380,ACCT00290,CUST0175,2025-09-12 00:00:00,3323.52,WireTransfer,Jessica White,UAE,Online,Fatima Scott,Medium,Netherlands
TXN002381,ACCT00083,CUST0045,2025-09-12 00:00:00,2187.79,Withdrawal,Patricia White,Switzerland,Online,Karen Green,Low,United States
TXN002382,ACCT00264,CUST0158,2025-09-13 00:00:00,1293.27,Withdrawal,Camila Jackson,India,Wire,Thomas Smith,Low,France
TXN002383,ACCT00078,CUST0042,2025-09-13 00:00:00,484.73,Withdrawal,Lucas White,Japan,ATM,Arjun Jones,Low,India
TXN002384,ACCT00231,CUST0138,2025-09-13 00:00:00,732.77,ACH,Thomas Miller,Netherlands,Branch,Sofia Rodriguez,Medium,India
TXN002385,ACCT00251,CUST0151,2025-09-13 00:00:00,494.7,Withdrawal,Richard Wright,Japan,Online,Olga Garcia,Medium,Spain
TXN002386,ACCT00114,CUST0066,2025-09-13 00:00:00,2627.16,CashDeposit,Fatima Wright,United Kingdom,Wire,Charles Torres,Low,Germany
TXN002387,ACCT00144,CUST0086,2025-09-13 00:00:00,322.64,WireTransfer,Sven Taylor,Ireland,Branch,Olga Hernandez,Low,Singapore
TXN002388,ACCT00001,CUST0001,2025-09-13 00:00:00,1259.65,WireTransfer,Jessica Wilson,Venezuela,Wire,Mateo Clark,High,Ireland
TXN002389,ACCT00170,CUST0103,2025-09-13 00:00:00,251.33,WireTransfer,Noah King,Australia,Online,Emma Wilson,Low,Ireland
TXN002390,ACCT00305,CUST0186,2025-09-13 00:00:00,829.49,ACH,Falcon Holdings,United States,ATM,Fatima King,Low,Canada
TXN002391,ACCT00179,CUST0107,2025-09-14 00:00:00,1835.79,Deposit,Sarah Smith,United Kingdom,Wire,Jessica Martin,Low,Australia
TXN002392,ACCT00299,CUST0181,2025-09-14 00:00:00,185.96,ACH,Susan Nguyen,Netherlands,Online,Sofia Wilson,Low,Germany
TXN002393,ACCT00036,CUST0020,2025-09-14 00:00:00,81793.6,WireTransfer,Pacific Partners,Afghanistan,Wire,Viktor Kessler,High,Canada
TXN002394,ACCT00305,CUST0186,2025-09-15 00:00:00,2769.97,ACH,Jessica Lee,Switzerland,Wire,Fatima King,Low,Canada
TXN002395,ACCT00007,CUST0003,2025-09-15 00:00:00,714.49,WireTransfer,Lucas Flores,UAE,Online,Ahmed Miller,High,Ireland
TXN002396,ACCT00328,CUST0200,2025-09-15 00:00:00,481.03,Withdrawal,Mia Clark,Singapore,Branch,Linda Moore,Low,Spain
TXN002397,ACCT00028,CUST0015,2025-09-15 00:00:00,30000.0,WireTransfer,Richard Scott,UAE,Branch,Sofia Smith,High,Ireland
TXN002398,ACCT00136,CUST0081,2025-09-15 00:00:00,192.62,CashDeposit,Charles Moore,France,ATM,Elizabeth Wilson,Low,Japan
TXN002399,ACCT00142,CUST0085,2025-09-15 00:00:00,459.16,Withdrawal,Noah Hill,Netherlands,Branch,Emma Anderson,Low,Japan
TXN002400,ACCT00140,CUST0084,2025-09-15 00:00:00,810.23,Withdrawal,Yuki Torres,Japan,Branch,Ahmed Clark,Low,UAE
TXN002401,ACCT00124,CUST0074,2025-09-15 00:00:00,432.61,Deposit,Barbara Gonzalez,Netherlands,Wire,James Miller,Low,Germany
TXN002402,ACCT00050,CUST0029,2025-09-15 00:00:00,655.7,Deposit,Chloe Hernandez,Spain,Online,Sven Robinson,Low,Switzerland
TXN002403,ACCT00038,CUST0021,2025-09-15 00:00:00,1065.73,CashDeposit,Silver Enterprises,Iran,ATM,Tatiana Orlova,High,Libya
TXN002404,ACCT00066,CUST0036,2025-09-15 00:00:00,1169.58,Withdrawal,Olga Lewis,United States,Online,Mia Scott,Medium,UAE
TXN002405,ACCT00136,CUST0081,2025-09-15 00:00:00,1524.58,Deposit,Sunrise Ventures,Netherlands,Online,Elizabeth Wilson,Low,Japan
TXN002406,ACCT00155,CUST0094,2025-09-15 00:00:00,738.3,CashDeposit,Elizabeth Gonzalez,Canada,Online,William Martin,Medium,Netherlands
TXN002407,ACCT00328,CUST0200,2025-09-16 00:00:00,5420.48,ACH,Global Traders,United States,Branch,Linda Moore,Low,Spain
TXN002408,ACCT00308,CUST0188,2025-09-16 00:00:00,249.53,WireTransfer,Charles Robinson,Japan,Branch,Noah Sanchez,Low,Switzerland
TXN002409,ACCT00146,CUST0087,2025-09-16 00:00:00,3538.59,Deposit,Thomas Torres,Spain,Wire,Mia Nguyen,Medium,Canada
TXN002410,ACCT00222,CUST0134,2025-09-16 00:00:00,622.68,Deposit,Karen Thomas,United Kingdom,Wire,Sven Young,Low,Spain
TXN002411,ACCT00283,CUST0172,2025-09-16 00:00:00,5125.98,CashDeposit,Charles Anderson,Singapore,ATM,Sofia Lee,Low,Germany
TXN002412,ACCT00045,CUST0027,2025-09-16 00:00:00,681.74,ACH,Jessica Moore,Netherlands,Wire,David Nguyen,Low,India
TXN002413,ACCT00005,CUST0002,2025-09-16 00:00:00,91713.88,WireTransfer,Silver Imports,Afghanistan,Wire,William Ramirez,High,Yemen
TXN002414,ACCT00314,CUST0191,2025-09-16 00:00:00,458.85,CashDeposit,James Lee,Ireland,Branch,Liam Flores,Low,Canada
TXN002415,ACCT00045,CUST0027,2025-09-16 00:00:00,667.42,Withdrawal,Patricia Torres,United States,Wire,David Nguyen,Low,India
TXN002416,ACCT00107,CUST0061,2025-09-16 00:00:00,1045.63,Withdrawal,Liam Wright,UAE,Wire,Michael Flores,Low,Australia
TXN002417,ACCT00164,CUST0098,2025-09-16 00:00:00,384.41,Withdrawal,Richard Lopez,Switzerland,Wire,Sven Young,Medium,Switzerland
TXN002418,ACCT00277,CUST0167,2025-09-16 00:00:00,866.77,WireTransfer,Barbara Moore,Spain,Branch,Ava King,Low,Spain
TXN002419,ACCT00021,CUST0010,2025-09-16 00:00:00,34917.49,CashDeposit,John Scott,Venezuela,Branch,Arjun Wilson,High,Switzerland
TXN002420,ACCT00085,CUST0047,2025-09-16 00:00:00,749.63,Deposit,Michael Lewis,Singapore,Wire,Sarah Jackson,Low,Germany
TXN002421,ACCT00302,CUST0184,2025-09-16 00:00:00,537.76,Deposit,Robert Hill,United Kingdom,Online,Jessica Hill,Low,United States
TXN002422,ACCT00125,CUST0074,2025-09-16 00:00:00,1001.5,Deposit,Karen Torres,India,Online,James Miller,Low,Germany
TXN002423,ACCT00317,CUST0193,2025-09-17 00:00:00,611.05,ACH,Wei King,Singapore,Online,Yuki Sanchez,Low,UAE
TXN002424,ACCT00122,CUST0073,2025-09-17 00:00:00,409.26,Deposit,William Gonzalez,UAE,Wire,Lucas Gonzalez,Low,India
TXN002425,ACCT00167,CUST0100,2025-09-17 00:00:00,3096.2,Withdrawal,Arjun Taylor,United States,Wire,Mateo Walker,Low,Netherlands
TXN002426,ACCT00160,CUST0096,2025-09-17 00:00:00,1135.13,Withdrawal,Joseph Johnson,Japan,ATM,Karen Flores,Low,Ireland
TXN002427,ACCT00168,CUST0101,2025-09-17 00:00:00,12513.35,WireTransfer,Jessica Green,Syria,Branch,Jessica Garcia,Medium,India
TXN002428,ACCT00302,CUST0184,2025-09-17 00:00:00,136.9,Withdrawal,Atlas Enterprises,India,Online,Jessica Hill,Low,United States
TXN002429,ACCT00275,CUST0165,2025-09-17 00:00:00,772.29,CashDeposit,Summit Capital,Japan,Branch,Camila Williams,Medium,Australia
TXN002430,ACCT00072,CUST0039,2025-09-17 00:00:00,495.24,CashDeposit,Crown Capital,Ireland,ATM,Linda Nguyen,Low,Netherlands
TXN002431,ACCT00223,CUST0134,2025-09-17 00:00:00,1025.96,ACH,Silver Traders,Singapore,Branch,Sven Young,Low,Spain
TXN002432,ACCT00164,CUST0098,2025-09-18 00:00:00,171.97,CashDeposit,Mia Williams,Germany,ATM,Sven Young,Medium,Switzerland
TXN002433,ACCT00100,CUST0057,2025-09-18 00:00:00,1658.36,WireTransfer,James Wright,Netherlands,Online,Robert Walker,Low,India
TXN002434,ACCT00317,CUST0193,2025-09-18 00:00:00,361.41,ACH,Wei Davis,Spain,ATM,Yuki Sanchez,Low,UAE
TXN002435,ACCT00235,CUST0141,2025-09-18 00:00:00,306.42,WireTransfer,Olga Clark,Switzerland,ATM,Charles King,Medium,India
TXN002436,ACCT00225,CUST0136,2025-09-18 00:00:00,868.42,ACH,Charles Young,Germany,Online,James Scott,Low,Japan
TXN002437,ACCT00013,CUST0006,2025-09-18 00:00:00,18040.2,CashDeposit,Noah Nguyen,Venezuela,Branch,Joseph Miller,High,Yemen
TXN002438,ACCT00307,CUST0187,2025-09-18 00:00:00,627.18,Withdrawal,Ethan Jones,United Kingdom,ATM,Robert Wright,Low,India
TXN002439,ACCT00026,CUST0013,2025-09-18 00:00:00,1126.58,Deposit,Pacific Capital,United States,Branch,Jennifer Brown,High,Ireland
TXN002440,ACCT00028,CUST0015,2025-09-18 00:00:00,10000.0,CashDeposit,William White,Syria,Branch,Sofia Smith,High,Ireland
TXN002441,ACCT00216,CUST0131,2025-09-18 00:00:00,1060.69,Withdrawal,Global Freight,Germany,Wire,Robert Lopez,Low,Singapore
TXN002442,ACCT00092,CUST0052,2025-09-19 00:00:00,2415.72,WireTransfer,Linda Taylor,Ireland,Online,Sofia Martinez,Low,United Kingdom
TXN002443,ACCT00257,CUST0155,2025-09-19 00:00:00,2641.66,Deposit,Global Imports,Japan,Branch,Wei White,Low,United Kingdom
TXN002444,ACCT00135,CUST0080,2025-09-19 00:00:00,338.6,ACH,Horizon Ventures,France,Branch,Priya Lee,Medium,Canada
TXN002445,ACCT00215,CUST0131,2025-09-19 00:00:00,33.41,WireTransfer,Sven Torres,United States,Wire,Robert Lopez,Low,Singapore
TXN002446,ACCT00046,CUST0027,2025-09-19 00:00:00,1000.76,WireTransfer,Arjun Torres,Japan,Branch,David Nguyen,Low,India
TXN002447,ACCT00157,CUST0095,2025-09-19 00:00:00,408.61,CashDeposit,Charles Miller,India,Online,Ahmed Sanchez,Medium,Canada
TXN002448,ACCT00327,CUST0200,2025-09-19 00:00:00,379.65,WireTransfer,David Thomas,France,Wire,Linda Moore,Low,Spain
TXN002449,ACCT00109,CUST0062,2025-09-19 00:00:00,995.98,WireTransfer,Lucas Jones,United Kingdom,Branch,Ethan King,Low,Germany
TXN002450,ACCT00279,CUST0169,2025-09-19 00:00:00,158.24,Deposit,Sofia Rodriguez,France,Wire,Olga Torres,Low,Canada
TXN002451,ACCT00198,CUST0121,2025-09-19 00:00:00,164.14,Withdrawal,Mary Gonzalez,Spain,Online,Susan Taylor,Low,United Kingdom
TXN002452,ACCT00149,CUST0090,2025-09-20 00:00:00,1553.96,ACH,Crown Traders,France,Online,Jennifer Walker,Low,UAE
TXN002453,ACCT00237,CUST0142,2025-09-20 00:00:00,3634.01,CashDeposit,Barbara Clark,France,Wire,Sofia Martinez,Low,Singapore
TXN002454,ACCT00291,CUST0176,2025-09-20 00:00:00,321.03,Deposit,Chloe Miller,Netherlands,Wire,Michael Young,Low,France
TXN002455,ACCT00251,CUST0151,2025-09-20 00:00:00,186.72,CashDeposit,Prime Capital,Ireland,Branch,Olga Garcia,Medium,Spain
TXN002456,ACCT00090,CUST0050,2025-09-20 00:00:00,1086.78,CashDeposit,Silver Trading,India,Branch,Thomas Hernandez,Medium,Singapore
TXN002457,ACCT00257,CUST0155,2025-09-21 00:00:00,3069.58,Withdrawal,Atlas Partners,Japan,ATM,Wei White,Low,United Kingdom
TXN002458,ACCT00306,CUST0186,2025-09-21 00:00:00,373.92,Withdrawal,Patricia Anderson,UAE,Branch,Fatima King,Low,Canada
TXN002459,ACCT00277,CUST0167,2025-09-21 00:00:00,623.48,Withdrawal,Metro Traders,United Kingdom,ATM,Ava King,Low,Spain
TXN002460,ACCT00050,CUST0029,2025-09-21 00:00:00,135.45,Withdrawal,Falcon Freight,United Kingdom,Wire,Sven Robinson,Low,Switzerland
TXN002461,ACCT00023,CUST0011,2025-09-21 00:00:00,856.42,WireTransfer,James Garcia,Libya,ATM,Thomas Rodriguez,High,UAE
TXN002462,ACCT00096,CUST0055,2025-09-21 00:00:00,383.04,ACH,Ava Lopez,United States,Online,Barbara Clark,Low,United Kingdom
TXN002463,ACCT00279,CUST0169,2025-09-21 00:00:00,578.03,Deposit,Global Holdings,United Kingdom,Online,Olga Torres,Low,Canada
TXN002464,ACCT00112,CUST0065,2025-09-22 00:00:00,1392.44,WireTransfer,Falcon Traders,Canada,Online,Karen King,Low,Switzerland
TXN002465,ACCT00209,CUST0128,2025-09-22 00:00:00,2248.37,ACH,Atlas Exchange,India,Online,Olga Moore,Low,Singapore
TXN002466,ACCT00098,CUST0056,2025-09-22 00:00:00,4379.05,Withdrawal,Camila Walker,Ireland,Wire,Sven Thomas,Low,United Kingdom
TXN002467,ACCT00051,CUST0030,2025-09-22 00:00:00,7881.55,WireTransfer,Wei Thompson,Germany,Wire,Olga Perez,Low,Germany
TXN002468,ACCT00105,CUST0060,2025-09-22 00:00:00,1667.75,Deposit,William Ramirez,Australia,Branch,Mary Davis,Medium,United Kingdom
TXN002469,ACCT00054,CUST0031,2025-09-22 00:00:00,1599.37,ACH,Charles Garcia,UAE,Branch,David Ramirez,Low,France
TXN002470,ACCT00274,CUST0164,2025-09-22 00:00:00,1399.94,Withdrawal,Mateo Williams,Netherlands,ATM,Thomas Rodriguez,Medium,Switzerland
TXN002471,ACCT00079,CUST0042,2025-09-22 00:00:00,805.97,Deposit,John Scott,Germany,Branch,Arjun Jones,Low,India
TXN002472,ACCT00106,CUST0061,2025-09-22 00:00:00,5231.87,CashDeposit,Yuki Miller,Spain,Online,Michael Flores,Low,Australia
TXN002473,ACCT00032,CUST0018,2025-09-22 00:00:00,697.16,WireTransfer,Delta Group,Syria,Branch,Amara Solis,High,Syria
TXN002474,ACCT00322,CUST0197,2025-09-22 00:00:00,453.85,CashDeposit,Union Trading,Canada,Branch,Linda Clark,Low,Spain
TXN002475,ACCT00060,CUST0033,2025-09-22 00:00:00,2644.11,CashDeposit,Thomas Torres,Ireland,ATM,Jessica Hernandez,Low,India
TXN002476,ACCT00105,CUST0060,2025-09-22 00:00:00,157.86,WireTransfer,Global Traders,India,Branch,Mary Davis,Medium,United Kingdom
TXN002477,ACCT00276,CUST0166,2025-09-22 00:00:00,2192.36,ACH,Mateo Smith,United States,Branch,Arjun Clark,Low,Germany
TXN002478,ACCT00024,CUST0012,2025-09-23 00:00:00,115.23,ACH,Diego Rodriguez,Yemen,Branch,Mia Sanchez,High,United Kingdom
TXN002479,ACCT00190,CUST0115,2025-09-23 00:00:00,912.47,Withdrawal,Linda Hernandez,Australia,Online,Priya Lopez,Low,India
TXN002480,ACCT00308,CUST0188,2025-09-23 00:00:00,223.78,WireTransfer,Mateo Scott,Japan,Online,Noah Sanchez,Low,Switzerland
TXN002481,ACCT00265,CUST0159,2025-09-23 00:00:00,633.91,Deposit,Wei Walker,United Kingdom,Wire,Camila Thompson,Medium,France
TXN002482,ACCT00114,CUST0066,2025-09-23 00:00:00,3428.8,WireTransfer,Metro Partners,Netherlands,Online,Charles Torres,Low,Germany
TXN002483,ACCT00305,CUST0186,2025-09-24 00:00:00,924.2,WireTransfer,Olga Martin,Switzerland,Wire,Fatima King,Low,Canada
TXN002484,ACCT00144,CUST0086,2025-09-24 00:00:00,750.51,Deposit,Camila Hill,Spain,Wire,Olga Hernandez,Low,Singapore
TXN002485,ACCT00255,CUST0154,2025-09-24 00:00:00,1308.24,Withdrawal,Charles Smith,Spain,Branch,William Martin,Low,United States
TXN002486,ACCT00072,CUST0039,2025-09-24 00:00:00,288.49,WireTransfer,Susan Nguyen,Singapore,ATM,Linda Nguyen,Low,Netherlands
TXN002487,ACCT00121,CUST0072,2025-09-24 00:00:00,974.12,ACH,Summit Traders,Ireland,ATM,Jessica Walker,Low,Spain
TXN002488,ACCT00061,CUST0034,2025-09-24 00:00:00,459.15,ACH,Global Logistics,United Kingdom,Wire,William Harris,Low,Japan
TXN002489,ACCT00038,CUST0021,2025-09-24 00:00:00,382.9,CashDeposit,Emma Thompson,Syria,ATM,Tatiana Orlova,High,Libya
TXN002490,ACCT00182,CUST0108,2025-09-24 00:00:00,607.82,ACH,Thomas Scott,Canada,Wire,Diego Torres,Low,Australia
TXN002491,ACCT00155,CUST0094,2025-09-24 00:00:00,1321.23,WireTransfer,Lucas Thompson,Japan,Branch,William Martin,Medium,Netherlands
TXN002492,ACCT00042,CUST0024,2025-09-25 00:00:00,770.25,WireTransfer,Sven Miller,Syria,Branch,Linda Thomas,High,Myanmar
TXN002493,ACCT00073,CUST0040,2025-09-25 00:00:00,6066.41,Deposit,Ethan Garcia,France,Branch,Sven Hill,Low,Singapore
TXN002494,ACCT00187,CUST0112,2025-09-25 00:00:00,1345.48,WireTransfer,Falcon Partners,Germany,Branch,Joseph White,Low,France
TXN002495,ACCT00031,CUST0017,2025-09-25 00:00:00,1004.83,ACH,Mia Miller,Syria,Branch,Thomas King,High,Spain
TXN002496,ACCT00031,CUST0017,2025-09-25 00:00:00,1097.77,ACH,Jennifer Sanchez,Myanmar,Wire,Thomas King,High,Spain
TXN002497,ACCT00325,CUST0198,2025-09-25 00:00:00,3638.9,Withdrawal,Delta Traders,Canada,Wire,Patricia Jackson,Low,France
TXN002498,ACCT00323,CUST0198,2025-09-26 00:00:00,43704.1,CashDeposit,Yuki Flores,Iran,Branch,Patricia Jackson,Low,France
TXN002499,ACCT00249,CUST0149,2025-09-26 00:00:00,644.51,CashDeposit,Metro Logistics,France,Branch,Michael Lewis,Low,United States
TXN002500,ACCT00144,CUST0086,2025-09-26 00:00:00,1139.18,Withdrawal,Jennifer Ramirez,United Kingdom,ATM,Olga Hernandez,Low,Singapore
TXN002501,ACCT00080,CUST0043,2025-09-26 00:00:00,917.54,Deposit,Silver Ventures,Australia,Wire,John Scott,Low,Singapore
TXN002502,ACCT00186,CUST0111,2025-09-26 00:00:00,1276.05,ACH,James Jones,India,Online,Mia Wright,Low,Spain
TXN002503,ACCT00227,CUST0136,2025-09-26 00:00:00,2876.86,WireTransfer,Chloe Harris,United States,ATM,James Scott,Low,Japan
TXN002504,ACCT00072,CUST0039,2025-09-26 00:00:00,1006.06,WireTransfer,Robert Gonzalez,Canada,Online,Linda Nguyen,Low,Netherlands
TXN002505,ACCT00263,CUST0158,2025-09-26 00:00:00,607.04,ACH,David Walker,Netherlands,Branch,Thomas Smith,Low,France
TXN002506,ACCT00214,CUST0130,2025-09-26 00:00:00,3223.16,CashDeposit,Diego Smith,Germany,ATM,Lucas Hill,Low,Ireland
TXN002507,ACCT00328,CUST0200,2025-09-26 00:00:00,223.16,WireTransfer,John Wilson,United States,ATM,Linda Moore,Low,Spain
TXN002508,ACCT00135,CUST0080,2025-09-26 00:00:00,315.8,WireTransfer,Noah Brown,Germany,Online,Priya Lee,Medium,Canada
TXN002509,ACCT00061,CUST0034,2025-09-26 00:00:00,2123.51,CashDeposit,Joseph Garcia,Australia,ATM,William Harris,Low,Japan
TXN002510,ACCT00068,CUST0037,2025-09-26 00:00:00,143.62,Withdrawal,Nova Partners,Ireland,Wire,Noah King,Medium,United Kingdom
TXN002511,ACCT00231,CUST0138,2025-09-27 00:00:00,338.1,Withdrawal,Jessica Anderson,Ireland,ATM,Sofia Rodriguez,Medium,India
TXN002512,ACCT00030,CUST0017,2025-09-27 00:00:00,177.8,ACH,Priya Lopez,Myanmar,Branch,Thomas King,High,Spain
TXN002513,ACCT00130,CUST0077,2025-09-27 00:00:00,286.36,WireTransfer,Lucas Jackson,Canada,Wire,Liam Ramirez,Medium,UAE
TXN002514,ACCT00114,CUST0066,2025-09-27 00:00:00,844.18,CashDeposit,Sunrise Logistics,UAE,Wire,Charles Torres,Low,Germany
TXN002515,ACCT00320,CUST0195,2025-09-27 00:00:00,344.54,WireTransfer,Metro Traders,India,ATM,Jennifer Garcia,Low,Canada
TXN002516,ACCT00139,CUST0083,2025-09-27 00:00:00,807.21,CashDeposit,Horizon Trading,UAE,Online,Mary Nguyen,Low,India
TXN002517,ACCT00252,CUST0151,2025-09-27 00:00:00,2407.88,ACH,Atlas Imports,Singapore,Branch,Olga Garcia,Medium,Spain
TXN002518,ACCT00150,CUST0090,2025-09-28 00:00:00,678.0,Withdrawal,Sarah Lee,Switzerland,Wire,Jennifer Walker,Low,UAE
TXN002519,ACCT00254,CUST0153,2025-09-28 00:00:00,523.55,ACH,Pacific Freight,Australia,Online,Charles Anderson,Low,Ireland
TXN002520,ACCT00255,CUST0154,2025-09-28 00:00:00,1668.54,WireTransfer,Summit Imports,Ireland,ATM,William Martin,Low,United States
TXN002521,ACCT00280,CUST0170,2025-09-28 00:00:00,357.08,Withdrawal,Lucas Davis,Singapore,Wire,Mateo Davis,Low,Australia
TXN002522,ACCT00064,CUST0035,2025-09-28 00:00:00,1945.14,Deposit,Susan Wright,Spain,Branch,Diego Torres,Low,United Kingdom
TXN002523,ACCT00149,CUST0090,2025-09-28 00:00:00,3082.31,Deposit,Pacific Holdings,Switzerland,ATM,Jennifer Walker,Low,UAE
TXN002524,ACCT00207,CUST0126,2025-09-28 00:00:00,505.73,WireTransfer,Arjun Brown,United Kingdom,Online,Elizabeth Jones,Low,United Kingdom
TXN002525,ACCT00313,CUST0191,2025-09-28 00:00:00,9000.0,WireTransfer,Sarah Wilson,Australia,ATM,Liam Flores,Low,Canada
TXN002526,ACCT00307,CUST0187,2025-09-28 00:00:00,401.41,ACH,Mary Sanchez,UAE,ATM,Robert Wright,Low,India
TXN002527,ACCT00267,CUST0159,2025-09-28 00:00:00,3276.21,ACH,Susan Williams,Germany,Online,Camila Thompson,Medium,France
TXN002528,ACCT00047,CUST0028,2025-09-29 00:00:00,121.39,ACH,Camila Thomas,Canada,Branch,Sven Gonzalez,Low,Canada
TXN002529,ACCT00305,CUST0186,2025-09-29 00:00:00,242.2,WireTransfer,Ahmed Martin,Singapore,ATM,Fatima King,Low,Canada
TXN002530,ACCT00238,CUST0142,2025-09-29 00:00:00,1124.61,ACH,Robert Robinson,Japan,Online,Sofia Martinez,Low,Singapore
TXN002531,ACCT00293,CUST0177,2025-09-29 00:00:00,767.43,WireTransfer,Jennifer White,United Kingdom,Online,Fatima Wilson,Low,Spain
TXN002532,ACCT00151,CUST0091,2025-09-29 00:00:00,664.67,ACH,Metro Holdings,France,ATM,John Williams,Low,Germany
TXN002533,ACCT00327,CUST0200,2025-09-29 00:00:00,1360.86,Withdrawal,Crown Exchange,Germany,Wire,Linda Moore,Low,Spain
TXN002534,ACCT00315,CUST0191,2025-09-29 00:00:00,716.18,ACH,David Lewis,Japan,Online,Liam Flores,Low,Canada
TXN002535,ACCT00166,CUST0099,2025-09-29 00:00:00,506.92,Withdrawal,Silver Freight,Spain,ATM,Elizabeth Ramirez,Low,UAE
TXN002536,ACCT00224,CUST0135,2025-09-29 00:00:00,647.53,Deposit,Nova Imports,Ireland,ATM,Yuki Garcia,Low,France
TXN002537,ACCT00151,CUST0091,2025-09-29 00:00:00,423.23,CashDeposit,Patricia Thomas,Singapore,Wire,John Williams,Low,Germany
TXN002538,ACCT00187,CUST0112,2025-09-29 00:00:00,810.21,ACH,Chloe Wilson,Switzerland,Branch,Joseph White,Low,France
TXN002539,ACCT00123,CUST0073,2025-09-30 00:00:00,3247.52,ACH,Jennifer Miller,UAE,ATM,Lucas Gonzalez,Low,India
TXN002540,ACCT00225,CUST0136,2025-09-30 00:00:00,354.15,CashDeposit,Sarah Jackson,France,Branch,James Scott,Low,Japan
TXN002541,ACCT00073,CUST0040,2025-09-30 00:00:00,608.94,WireTransfer,Sunrise Logistics,Switzerland,Wire,Sven Hill,Low,Singapore
TXN002542,ACCT00200,CUST0122,2025-09-30 00:00:00,311.6,WireTransfer,Michael Jackson,United Kingdom,Wire,William Smith,Low,India
TXN002543,ACCT00245,CUST0146,2025-09-30 00:00:00,1875.53,WireTransfer,Sofia Johnson,Germany,Wire,Yuki Lee,Medium,UAE
TXN002544,ACCT00198,CUST0121,2025-09-30 00:00:00,1612.0,WireTransfer,Ava Hernandez,UAE,Online,Susan Taylor,Low,United Kingdom
TXN002545,ACCT00182,CUST0108,2025-09-30 00:00:00,2308.83,WireTransfer,Nova Holdings,Switzerland,Wire,Diego Torres,Low,Australia
TXN002546,ACCT00077,CUST0041,2025-09-30 00:00:00,629.06,WireTransfer,Richard Wilson,Netherlands,Wire,Arjun Thomas,Low,Japan
TXN002547,ACCT00111,CUST0064,2025-09-30 00:00:00,582.52,ACH,Priya Garcia,United States,ATM,Diego Jones,Low,Netherlands
TXN002548,ACCT00269,CUST0161,2025-09-30 00:00:00,493.99,CashDeposit,Diego Flores,India,ATM,Jessica Harris,Low,Australia
TXN002549,ACCT00115,CUST0067,2025-10-01 00:00:00,432.98,ACH,Falcon Enterprises,India,Online,Barbara Green,Low,France
TXN002550,ACCT00047,CUST0028,2025-10-01 00:00:00,1785.24,Deposit,Susan Ramirez,Germany,Branch,Sven Gonzalez,Low,Canada
TXN002551,ACCT00160,CUST0096,2025-10-01 00:00:00,245.17,CashDeposit,Chloe King,Spain,Online,Karen Flores,Low,Ireland
TXN002552,ACCT00048,CUST0028,2025-10-01 00:00:00,194.95,Deposit,Robert Jones,Ireland,Branch,Sven Gonzalez,Low,Canada
TXN002553,ACCT00273,CUST0164,2025-10-01 00:00:00,168.53,ACH,Union Logistics,Netherlands,Online,Thomas Rodriguez,Medium,Switzerland
TXN002554,ACCT00059,CUST0033,2025-10-02 00:00:00,514.21,Deposit,Union Freight,Germany,ATM,Jessica Hernandez,Low,India
TXN002555,ACCT00047,CUST0028,2025-10-02 00:00:00,1383.16,ACH,Atlas Freight,Australia,Branch,Sven Gonzalez,Low,Canada
TXN002556,ACCT00302,CUST0184,2025-10-02 00:00:00,2159.31,ACH,Elizabeth Perez,Ireland,Online,Jessica Hill,Low,United States
TXN002557,ACCT00052,CUST0030,2025-10-02 00:00:00,38786.86,WireTransfer,John Robinson,Ireland,Branch,Olga Perez,Low,Germany
TXN002558,ACCT00201,CUST0122,2025-10-02 00:00:00,546.5,WireTransfer,Joseph Thompson,Ireland,Branch,William Smith,Low,India
TXN002559,ACCT00254,CUST0153,2025-10-02 00:00:00,1108.61,WireTransfer,Jessica Martinez,Switzerland,Wire,Charles Anderson,Low,Ireland
TXN002560,ACCT00289,CUST0174,2025-10-02 00:00:00,2293.09,Withdrawal,Elizabeth Brown,United Kingdom,Online,Emma Davis,Low,United Kingdom
TXN002561,ACCT00001,CUST0001,2025-10-02 00:00:00,622.61,Deposit,Olga White,Afghanistan,Branch,Mateo Clark,High,Ireland
TXN002562,ACCT00240,CUST0144,2025-10-02 00:00:00,1759.87,CashDeposit,Karen Flores,United States,Wire,Karen Hill,Low,Switzerland
TXN002563,ACCT00328,CUST0200,2025-10-02 00:00:00,904.52,Deposit,Anchor Trading,Japan,Wire,Linda Moore,Low,Spain
TXN002564,ACCT00095,CUST0054,2025-10-02 00:00:00,446.02,Withdrawal,Falcon Exchange,France,ATM,Sofia Clark,Low,UAE
TXN002565,ACCT00311,CUST0190,2025-10-02 00:00:00,62.97,CashDeposit,Arjun Lee,Netherlands,Online,Mia Torres,Medium,Singapore
TXN002566,ACCT00150,CUST0090,2025-10-03 00:00:00,170.17,Deposit,Robert Davis,France,Branch,Jennifer Walker,Low,UAE
TXN002567,ACCT00165,CUST0099,2025-10-03 00:00:00,1872.91,Withdrawal,Mary White,India,Branch,Elizabeth Ramirez,Low,UAE
TXN002568,ACCT00069,CUST0037,2025-10-03 00:00:00,41121.98,CashDeposit,Liam Garcia,Syria,Branch,Noah King,Medium,United Kingdom
TXN002569,ACCT00023,CUST0011,2025-10-03 00:00:00,528.89,Withdrawal,Silver Group,France,ATM,Thomas Rodriguez,High,UAE
TXN002570,ACCT00171,CUST0104,2025-10-03 00:00:00,1045.79,ACH,Pacific Partners,Canada,ATM,Sarah Torres,Low,Canada
TXN002571,ACCT00050,CUST0029,2025-10-03 00:00:00,967.75,Withdrawal,John Jones,UAE,ATM,Sven Robinson,Low,Switzerland
TXN002572,ACCT00066,CUST0036,2025-10-03 00:00:00,185.3,Withdrawal,Thomas Torres,Singapore,Online,Mia Scott,Medium,UAE
TXN002573,ACCT00277,CUST0167,2025-10-03 00:00:00,448.75,ACH,Pacific Capital,Spain,Online,Ava King,Low,Spain
TXN002574,ACCT00164,CUST0098,2025-10-03 00:00:00,2288.87,Withdrawal,David Flores,Switzerland,Wire,Sven Young,Medium,Switzerland
TXN002575,ACCT00019,CUST0009,2025-10-03 00:00:00,25000.0,WireTransfer,Sarah Moore,Syria,Branch,Patricia Anderson,High,North Korea
TXN002576,ACCT00271,CUST0163,2025-10-04 00:00:00,2093.18,Withdrawal,William Johnson,Canada,Branch,Emma Jackson,Low,Germany
TXN002577,ACCT00055,CUST0031,2025-10-04 00:00:00,4014.57,Deposit,Robert Wright,Singapore,Wire,David Ramirez,Low,France
TXN002578,ACCT00106,CUST0061,2025-10-04 00:00:00,285.33,WireTransfer,Karen Wright,Canada,Online,Michael Flores,Low,Australia
TXN002579,ACCT00031,CUST0017,2025-10-04 00:00:00,1039.65,WireTransfer,Falcon Group,North Korea,ATM,Thomas King,High,Spain
TXN002580,ACCT00107,CUST0061,2025-10-04 00:00:00,787.18,Deposit,Prime Logistics,UAE,Wire,Michael Flores,Low,Australia
TXN002581,ACCT00320,CUST0195,2025-10-04 00:00:00,1422.15,WireTransfer,Prime Holdings,Japan,Branch,Jennifer Garcia,Low,Canada
TXN002582,ACCT00201,CUST0122,2025-10-04 00:00:00,1048.11,WireTransfer,Summit Traders,UAE,Branch,William Smith,Low,India
TXN002583,ACCT00265,CUST0159,2025-10-04 00:00:00,1096.9,Withdrawal,Sarah Clark,Singapore,ATM,Camila Thompson,Medium,France
TXN002584,ACCT00300,CUST0182,2025-10-05 00:00:00,4593.78,CashDeposit,Charles Lopez,United States,ATM,Elizabeth Flores,Medium,United Kingdom
TXN002585,ACCT00119,CUST0070,2025-10-05 00:00:00,77.34,ACH,Prime Capital,Canada,Wire,Jennifer Jackson,Low,Switzerland
TXN002586,ACCT00064,CUST0035,2025-10-05 00:00:00,581.97,WireTransfer,Liam Harris,United States,Wire,Diego Torres,Low,United Kingdom
TXN002587,ACCT00172,CUST0104,2025-10-05 00:00:00,3684.67,Withdrawal,Delta Imports,Netherlands,Branch,Sarah Torres,Low,Canada
TXN002588,ACCT00073,CUST0040,2025-10-05 00:00:00,297.77,WireTransfer,Delta Ventures,France,ATM,Sven Hill,Low,Singapore
TXN002589,ACCT00085,CUST0047,2025-10-05 00:00:00,274.57,CashDeposit,Chloe Perez,Ireland,Online,Sarah Jackson,Low,Germany
TXN002590,ACCT00258,CUST0155,2025-10-06 00:00:00,1184.17,ACH,Mateo Lopez,Japan,Wire,Wei White,Low,United Kingdom
TXN002591,ACCT00003,CUST0002,2025-10-06 00:00:00,3229.67,ACH,Charles Williams,Ireland,Wire,William Ramirez,High,Yemen
TXN002592,ACCT00220,CUST0133,2025-10-06 00:00:00,1214.54,Deposit,Nova Group,Netherlands,Branch,Wei Clark,Low,Australia
TXN002593,ACCT00288,CUST0174,2025-10-06 00:00:00,446.89,ACH,Barbara Garcia,Spain,ATM,Emma Davis,Low,United Kingdom
TXN002594,ACCT00114,CUST0066,2025-10-07 00:00:00,520.06,Deposit,Prime Capital,Germany,ATM,Charles Torres,Low,Germany
TXN002595,ACCT00273,CUST0164,2025-10-07 00:00:00,1627.25,Withdrawal,Joseph Moore,Singapore,Branch,Thomas Rodriguez,Medium,Switzerland
TXN002596,ACCT00078,CUST0042,2025-10-07 00:00:00,161.79,Withdrawal,Metro Exchange,India,Online,Arjun Jones,Low,India
TXN002597,ACCT00274,CUST0164,2025-10-07 00:00:00,1013.89,CashDeposit,Sofia Martinez,Spain,Branch,Thomas Rodriguez,Medium,Switzerland
TXN002598,ACCT00285,CUST0173,2025-10-07 00:00:00,382.63,ACH,Richard Hill,UAE,Branch,Karen Clark,Low,United Kingdom
TXN002599,ACCT00240,CUST0144,2025-10-07 00:00:00,1076.84,Withdrawal,Priya Thomas,Switzerland,Branch,Karen Hill,Low,Switzerland
TXN002600,ACCT00316,CUST0192,2025-10-07 00:00:00,475.61,Deposit,James Taylor,India,Online,Sofia Wilson,Low,Japan
TXN002601,ACCT00157,CUST0095,2025-10-07 00:00:00,915.67,WireTransfer,Linda Ramirez,Spain,Wire,Ahmed Sanchez,Medium,Canada
TXN002602,ACCT00213,CUST0130,2025-10-07 00:00:00,376.22,Withdrawal,Delta Capital,Netherlands,Online,Lucas Hill,Low,Ireland
TXN002603,ACCT00060,CUST0033,2025-10-08 00:00:00,640.01,WireTransfer,Chloe Perez,France,Online,Jessica Hernandez,Low,India
TXN002604,ACCT00285,CUST0173,2025-10-08 00:00:00,404.41,WireTransfer,Ahmed Martin,Australia,Online,Karen Clark,Low,United Kingdom
TXN002605,ACCT00285,CUST0173,2025-10-08 00:00:00,1811.34,Withdrawal,Liam Gonzalez,France,ATM,Karen Clark,Low,United Kingdom
TXN002606,ACCT00080,CUST0043,2025-10-08 00:00:00,869.04,Deposit,Union Holdings,Spain,Branch,John Scott,Low,Singapore
TXN002607,ACCT00127,CUST0075,2025-10-08 00:00:00,2270.42,ACH,Wei Sanchez,Japan,ATM,Patricia Torres,Medium,Spain
TXN002608,ACCT00200,CUST0122,2025-10-08 00:00:00,542.14,WireTransfer,Barbara Young,Ireland,Wire,William Smith,Low,India
TXN002609,ACCT00098,CUST0056,2025-10-08 00:00:00,254.82,WireTransfer,Global Freight,UAE,Wire,Sven Thomas,Low,United Kingdom
TXN002610,ACCT00229,CUST0137,2025-10-09 00:00:00,2557.2,CashDeposit,Ava Thompson,Singapore,Wire,Chloe Young,Medium,India
TXN002611,ACCT00329,CUST0200,2025-10-09 00:00:00,810.72,WireTransfer,Liam Williams,India,ATM,Linda Moore,Low,Spain
TXN002612,ACCT00274,CUST0164,2025-10-09 00:00:00,587.73,ACH,Karen Garcia,Singapore,ATM,Thomas Rodriguez,Medium,Switzerland
TXN002613,ACCT00293,CUST0177,2025-10-09 00:00:00,1555.59,ACH,Sunrise Imports,Singapore,Branch,Fatima Wilson,Low,Spain
TXN002614,ACCT00254,CUST0153,2025-10-09 00:00:00,537.36,CashDeposit,Atlas Freight,Japan,Online,Charles Anderson,Low,Ireland
TXN002615,ACCT00213,CUST0130,2025-10-09 00:00:00,2338.23,WireTransfer,Emma Ramirez,Germany,Online,Lucas Hill,Low,Ireland
TXN002616,ACCT00072,CUST0039,2025-10-09 00:00:00,692.7,Deposit,Delta Ventures,India,ATM,Linda Nguyen,Low,Netherlands
TXN002617,ACCT00254,CUST0153,2025-10-09 00:00:00,84.36,Withdrawal,Crown Enterprises,Netherlands,Wire,Charles Anderson,Low,Ireland
TXN002618,ACCT00301,CUST0183,2025-10-10 00:00:00,2171.62,WireTransfer,Ahmed Hill,Netherlands,Online,Thomas Lopez,Low,United Kingdom
TXN002619,ACCT00161,CUST0096,2025-10-10 00:00:00,837.21,ACH,David Ramirez,Japan,Branch,Karen Flores,Low,Ireland
TXN002620,ACCT00130,CUST0077,2025-10-10 00:00:00,1261.16,WireTransfer,Anchor Exchange,United States,Branch,Liam Ramirez,Medium,UAE
TXN002621,ACCT00165,CUST0099,2025-10-10 00:00:00,1620.03,CashDeposit,Robert Scott,United States,Online,Elizabeth Ramirez,Low,UAE
TXN002622,ACCT00031,CUST0017,2025-10-10 00:00:00,761.27,WireTransfer,Chloe Hill,Iran,ATM,Thomas King,High,Spain
TXN002623,ACCT00136,CUST0081,2025-10-10 00:00:00,706.22,Deposit,Atlas Ventures,Germany,Online,Elizabeth Wilson,Low,Japan
TXN002624,ACCT00012,CUST0005,2025-10-11 00:00:00,1559.7,Deposit,Union Holdings,United States,ATM,Fatima Nguyen,High,Myanmar
TXN002625,ACCT00311,CUST0190,2025-10-11 00:00:00,397.44,WireTransfer,Karen Hernandez,United Kingdom,Online,Mia Torres,Medium,Singapore
TXN002626,ACCT00064,CUST0035,2025-10-11 00:00:00,1045.8,Withdrawal,Silver Ventures,Singapore,Branch,Diego Torres,Low,United Kingdom
TXN002627,ACCT00258,CUST0155,2025-10-11 00:00:00,3815.16,Deposit,Mateo King,France,Branch,Wei White,Low,United Kingdom
TXN002628,ACCT00133,CUST0078,2025-10-11 00:00:00,547.35,ACH,David Walker,Japan,Branch,Thomas Thomas,Medium,France
TXN002629,ACCT00317,CUST0193,2025-10-11 00:00:00,283.96,CashDeposit,Union Ventures,Ireland,Branch,Yuki Sanchez,Low,UAE
TXN002630,ACCT00049,CUST0029,2025-10-11 00:00:00,340.66,CashDeposit,Falcon Partners,Canada,Online,Sven Robinson,Low,Switzerland
TXN002631,ACCT00008,CUST0003,2025-10-11 00:00:00,306.8,CashDeposit,Ahmed Nguyen,Myanmar,Wire,Ahmed Miller,High,Ireland
TXN002632,ACCT00065,CUST0036,2025-10-11 00:00:00,226.63,CashDeposit,Horizon Logistics,Canada,Online,Mia Scott,Medium,UAE
TXN002633,ACCT00108,CUST0061,2025-10-11 00:00:00,460.9,ACH,Crown Imports,India,Branch,Michael Flores,Low,Australia
TXN002634,ACCT00083,CUST0045,2025-10-11 00:00:00,771.76,Withdrawal,Robert Rodriguez,Germany,Wire,Karen Green,Low,United States
TXN002635,ACCT00214,CUST0130,2025-10-12 00:00:00,2430.55,WireTransfer,Sunrise Capital,UAE,ATM,Lucas Hill,Low,Ireland
TXN002636,ACCT00009,CUST0004,2025-10-12 00:00:00,7500.0,WireTransfer,Prime Group,Yemen,Branch,Yuki Scott,High,Afghanistan
TXN002637,ACCT00150,CUST0090,2025-10-12 00:00:00,509.46,WireTransfer,Silver Traders,Netherlands,Wire,Jennifer Walker,Low,UAE
TXN002638,ACCT00077,CUST0041,2025-10-12 00:00:00,3542.44,Deposit,Olga Jones,United Kingdom,Wire,Arjun Thomas,Low,Japan
TXN002639,ACCT00170,CUST0103,2025-10-12 00:00:00,952.59,Deposit,Ahmed Rodriguez,Japan,Branch,Emma Wilson,Low,Ireland
TXN002640,ACCT00100,CUST0057,2025-10-12 00:00:00,542.57,ACH,Atlas Logistics,Germany,Branch,Robert Walker,Low,India
TXN002641,ACCT00287,CUST0173,2025-10-12 00:00:00,733.38,ACH,Nova Holdings,Germany,ATM,Karen Clark,Low,United Kingdom
TXN002642,ACCT00109,CUST0062,2025-10-12 00:00:00,269.43,WireTransfer,Arjun Perez,Germany,Wire,Ethan King,Low,Germany
TXN002643,ACCT00196,CUST0119,2025-10-12 00:00:00,38501.26,CashDeposit,Priya Wright,Syria,Branch,Camila Lewis,Medium,Spain
TXN002644,ACCT00039,CUST0021,2025-10-13 00:00:00,391.17,CashDeposit,Noah Young,Syria,Branch,Tatiana Orlova,High,Libya
TXN002645,ACCT00241,CUST0144,2025-10-13 00:00:00,303.54,ACH,Richard Williams,Australia,Wire,Karen Hill,Low,Switzerland
TXN002646,ACCT00150,CUST0090,2025-10-13 00:00:00,1083.41,Withdrawal,Pacific Trading,UAE,Online,Jennifer Walker,Low,UAE
TXN002647,ACCT00064,CUST0035,2025-10-13 00:00:00,346.99,ACH,Chloe Moore,Ireland,ATM,Diego Torres,Low,United Kingdom
TXN002648,ACCT00294,CUST0177,2025-10-13 00:00:00,148.56,CashDeposit,Summit Enterprises,UAE,Online,Fatima Wilson,Low,Spain
TXN002649,ACCT00275,CUST0165,2025-10-13 00:00:00,1000.3,CashDeposit,Patricia Lee,Japan,Wire,Camila Williams,Medium,Australia
TXN002650,ACCT00263,CUST0158,2025-10-13 00:00:00,700.83,WireTransfer,Priya Torres,United Kingdom,Wire,Thomas Smith,Low,France
TXN002651,ACCT00268,CUST0160,2025-10-13 00:00:00,226.47,ACH,Lucas Lee,Australia,Online,Thomas Robinson,Low,Spain
TXN002652,ACCT00033,CUST0018,2025-10-14 00:00:00,1316.36,Withdrawal,Karen Clark,Germany,ATM,Amara Solis,High,Syria
TXN002653,ACCT00172,CUST0104,2025-10-14 00:00:00,1495.69,ACH,Noah Thompson,Ireland,Wire,Sarah Torres,Low,Canada
TXN002654,ACCT00310,CUST0189,2025-10-14 00:00:00,3631.61,ACH,Robert Harris,United Kingdom,ATM,Jennifer Lee,Low,United Kingdom
TXN002655,ACCT00009,CUST0004,2025-10-14 00:00:00,41681.03,WireTransfer,Diego Hill,Myanmar,Branch,Yuki Scott,High,Afghanistan
TXN002656,ACCT00012,CUST0005,2025-10-14 00:00:00,65.32,Withdrawal,Silver Ventures,United Kingdom,Online,Fatima Nguyen,High,Myanmar
TXN002657,ACCT00219,CUST0132,2025-10-14 00:00:00,1145.37,ACH,Patricia Jackson,UAE,Online,Mia Ramirez,Medium,Spain
TXN002658,ACCT00254,CUST0153,2025-10-14 00:00:00,2952.42,Deposit,Sofia Walker,Netherlands,Wire,Charles Anderson,Low,Ireland
TXN002659,ACCT00283,CUST0172,2025-10-15 00:00:00,2328.18,Deposit,James Green,Canada,Branch,Sofia Lee,Low,Germany
TXN002660,ACCT00181,CUST0108,2025-10-15 00:00:00,414.53,WireTransfer,Ava White,Germany,Branch,Diego Torres,Low,Australia
TXN002661,ACCT00066,CUST0036,2025-10-15 00:00:00,1176.09,CashDeposit,Anchor Exchange,Germany,Online,Mia Scott,Medium,UAE
TXN002662,ACCT00136,CUST0081,2025-10-15 00:00:00,89.67,ACH,Sunrise Trading,Netherlands,Wire,Elizabeth Wilson,Low,Japan
TXN002663,ACCT00088,CUST0048,2025-10-15 00:00:00,481.7,Deposit,Sven Lewis,UAE,Online,Thomas King,Low,Spain
TXN002664,ACCT00246,CUST0147,2025-10-16 00:00:00,19336.09,CashDeposit,Jennifer Scott,France,Branch,Sven Williams,Low,UAE
TXN002665,ACCT00269,CUST0161,2025-10-16 00:00:00,752.26,ACH,Karen Green,Japan,ATM,Jessica Harris,Low,Australia
TXN002666,ACCT00184,CUST0110,2025-10-16 00:00:00,2555.95,WireTransfer,William Nguyen,France,ATM,Mateo Lopez,Low,Germany
TXN002667,ACCT00270,CUST0162,2025-10-16 00:00:00,195.8,WireTransfer,Delta Holdings,Australia,Branch,Olga Moore,Low,Ireland
TXN002668,ACCT00079,CUST0042,2025-10-16 00:00:00,1350.34,WireTransfer,William Nguyen,Switzerland,Branch,Arjun Jones,Low,India
TXN002669,ACCT00130,CUST0077,2025-10-16 00:00:00,656.24,CashDeposit,Arjun Ramirez,Japan,Online,Liam Ramirez,Medium,UAE
TXN002670,ACCT00024,CUST0012,2025-10-16 00:00:00,27836.24,WireTransfer,Tatiana Orlova,Iran,Wire,Mia Sanchez,High,United Kingdom
TXN002671,ACCT00049,CUST0029,2025-10-17 00:00:00,1221.11,CashDeposit,Diego Hernandez,Ireland,ATM,Sven Robinson,Low,Switzerland
TXN002672,ACCT00298,CUST0180,2025-10-17 00:00:00,928.19,ACH,Linda Nguyen,India,Online,Patricia Perez,Low,United Kingdom
TXN002673,ACCT00021,CUST0010,2025-10-17 00:00:00,328.83,ACH,Fatima Scott,Afghanistan,Branch,Arjun Wilson,High,Switzerland
TXN002674,ACCT00213,CUST0130,2025-10-17 00:00:00,4224.3,ACH,Sven Thomas,United States,Branch,Lucas Hill,Low,Ireland
TXN002675,ACCT00174,CUST0105,2025-10-17 00:00:00,235.37,ACH,Barbara Garcia,Canada,Branch,Sven Young,Medium,Ireland
TXN002676,ACCT00223,CUST0134,2025-10-17 00:00:00,2108.14,ACH,Ava Young,France,Branch,Sven Young,Low,Spain
TXN002677,ACCT00225,CUST0136,2025-10-17 00:00:00,2087.74,Withdrawal,Horizon Group,France,ATM,James Scott,Low,Japan
TXN002678,ACCT00189,CUST0114,2025-10-17 00:00:00,789.85,Deposit,Metro Holdings,Singapore,Branch,Emma Miller,Low,Netherlands
TXN002679,ACCT00280,CUST0170,2025-10-18 00:00:00,111.46,CashDeposit,Yuki Smith,United Kingdom,Wire,Mateo Davis,Low,Australia
TXN002680,ACCT00060,CUST0033,2025-10-18 00:00:00,355.82,Deposit,Patricia Wilson,Canada,Wire,Jessica Hernandez,Low,India
TXN002681,ACCT00237,CUST0142,2025-10-18 00:00:00,296.97,Withdrawal,Thomas Clark,Spain,Branch,Sofia Martinez,Low,Singapore
TXN002682,ACCT00245,CUST0146,2025-10-18 00:00:00,523.48,WireTransfer,Prime Traders,India,Branch,Yuki Lee,Medium,UAE
TXN002683,ACCT00202,CUST0123,2025-10-18 00:00:00,797.46,CashDeposit,Sunrise Imports,Spain,ATM,Robert Anderson,Low,UAE
TXN002684,ACCT00029,CUST0016,2025-10-18 00:00:00,23109.68,WireTransfer,Sunrise Imports,Libya,Wire,Priya Davis,High,Iran
TXN002685,ACCT00019,CUST0009,2025-10-18 00:00:00,34131.09,WireTransfer,Dragan Petrov,Syria,Wire,Patricia Anderson,High,North Korea
TXN002686,ACCT00300,CUST0182,2025-10-18 00:00:00,727.91,Deposit,Wei Miller,United Kingdom,Branch,Elizabeth Flores,Medium,United Kingdom
TXN002687,ACCT00030,CUST0017,2025-10-18 00:00:00,1234.8,Deposit,Joseph Nguyen,Ireland,Online,Thomas King,High,Spain
TXN002688,ACCT00108,CUST0061,2025-10-18 00:00:00,264.43,ACH,Liam Wilson,Canada,Wire,Michael Flores,Low,Australia
TXN002689,ACCT00217,CUST0132,2025-10-18 00:00:00,220.02,WireTransfer,Global Imports,Singapore,Online,Mia Ramirez,Medium,Spain
TXN002690,ACCT00170,CUST0103,2025-10-18 00:00:00,3191.48,Withdrawal,Sven Martin,Ireland,Branch,Emma Wilson,Low,Ireland
TXN002691,ACCT00209,CUST0128,2025-10-18 00:00:00,398.14,Withdrawal,Elizabeth Sanchez,UAE,ATM,Olga Moore,Low,Singapore
TXN002692,ACCT00319,CUST0195,2025-10-19 00:00:00,270.41,Withdrawal,Yuki Taylor,India,Branch,Jennifer Garcia,Low,Canada
TXN002693,ACCT00042,CUST0024,2025-10-19 00:00:00,31760.88,WireTransfer,Camila Gonzalez,Yemen,Branch,Linda Thomas,High,Myanmar
TXN002694,ACCT00283,CUST0172,2025-10-19 00:00:00,92.86,Withdrawal,Prime Exchange,United States,Online,Sofia Lee,Low,Germany
TXN002695,ACCT00102,CUST0058,2025-10-19 00:00:00,641.85,Deposit,Liam Ramirez,United States,Branch,Joseph Anderson,Medium,Switzerland
TXN002696,ACCT00207,CUST0126,2025-10-19 00:00:00,461.04,Deposit,Thomas Lopez,Australia,Online,Elizabeth Jones,Low,United Kingdom
TXN002697,ACCT00254,CUST0153,2025-10-19 00:00:00,386.73,CashDeposit,Michael Lopez,United Kingdom,Online,Charles Anderson,Low,Ireland
TXN002698,ACCT00175,CUST0106,2025-10-19 00:00:00,1133.24,Withdrawal,Charles Wilson,Australia,Wire,Emma Lewis,Low,Canada
TXN002699,ACCT00051,CUST0030,2025-10-19 00:00:00,648.47,Withdrawal,Mia Jones,Switzerland,Wire,Olga Perez,Low,Germany
TXN002700,ACCT00129,CUST0076,2025-10-20 00:00:00,4725.32,Withdrawal,Nova Group,Australia,Branch,Yuki Wright,Medium,Netherlands
TXN002701,ACCT00299,CUST0181,2025-10-20 00:00:00,2030.92,ACH,Linda Walker,United States,Online,Sofia Wilson,Low,Germany
TXN002702,ACCT00100,CUST0057,2025-10-20 00:00:00,297.92,Withdrawal,Pacific Freight,Canada,Wire,Robert Walker,Low,India
TXN002703,ACCT00271,CUST0163,2025-10-20 00:00:00,1216.97,WireTransfer,Arjun Ramirez,Germany,Online,Emma Jackson,Low,Germany
TXN002704,ACCT00204,CUST0124,2025-10-20 00:00:00,613.63,CashDeposit,Patricia Scott,Switzerland,Online,Joseph Taylor,Low,Netherlands
TXN002705,ACCT00227,CUST0136,2025-10-20 00:00:00,674.68,CashDeposit,Michael Thomas,Ireland,ATM,James Scott,Low,Japan
TXN002706,ACCT00098,CUST0056,2025-10-20 00:00:00,217.11,Withdrawal,Chloe Anderson,United States,Branch,Sven Thomas,Low,United Kingdom
TXN002707,ACCT00146,CUST0087,2025-10-20 00:00:00,638.31,ACH,Yuki Thompson,UAE,Branch,Mia Nguyen,Medium,Canada
TXN002708,ACCT00187,CUST0112,2025-10-20 00:00:00,908.06,Withdrawal,Union Logistics,United Kingdom,ATM,Joseph White,Low,France
TXN002709,ACCT00111,CUST0064,2025-10-20 00:00:00,251.0,Deposit,John Thomas,UAE,Online,Diego Jones,Low,Netherlands
TXN002710,ACCT00181,CUST0108,2025-10-20 00:00:00,862.27,WireTransfer,Anchor Traders,Spain,Online,Diego Torres,Low,Australia
TXN002711,ACCT00275,CUST0165,2025-10-20 00:00:00,291.3,ACH,Joseph Gonzalez,Ireland,ATM,Camila Williams,Medium,Australia
TXN002712,ACCT00323,CUST0198,2025-10-21 00:00:00,1382.92,WireTransfer,Silver Freight,United States,Online,Patricia Jackson,Low,France
TXN002713,ACCT00302,CUST0184,2025-10-21 00:00:00,625.72,Deposit,Prime Trading,Canada,Online,Jessica Hill,Low,United States
TXN002714,ACCT00085,CUST0047,2025-10-21 00:00:00,1187.13,Deposit,Pacific Traders,United States,Wire,Sarah Jackson,Low,Germany
TXN002715,ACCT00309,CUST0188,2025-10-21 00:00:00,224.93,CashDeposit,Robert Perez,Spain,Online,Noah Sanchez,Low,Switzerland
TXN002716,ACCT00189,CUST0114,2025-10-21 00:00:00,1156.61,ACH,Crown Exchange,Ireland,Online,Emma Miller,Low,Netherlands
TXN002717,ACCT00087,CUST0048,2025-10-21 00:00:00,2209.26,Withdrawal,Noah Williams,Australia,Wire,Thomas King,Low,Spain
TXN002718,ACCT00004,CUST0002,2025-10-21 00:00:00,286.13,Deposit,Crown Holdings,UAE,ATM,William Ramirez,High,Yemen
TXN002719,ACCT00010,CUST0004,2025-10-21 00:00:00,27940.55,WireTransfer,Union Enterprises,Myanmar,Branch,Yuki Scott,High,Afghanistan
TXN002720,ACCT00074,CUST0040,2025-10-21 00:00:00,3425.89,Withdrawal,Priya Scott,Canada,Online,Sven Hill,Low,Singapore
TXN002721,ACCT00188,CUST0113,2025-10-21 00:00:00,1639.71,CashDeposit,Charles Johnson,Singapore,ATM,Sarah Williams,Medium,Singapore
TXN002722,ACCT00106,CUST0061,2025-10-21 00:00:00,1015.97,Withdrawal,Michael Lee,Singapore,Wire,Michael Flores,Low,Australia
TXN002723,ACCT00149,CUST0090,2025-10-21 00:00:00,550.02,ACH,Richard Gonzalez,Australia,Wire,Jennifer Walker,Low,UAE
TXN002724,ACCT00320,CUST0195,2025-10-22 00:00:00,3069.61,Deposit,Jennifer Hernandez,Singapore,ATM,Jennifer Garcia,Low,Canada
TXN002725,ACCT00204,CUST0124,2025-10-22 00:00:00,9000.0,CashDeposit,Richard Jackson,Ireland,Wire,Joseph Taylor,Low,Netherlands
TXN002726,ACCT00132,CUST0077,2025-10-22 00:00:00,16957.35,CashDeposit,Charles Martin,Venezuela,Branch,Liam Ramirez,Medium,UAE
TXN002727,ACCT00299,CUST0181,2025-10-22 00:00:00,718.37,WireTransfer,Anchor Freight,France,Wire,Sofia Wilson,Low,Germany
TXN002728,ACCT00314,CUST0191,2025-10-22 00:00:00,1217.55,Withdrawal,Summit Group,United States,Branch,Liam Flores,Low,Canada
TXN002729,ACCT00209,CUST0128,2025-10-22 00:00:00,324.43,Withdrawal,Jessica Rodriguez,Japan,Online,Olga Moore,Low,Singapore
TXN002730,ACCT00267,CUST0159,2025-10-23 00:00:00,232.45,ACH,Falcon Enterprises,Canada,Wire,Camila Thompson,Medium,France
TXN002731,ACCT00243,CUST0145,2025-10-23 00:00:00,178.35,Withdrawal,Union Imports,Singapore,Wire,Mateo Walker,Medium,Australia
TXN002732,ACCT00073,CUST0040,2025-10-23 00:00:00,169.05,WireTransfer,Silver Ventures,Australia,Online,Sven Hill,Low,Singapore
TXN002733,ACCT00262,CUST0158,2025-10-23 00:00:00,3625.41,Deposit,William Brown,India,Branch,Thomas Smith,Low,France
TXN002734,ACCT00033,CUST0018,2025-10-23 00:00:00,3364.75,Withdrawal,Falcon Exchange,Ireland,Wire,Amara Solis,High,Syria
TXN002735,ACCT00149,CUST0090,2025-10-23 00:00:00,2625.03,Deposit,Lucas Smith,United States,ATM,Jennifer Walker,Low,UAE
TXN002736,ACCT00189,CUST0114,2025-10-23 00:00:00,169.5,Withdrawal,Silver Logistics,Ireland,Online,Emma Miller,Low,Netherlands
TXN002737,ACCT00219,CUST0132,2025-10-23 00:00:00,739.34,Deposit,Charles Walker,Ireland,Branch,Mia Ramirez,Medium,Spain
TXN002738,ACCT00080,CUST0043,2025-10-23 00:00:00,8046.56,WireTransfer,Summit Holdings,Switzerland,Branch,John Scott,Low,Singapore
TXN002739,ACCT00329,CUST0200,2025-10-23 00:00:00,1194.28,WireTransfer,Linda Clark,Canada,Online,Linda Moore,Low,Spain
TXN002740,ACCT00055,CUST0031,2025-10-23 00:00:00,985.83,WireTransfer,Summit Freight,UAE,Wire,David Ramirez,Low,France
TXN002741,ACCT00322,CUST0197,2025-10-23 00:00:00,337.06,ACH,Anchor Traders,Japan,Branch,Linda Clark,Low,Spain
TXN002742,ACCT00085,CUST0047,2025-10-23 00:00:00,151.58,CashDeposit,Ava Young,Canada,Online,Sarah Jackson,Low,Germany
TXN002743,ACCT00146,CUST0087,2025-10-23 00:00:00,316.36,ACH,Barbara Sanchez,Switzerland,Online,Mia Nguyen,Medium,Canada
TXN002744,ACCT00096,CUST0055,2025-10-23 00:00:00,8588.67,ACH,Yuki Moore,Switzerland,Online,Barbara Clark,Low,United Kingdom
TXN002745,ACCT00036,CUST0020,2025-10-24 00:00:00,35180.12,CashDeposit,Anchor Imports,Ireland,Branch,Viktor Kessler,High,Canada
TXN002746,ACCT00115,CUST0067,2025-10-24 00:00:00,694.79,Deposit,Elizabeth Sanchez,Switzerland,Wire,Barbara Green,Low,France
TXN002747,ACCT00079,CUST0042,2025-10-24 00:00:00,488.28,WireTransfer,James Walker,Australia,Branch,Arjun Jones,Low,India
TXN002748,ACCT00152,CUST0091,2025-10-24 00:00:00,29814.62,WireTransfer,Ahmed Davis,North Korea,Branch,John Williams,Low,Germany
TXN002749,ACCT00327,CUST0200,2025-10-24 00:00:00,259.72,Deposit,Union Holdings,Australia,Online,Linda Moore,Low,Spain
TXN002750,ACCT00300,CUST0182,2025-10-24 00:00:00,547.48,ACH,Mary Williams,Ireland,Wire,Elizabeth Flores,Medium,United Kingdom
TXN002751,ACCT00297,CUST0179,2025-10-24 00:00:00,517.19,WireTransfer,Global Logistics,Germany,Online,Linda Robinson,Medium,Switzerland
TXN002752,ACCT00307,CUST0187,2025-10-25 00:00:00,710.06,Withdrawal,Mateo Wright,Switzerland,Branch,Robert Wright,Low,India
TXN002753,ACCT00100,CUST0057,2025-10-25 00:00:00,245.09,Withdrawal,Priya Robinson,United Kingdom,ATM,Robert Walker,Low,India
TXN002754,ACCT00068,CUST0037,2025-10-25 00:00:00,209.19,CashDeposit,Delta Traders,Spain,Online,Noah King,Medium,United Kingdom
TXN002755,ACCT00249,CUST0149,2025-10-25 00:00:00,165.85,Deposit,Delta Group,United States,Online,Michael Lewis,Low,United States
TXN002756,ACCT00187,CUST0112,2025-10-25 00:00:00,1002.01,ACH,Richard Hill,UAE,Branch,Joseph White,Low,France
TXN002757,ACCT00001,CUST0001,2025-10-26 00:00:00,126.28,WireTransfer,Noah Jackson,Libya,Branch,Mateo Clark,High,Ireland
TXN002758,ACCT00114,CUST0066,2025-10-26 00:00:00,1724.81,Deposit,Camila Thomas,Germany,Online,Charles Torres,Low,Germany
TXN002759,ACCT00088,CUST0048,2025-10-26 00:00:00,1365.06,CashDeposit,Sarah Gonzalez,Ireland,Online,Thomas King,Low,Spain
TXN002760,ACCT00066,CUST0036,2025-10-26 00:00:00,274.47,CashDeposit,Silver Imports,France,Branch,Mia Scott,Medium,UAE
TXN002761,ACCT00099,CUST0057,2025-10-26 00:00:00,37.63,ACH,Arjun Sanchez,United States,Branch,Robert Walker,Low,India
TXN002762,ACCT00313,CUST0191,2025-10-26 00:00:00,179.69,WireTransfer,Fatima Young,United Kingdom,Wire,Liam Flores,Low,Canada
TXN002763,ACCT00290,CUST0175,2025-10-26 00:00:00,1089.7,CashDeposit,Mary Taylor,Canada,Online,Fatima Scott,Medium,Netherlands
TXN002764,ACCT00097,CUST0055,2025-10-27 00:00:00,212.37,ACH,Prime Logistics,Japan,Online,Barbara Clark,Low,United Kingdom
TXN002765,ACCT00070,CUST0038,2025-10-27 00:00:00,138.31,CashDeposit,Camila Johnson,Japan,Online,Barbara Jones,Low,Canada
TXN002766,ACCT00055,CUST0031,2025-10-27 00:00:00,706.01,WireTransfer,Lucas White,Spain,ATM,David Ramirez,Low,France
TXN002767,ACCT00046,CUST0027,2025-10-27 00:00:00,108.86,WireTransfer,Elizabeth Williams,Australia,Branch,David Nguyen,Low,India
TXN002768,ACCT00172,CUST0104,2025-10-27 00:00:00,776.14,WireTransfer,Thomas Torres,Netherlands,ATM,Sarah Torres,Low,Canada
TXN002769,ACCT00313,CUST0191,2025-10-27 00:00:00,1764.6,Deposit,Falcon Group,Canada,Branch,Liam Flores,Low,Canada
TXN002770,ACCT00329,CUST0200,2025-10-27 00:00:00,334.86,Deposit,Ahmed Torres,Netherlands,Wire,Linda Moore,Low,Spain
TXN002771,ACCT00022,CUST0011,2025-10-27 00:00:00,12981.41,WireTransfer,John Sanchez,Syria,Branch,Thomas Rodriguez,High,UAE
TXN002772,ACCT00228,CUST0137,2025-10-27 00:00:00,527.35,CashDeposit,Union Capital,Spain,Online,Chloe Young,Medium,India
TXN002773,ACCT00186,CUST0111,2025-10-27 00:00:00,152.79,Deposit,Ava Sanchez,Australia,ATM,Mia Wright,Low,Spain
TXN002774,ACCT00189,CUST0114,2025-10-27 00:00:00,1057.02,WireTransfer,Lucas Thompson,Switzerland,Wire,Emma Miller,Low,Netherlands
TXN002775,ACCT00314,CUST0191,2025-10-27 00:00:00,116.55,Withdrawal,Jennifer Lee,Spain,Online,Liam Flores,Low,Canada
TXN002776,ACCT00318,CUST0194,2025-10-28 00:00:00,1065.76,CashDeposit,Thomas Nguyen,United Kingdom,Wire,Thomas White,Low,Canada
TXN002777,ACCT00236,CUST0141,2025-10-28 00:00:00,12025.38,CashDeposit,Horizon Logistics,France,Branch,Charles King,Medium,India
TXN002778,ACCT00032,CUST0018,2025-10-28 00:00:00,55.44,CashDeposit,Jennifer Jackson,Afghanistan,ATM,Amara Solis,High,Syria
TXN002779,ACCT00176,CUST0106,2025-10-28 00:00:00,952.43,Deposit,Atlas Capital,Netherlands,Online,Emma Lewis,Low,Canada
TXN002780,ACCT00278,CUST0168,2025-10-28 00:00:00,485.37,CashDeposit,Patricia Martin,Ireland,Online,Charles Perez,Low,United Kingdom
TXN002781,ACCT00028,CUST0015,2025-10-28 00:00:00,145.59,WireTransfer,Crown Enterprises,North Korea,Branch,Sofia Smith,High,Ireland
TXN002782,ACCT00172,CUST0104,2025-10-28 00:00:00,357.97,ACH,Mia Flores,Netherlands,ATM,Sarah Torres,Low,Canada
TXN002783,ACCT00267,CUST0159,2025-10-28 00:00:00,5260.11,WireTransfer,Noah Moore,Canada,Branch,Camila Thompson,Medium,France
TXN002784,ACCT00209,CUST0128,2025-10-28 00:00:00,488.92,WireTransfer,Camila Johnson,Netherlands,Wire,Olga Moore,Low,Singapore
TXN002785,ACCT00003,CUST0002,2025-10-28 00:00:00,367.04,Withdrawal,Patricia Miller,Myanmar,Online,William Ramirez,High,Yemen
TXN002786,ACCT00174,CUST0105,2025-10-28 00:00:00,240.27,WireTransfer,Patricia Jones,Switzerland,Branch,Sven Young,Medium,Ireland
TXN002787,ACCT00253,CUST0152,2025-10-28 00:00:00,265.01,Deposit,Sofia Rodriguez,Ireland,ATM,Arjun Young,Medium,United States
TXN002788,ACCT00006,CUST0003,2025-10-28 00:00:00,31813.56,WireTransfer,Mateo Ramirez,Iran,Wire,Ahmed Miller,High,Ireland
TXN002789,ACCT00112,CUST0065,2025-10-28 00:00:00,960.34,Withdrawal,Sofia Brown,Germany,Branch,Karen King,Low,Switzerland
TXN002790,ACCT00055,CUST0031,2025-10-28 00:00:00,7500.0,WireTransfer,John Anderson,United Kingdom,Branch,David Ramirez,Low,France
TXN002791,ACCT00006,CUST0003,2025-10-28 21:00:00,31055.89,WireTransfer,Fatima Clark,Japan,Wire,Ahmed Miller,High,Ireland
TXN002792,ACCT00038,CUST0021,2025-10-29 00:00:00,20000.0,WireTransfer,Wei Green,Japan,Branch,Tatiana Orlova,High,Libya
TXN002793,ACCT00280,CUST0170,2025-10-29 00:00:00,9000.0,ACH,Global Traders,Spain,Wire,Mateo Davis,Low,Australia
TXN002794,ACCT00322,CUST0197,2025-10-29 00:00:00,370.46,CashDeposit,Union Holdings,Switzerland,ATM,Linda Clark,Low,Spain
TXN002795,ACCT00270,CUST0162,2025-10-29 00:00:00,182.45,WireTransfer,Ava Young,Japan,Wire,Olga Moore,Low,Ireland
TXN002796,ACCT00257,CUST0155,2025-10-29 00:00:00,558.39,CashDeposit,Thomas Wright,Canada,Online,Wei White,Low,United Kingdom
TXN002797,ACCT00188,CUST0113,2025-10-29 00:00:00,675.61,WireTransfer,Atlas Capital,Singapore,Online,Sarah Williams,Medium,Singapore
TXN002798,ACCT00157,CUST0095,2025-10-29 00:00:00,338.42,ACH,Union Traders,Switzerland,ATM,Ahmed Sanchez,Medium,Canada
TXN002799,ACCT00106,CUST0061,2025-10-29 00:00:00,2730.45,CashDeposit,Pacific Freight,Spain,Wire,Michael Flores,Low,Australia
TXN002800,ACCT00011,CUST0005,2025-10-30 00:00:00,7500.0,CashDeposit,Mateo Walker,United States,Branch,Fatima Nguyen,High,Myanmar
TXN002801,ACCT00255,CUST0154,2025-10-30 00:00:00,1800.59,WireTransfer,Jennifer Torres,Japan,Online,William Martin,Low,United States
TXN002802,ACCT00243,CUST0145,2025-10-30 00:00:00,1378.72,CashDeposit,Barbara Nguyen,Canada,Online,Mateo Walker,Medium,Australia
TXN002803,ACCT00198,CUST0121,2025-10-30 00:00:00,4734.29,Withdrawal,Joseph Moore,Spain,Online,Susan Taylor,Low,United Kingdom
TXN002804,ACCT00095,CUST0054,2025-10-30 00:00:00,361.48,ACH,Arjun Brown,Ireland,ATM,Sofia Clark,Low,UAE
TXN002805,ACCT00164,CUST0098,2025-10-30 00:00:00,237.61,Deposit,Horizon Group,Netherlands,Branch,Sven Young,Medium,Switzerland
TXN002806,ACCT00077,CUST0041,2025-10-30 00:00:00,787.89,ACH,Ahmed Ramirez,UAE,ATM,Arjun Thomas,Low,Japan
TXN002807,ACCT00127,CUST0075,2025-10-30 00:00:00,150.46,CashDeposit,Diego Lee,Spain,Online,Patricia Torres,Medium,Spain
TXN002808,ACCT00190,CUST0115,2025-10-30 00:00:00,1190.38,Deposit,Mia Wright,United Kingdom,Branch,Priya Lopez,Low,India
TXN002809,ACCT00103,CUST0059,2025-10-30 00:00:00,1235.41,CashDeposit,Ava Johnson,Germany,Wire,John Moore,Medium,Switzerland
TXN002810,ACCT00076,CUST0041,2025-10-30 00:00:00,926.01,ACH,Sunrise Enterprises,Netherlands,Online,Arjun Thomas,Low,Japan
TXN002811,ACCT00238,CUST0142,2025-10-30 00:00:00,213.19,CashDeposit,Yuki Williams,Singapore,ATM,Sofia Martinez,Low,Singapore
TXN002812,ACCT00247,CUST0148,2025-10-30 00:00:00,681.88,CashDeposit,Falcon Group,India,ATM,Elizabeth Young,Low,United Kingdom
TXN002813,ACCT00061,CUST0034,2025-10-30 00:00:00,182.24,CashDeposit,Lucas Ramirez,Switzerland,Wire,William Harris,Low,Japan
TXN002814,ACCT00304,CUST0185,2025-10-31 00:00:00,307.85,WireTransfer,Sven Wilson,Canada,Branch,Sven Wright,Low,UAE
TXN002815,ACCT00222,CUST0134,2025-10-31 00:00:00,145.4,Deposit,Wei Johnson,United States,Wire,Sven Young,Low,Spain
TXN002816,ACCT00216,CUST0131,2025-10-31 00:00:00,2070.65,WireTransfer,Crown Imports,India,ATM,Robert Lopez,Low,Singapore
TXN002817,ACCT00086,CUST0047,2025-10-31 00:00:00,897.21,CashDeposit,David Martin,India,Wire,Sarah Jackson,Low,Germany
TXN002818,ACCT00252,CUST0151,2025-10-31 00:00:00,298.22,Deposit,Union Freight,India,Online,Olga Garcia,Medium,Spain
TXN002819,ACCT00213,CUST0130,2025-10-31 00:00:00,214.85,Withdrawal,Pacific Logistics,Canada,Online,Lucas Hill,Low,Ireland
TXN002820,ACCT00313,CUST0191,2025-10-31 00:00:00,566.84,Deposit,Delta Partners,United Kingdom,Online,Liam Flores,Low,Canada
TXN002821,ACCT00283,CUST0172,2025-10-31 00:00:00,737.63,WireTransfer,Thomas Garcia,United States,Branch,Sofia Lee,Low,Germany
TXN002822,ACCT00259,CUST0156,2025-10-31 00:00:00,841.32,ACH,Chloe Jackson,United Kingdom,Online,Barbara Hernandez,Low,Canada
TXN002823,ACCT00082,CUST0044,2025-10-31 00:00:00,1129.68,Withdrawal,Metro Freight,Japan,Wire,Jessica White,Low,United Kingdom
TXN002824,ACCT00188,CUST0113,2025-10-31 00:00:00,223.71,ACH,Emma Thomas,Ireland,Branch,Sarah Williams,Medium,Singapore
TXN002825,ACCT00225,CUST0136,2025-11-01 00:00:00,74.79,CashDeposit,Arjun Thomas,Australia,Online,James Scott,Low,Japan
TXN002826,ACCT00014,CUST0007,2025-11-01 00:00:00,4225.77,Deposit,William Green,Switzerland,Branch,Wei Wilson,High,Netherlands
TXN002827,ACCT00065,CUST0036,2025-11-01 00:00:00,307.47,WireTransfer,Ahmed Garcia,UAE,Branch,Mia Scott,Medium,UAE
TXN002828,ACCT00156,CUST0095,2025-11-01 00:00:00,1029.41,Deposit,Priya Brown,Netherlands,ATM,Ahmed Sanchez,Medium,Canada
TXN002829,ACCT00066,CUST0036,2025-11-01 00:00:00,949.13,CashDeposit,Olga Martinez,Germany,Branch,Mia Scott,Medium,UAE
TXN002830,ACCT00309,CUST0188,2025-11-02 00:00:00,482.72,WireTransfer,Wei Harris,United States,Online,Noah Sanchez,Low,Switzerland
TXN002831,ACCT00324,CUST0198,2025-11-02 00:00:00,1090.84,WireTransfer,Sarah Sanchez,Netherlands,ATM,Patricia Jackson,Low,France
TXN002832,ACCT00253,CUST0152,2025-11-02 00:00:00,457.52,CashDeposit,Priya Walker,Germany,Branch,Arjun Young,Medium,United States
TXN002833,ACCT00061,CUST0034,2025-11-02 00:00:00,1071.74,Withdrawal,Sven Torres,Singapore,Branch,William Harris,Low,Japan
TXN002834,ACCT00256,CUST0155,2025-11-02 00:00:00,913.38,Withdrawal,Jennifer Young,United States,ATM,Wei White,Low,United Kingdom
TXN002835,ACCT00325,CUST0198,2025-11-02 00:00:00,776.26,WireTransfer,Olga Martinez,United Kingdom,Branch,Patricia Jackson,Low,France
TXN002836,ACCT00278,CUST0168,2025-11-03 00:00:00,1691.09,CashDeposit,Silver Logistics,UAE,Wire,Charles Perez,Low,United Kingdom
TXN002837,ACCT00109,CUST0062,2025-11-03 00:00:00,431.98,WireTransfer,Susan Hill,Australia,Wire,Ethan King,Low,Germany
TXN002838,ACCT00247,CUST0148,2025-11-03 00:00:00,2132.46,CashDeposit,Sarah Scott,United States,Online,Elizabeth Young,Low,United Kingdom
TXN002839,ACCT00077,CUST0041,2025-11-03 00:00:00,1011.33,Deposit,Patricia Garcia,Australia,Wire,Arjun Thomas,Low,Japan
TXN002840,ACCT00230,CUST0137,2025-11-03 00:00:00,479.23,WireTransfer,Noah Williams,Spain,ATM,Chloe Young,Medium,India
TXN002841,ACCT00275,CUST0165,2025-11-03 00:00:00,822.82,Deposit,Global Partners,India,Wire,Camila Williams,Medium,Australia
TXN002842,ACCT00088,CUST0048,2025-11-03 00:00:00,2510.39,Deposit,Ava Perez,Germany,Online,Thomas King,Low,Spain
TXN002843,ACCT00129,CUST0076,2025-11-03 00:00:00,185.71,Withdrawal,Arjun Davis,Singapore,Branch,Yuki Wright,Medium,Netherlands
TXN002844,ACCT00304,CUST0185,2025-11-03 00:00:00,1593.4,WireTransfer,Pacific Enterprises,Germany,Wire,Sven Wright,Low,UAE
TXN002845,ACCT00120,CUST0071,2025-11-03 00:00:00,677.8,ACH,Crown Trading,United Kingdom,ATM,Jessica Martin,Low,Ireland
TXN002846,ACCT00235,CUST0141,2025-11-03 00:00:00,2231.09,WireTransfer,Prime Holdings,Spain,Wire,Charles King,Medium,India
TXN002847,ACCT00206,CUST0126,2025-11-03 00:00:00,1501.4,Withdrawal,Karen Wilson,Japan,ATM,Elizabeth Jones,Low,United Kingdom
TXN002848,ACCT00303,CUST0185,2025-11-03 00:00:00,320.97,CashDeposit,Global Logistics,United States,ATM,Sven Wright,Low,UAE
TXN002849,ACCT00199,CUST0122,2025-11-03 00:00:00,4851.59,WireTransfer,Emma Ramirez,Spain,Online,William Smith,Low,India
TXN002850,ACCT00054,CUST0031,2025-11-04 00:00:00,683.27,Withdrawal,Thomas Hernandez,Netherlands,Online,David Ramirez,Low,France
TXN002851,ACCT00227,CUST0136,2025-11-04 00:00:00,514.95,ACH,Summit Holdings,Germany,Wire,James Scott,Low,Japan
TXN002852,ACCT00272,CUST0163,2025-11-04 00:00:00,1962.52,ACH,Olga Hill,India,Online,Emma Jackson,Low,Germany
TXN002853,ACCT00229,CUST0137,2025-11-04 00:00:00,475.15,WireTransfer,Sven Harris,Canada,ATM,Chloe Young,Medium,India
TXN002854,ACCT00310,CUST0189,2025-11-04 00:00:00,1808.08,CashDeposit,Priya Ramirez,Japan,Branch,Jennifer Lee,Low,United Kingdom
TXN002855,ACCT00054,CUST0031,2025-11-04 00:00:00,336.3,Deposit,David Flores,Canada,Branch,David Ramirez,Low,France
TXN002856,ACCT00302,CUST0184,2025-11-04 00:00:00,338.94,Withdrawal,Mateo Anderson,United States,ATM,Jessica Hill,Low,United States
TXN002857,ACCT00227,CUST0136,2025-11-04 00:00:00,3382.53,ACH,Jessica Jones,Switzerland,Branch,James Scott,Low,Japan
TXN002858,ACCT00137,CUST0082,2025-11-04 00:00:00,648.35,Deposit,Delta Capital,Ireland,Branch,Sven Brown,Low,Spain
TXN002859,ACCT00160,CUST0096,2025-11-04 00:00:00,147.96,CashDeposit,Silver Ventures,United States,ATM,Karen Flores,Low,Ireland
TXN002860,ACCT00143,CUST0085,2025-11-04 00:00:00,534.84,ACH,Diego Walker,Ireland,Branch,Emma Anderson,Low,Japan
TXN002861,ACCT00053,CUST0031,2025-11-04 00:00:00,40381.07,WireTransfer,Sarah Anderson,Venezuela,Branch,David Ramirez,Low,France
TXN002862,ACCT00065,CUST0036,2025-11-04 00:00:00,4931.54,ACH,Arjun White,Australia,ATM,Mia Scott,Medium,UAE
TXN002863,ACCT00092,CUST0052,2025-11-04 00:00:00,3649.02,WireTransfer,Charles Ramirez,Germany,Wire,Sofia Martinez,Low,United Kingdom
TXN002864,ACCT00199,CUST0122,2025-11-05 00:00:00,1007.14,Deposit,Anchor Imports,Netherlands,Branch,William Smith,Low,India
TXN002865,ACCT00125,CUST0074,2025-11-05 00:00:00,419.01,Deposit,Jessica White,UAE,ATM,James Miller,Low,Germany
TXN002866,ACCT00149,CUST0090,2025-11-05 00:00:00,669.68,Withdrawal,Ethan Jones,Canada,Online,Jennifer Walker,Low,UAE
TXN002867,ACCT00289,CUST0174,2025-11-05 00:00:00,487.7,Withdrawal,Crown Traders,Switzerland,Branch,Emma Davis,Low,United Kingdom
TXN002868,ACCT00045,CUST0027,2025-11-05 00:00:00,1412.77,CashDeposit,Arjun Torres,Spain,ATM,David Nguyen,Low,India
TXN002869,ACCT00101,CUST0057,2025-11-05 00:00:00,502.04,ACH,Atlas Exchange,Japan,Branch,Robert Walker,Low,India
TXN002870,ACCT00273,CUST0164,2025-11-05 00:00:00,92.0,CashDeposit,Summit Holdings,Japan,Branch,Thomas Rodriguez,Medium,Switzerland
TXN002871,ACCT00242,CUST0145,2025-11-05 00:00:00,1627.37,CashDeposit,Silver Capital,Australia,Branch,Mateo Walker,Medium,Australia
TXN002872,ACCT00309,CUST0188,2025-11-05 00:00:00,369.39,Deposit,Sarah Scott,Spain,Branch,Noah Sanchez,Low,Switzerland
TXN002873,ACCT00051,CUST0030,2025-11-05 00:00:00,222.82,Deposit,Linda Walker,Japan,Online,Olga Perez,Low,Germany
TXN002874,ACCT00253,CUST0152,2025-11-05 00:00:00,372.77,CashDeposit,Silver Capital,Canada,Online,Arjun Young,Medium,United States
TXN002875,ACCT00210,CUST0129,2025-11-05 00:00:00,1051.94,ACH,Sven Hernandez,Netherlands,Branch,Robert Ramirez,Medium,Netherlands
TXN002876,ACCT00076,CUST0041,2025-11-06 00:00:00,840.32,CashDeposit,Summit Traders,Singapore,Online,Arjun Thomas,Low,Japan
TXN002877,ACCT00061,CUST0034,2025-11-06 00:00:00,1145.5,ACH,Fatima Hill,India,ATM,William Harris,Low,Japan
TXN002878,ACCT00092,CUST0052,2025-11-06 00:00:00,195.53,WireTransfer,Michael Jones,France,Online,Sofia Martinez,Low,United Kingdom
TXN002879,ACCT00116,CUST0068,2025-11-06 00:00:00,313.51,CashDeposit,Delta Freight,Netherlands,ATM,Charles Wilson,Medium,Ireland
TXN002880,ACCT00169,CUST0102,2025-11-06 00:00:00,452.42,Withdrawal,Olga Gonzalez,UAE,Branch,Chloe Harris,Low,United States
TXN002881,ACCT00214,CUST0130,2025-11-06 00:00:00,824.45,Deposit,Nova Imports,UAE,ATM,Lucas Hill,Low,Ireland
TXN002882,ACCT00067,CUST0037,2025-11-06 00:00:00,2051.07,WireTransfer,Crown Logistics,Singapore,Wire,Noah King,Medium,United Kingdom
TXN002883,ACCT00177,CUST0107,2025-11-06 00:00:00,305.01,ACH,Priya Scott,Ireland,ATM,Jessica Martin,Low,Australia
TXN002884,ACCT00304,CUST0185,2025-11-06 00:00:00,6028.35,Withdrawal,William Martinez,Switzerland,Branch,Sven Wright,Low,UAE
TXN002885,ACCT00164,CUST0098,2025-11-06 00:00:00,217.78,Withdrawal,Lucas Rodriguez,Ireland,Wire,Sven Young,Medium,Switzerland
TXN002886,ACCT00276,CUST0166,2025-11-06 00:00:00,6078.61,CashDeposit,James Ramirez,Germany,ATM,Arjun Clark,Low,Germany
TXN002887,ACCT00008,CUST0003,2025-11-06 00:00:00,1417.98,CashDeposit,Mia Torres,Germany,Branch,Ahmed Miller,High,Ireland
TXN002888,ACCT00171,CUST0104,2025-11-06 00:00:00,3344.18,WireTransfer,Horizon Traders,India,Wire,Sarah Torres,Low,Canada
TXN002889,ACCT00169,CUST0102,2025-11-07 00:00:00,1012.78,WireTransfer,Mary Martin,Japan,ATM,Chloe Harris,Low,United States
TXN002890,ACCT00255,CUST0154,2025-11-07 00:00:00,287.04,Withdrawal,Fatima Thomas,Switzerland,ATM,William Martin,Low,United States
TXN002891,ACCT00059,CUST0033,2025-11-07 00:00:00,3742.63,Withdrawal,Thomas Lopez,Japan,Wire,Jessica Hernandez,Low,India
TXN002892,ACCT00001,CUST0001,2025-11-07 00:00:00,130.64,Withdrawal,Wei Sanchez,Australia,ATM,Mateo Clark,High,Ireland
TXN002893,ACCT00038,CUST0021,2025-11-07 00:00:00,360.4,Withdrawal,Chloe Davis,Canada,Wire,Tatiana Orlova,High,Libya
TXN002894,ACCT00165,CUST0099,2025-11-07 00:00:00,263.95,Deposit,Prime Imports,Switzerland,Online,Elizabeth Ramirez,Low,UAE
TXN002895,ACCT00164,CUST0098,2025-11-07 00:00:00,354.51,ACH,Summit Partners,Australia,Wire,Sven Young,Medium,Switzerland
TXN002896,ACCT00266,CUST0159,2025-11-07 00:00:00,1099.65,ACH,Fatima King,Australia,Wire,Camila Thompson,Medium,France
TXN002897,ACCT00229,CUST0137,2025-11-07 00:00:00,413.91,CashDeposit,Nova Exchange,Ireland,Wire,Chloe Young,Medium,India
TXN002898,ACCT00307,CUST0187,2025-11-07 00:00:00,281.68,ACH,Liam Davis,Canada,Wire,Robert Wright,Low,India
TXN002899,ACCT00122,CUST0073,2025-11-08 00:00:00,121.86,ACH,James Jones,United Kingdom,ATM,Lucas Gonzalez,Low,India
TXN002900,ACCT00308,CUST0188,2025-11-08 00:00:00,1436.91,Deposit,Elizabeth Green,France,Wire,Noah Sanchez,Low,Switzerland
TXN002901,ACCT00041,CUST0023,2025-11-08 00:00:00,62844.0,WireTransfer,Sunrise Enterprises,Iran,Wire,Richard Martin,High,India
TXN002902,ACCT00186,CUST0111,2025-11-08 00:00:00,721.98,WireTransfer,John Rodriguez,Canada,ATM,Mia Wright,Low,Spain
TXN002903,ACCT00071,CUST0038,2025-11-08 00:00:00,135.23,ACH,Noah Robinson,Germany,Online,Barbara Jones,Low,Canada
TXN002904,ACCT00142,CUST0085,2025-11-08 00:00:00,958.27,CashDeposit,Priya Jackson,India,ATM,Emma Anderson,Low,Japan
TXN002905,ACCT00228,CUST0137,2025-11-08 00:00:00,610.57,WireTransfer,Sunrise Traders,India,ATM,Chloe Young,Medium,India
TXN002906,ACCT00299,CUST0181,2025-11-08 00:00:00,148.98,Withdrawal,Charles Anderson,France,ATM,Sofia Wilson,Low,Germany
TXN002907,ACCT00165,CUST0099,2025-11-08 00:00:00,439.89,CashDeposit,Delta Capital,UAE,Branch,Elizabeth Ramirez,Low,UAE
TXN002908,ACCT00109,CUST0062,2025-11-08 00:00:00,2181.31,ACH,Sven Torres,United States,Branch,Ethan King,Low,Germany
TXN002909,ACCT00081,CUST0043,2025-11-09 00:00:00,1970.21,ACH,Elizabeth Scott,Switzerland,Online,John Scott,Low,Singapore
TXN002910,ACCT00084,CUST0046,2025-11-09 00:00:00,1143.06,ACH,Yuki Gonzalez,Japan,Online,Michael Rodriguez,Low,UAE
TXN002911,ACCT00301,CUST0183,2025-11-09 00:00:00,969.8,WireTransfer,Patricia Lopez,Germany,ATM,Thomas Lopez,Low,United Kingdom
TXN002912,ACCT00039,CUST0021,2025-11-09 00:00:00,831.96,ACH,David Walker,Spain,ATM,Tatiana Orlova,High,Libya
TXN002913,ACCT00163,CUST0098,2025-11-09 00:00:00,1330.72,CashDeposit,Thomas Moore,Canada,ATM,Sven Young,Medium,Switzerland
TXN002914,ACCT00317,CUST0193,2025-11-09 00:00:00,311.22,Deposit,James Moore,India,ATM,Yuki Sanchez,Low,UAE
TXN002915,ACCT00135,CUST0080,2025-11-09 00:00:00,647.73,Withdrawal,Elizabeth Anderson,Spain,Online,Priya Lee,Medium,Canada
TXN002916,ACCT00204,CUST0124,2025-11-10 00:00:00,284.74,WireTransfer,Ahmed Lewis,Switzerland,Wire,Joseph Taylor,Low,Netherlands
TXN002917,ACCT00090,CUST0050,2025-11-10 00:00:00,797.13,Withdrawal,James Wright,Canada,Branch,Thomas Hernandez,Medium,Singapore
TXN002918,ACCT00198,CUST0121,2025-11-10 00:00:00,230.69,CashDeposit,David Martinez,United States,Branch,Susan Taylor,Low,United Kingdom
TXN002919,ACCT00243,CUST0145,2025-11-10 00:00:00,296.42,ACH,Wei Rodriguez,Spain,Online,Mateo Walker,Medium,Australia
TXN002920,ACCT00299,CUST0181,2025-11-10 00:00:00,2858.42,Deposit,Mia Thomas,Netherlands,Wire,Sofia Wilson,Low,Germany
TXN002921,ACCT00055,CUST0031,2025-11-10 00:00:00,348.3,WireTransfer,Metro Group,Ireland,Wire,David Ramirez,Low,France
TXN002922,ACCT00304,CUST0185,2025-11-10 00:00:00,253.77,WireTransfer,Emma Taylor,Ireland,Online,Sven Wright,Low,UAE
TXN002923,ACCT00252,CUST0151,2025-11-10 00:00:00,395.77,CashDeposit,Ahmed Miller,Ireland,Wire,Olga Garcia,Medium,Spain
TXN002924,ACCT00232,CUST0139,2025-11-10 00:00:00,42012.6,CashDeposit,Patricia Thomas,Venezuela,Branch,Ethan Thomas,Low,France
TXN002925,ACCT00111,CUST0064,2025-11-11 00:00:00,522.56,WireTransfer,Patricia Lee,United States,Wire,Diego Jones,Low,Netherlands
TXN002926,ACCT00004,CUST0002,2025-11-11 00:00:00,675.91,Withdrawal,Delta Partners,India,Online,William Ramirez,High,Yemen
TXN002927,ACCT00089,CUST0049,2025-11-11 00:00:00,904.52,CashDeposit,John Davis,Japan,Branch,Diego Moore,Low,United States
TXN002928,ACCT00222,CUST0134,2025-11-11 00:00:00,1022.05,ACH,Mia Johnson,United States,Branch,Sven Young,Low,Spain
TXN002929,ACCT00095,CUST0054,2025-11-11 00:00:00,3740.46,WireTransfer,Crown Holdings,Japan,ATM,Sofia Clark,Low,UAE
TXN002930,ACCT00178,CUST0107,2025-11-11 00:00:00,144.43,ACH,Robert Davis,United States,Wire,Jessica Martin,Low,Australia
TXN002931,ACCT00056,CUST0032,2025-11-11 00:00:00,346.74,Withdrawal,Global Logistics,Australia,Branch,Sofia Miller,Medium,Spain
TXN002932,ACCT00200,CUST0122,2025-11-11 00:00:00,214.73,CashDeposit,Camila Williams,Australia,Branch,William Smith,Low,India
TXN002933,ACCT00287,CUST0173,2025-11-11 00:00:00,246.32,Deposit,Chloe Green,Switzerland,Online,Karen Clark,Low,United Kingdom
TXN002934,ACCT00298,CUST0180,2025-11-11 00:00:00,328.71,WireTransfer,Charles Clark,Netherlands,ATM,Patricia Perez,Low,United Kingdom
TXN002935,ACCT00147,CUST0088,2025-11-11 00:00:00,921.23,CashDeposit,Thomas Davis,United Kingdom,Branch,Barbara Brown,Low,Japan
TXN002936,ACCT00280,CUST0170,2025-11-11 00:00:00,3652.52,Deposit,Richard Ramirez,Ireland,ATM,Mateo Davis,Low,Australia
TXN002937,ACCT00315,CUST0191,2025-11-11 00:00:00,482.77,Deposit,Jessica Walker,Spain,Online,Liam Flores,Low,Canada
TXN002938,ACCT00075,CUST0041,2025-11-12 00:00:00,241.11,WireTransfer,Nova Freight,Japan,ATM,Arjun Thomas,Low,Japan
TXN002939,ACCT00173,CUST0105,2025-11-12 00:00:00,314.0,CashDeposit,James Gonzalez,Japan,Online,Sven Young,Medium,Ireland
TXN002940,ACCT00175,CUST0106,2025-11-12 00:00:00,1349.7,ACH,Jessica Taylor,UAE,Wire,Emma Lewis,Low,Canada
TXN002941,ACCT00306,CUST0186,2025-11-12 00:00:00,520.15,Withdrawal,Mateo Ramirez,United States,Branch,Fatima King,Low,Canada
TXN002942,ACCT00025,CUST0013,2025-11-12 00:00:00,385.71,ACH,Prime Partners,North Korea,Online,Jennifer Brown,High,Ireland
TXN002943,ACCT00264,CUST0158,2025-11-12 00:00:00,3072.34,ACH,Emma Martinez,Netherlands,Wire,Thomas Smith,Low,France
TXN002944,ACCT00083,CUST0045,2025-11-13 00:00:00,667.17,WireTransfer,Susan Moore,India,Online,Karen Green,Low,United States
TXN002945,ACCT00061,CUST0034,2025-11-13 00:00:00,140.25,ACH,Richard Lee,UAE,ATM,William Harris,Low,Japan
TXN002946,ACCT00209,CUST0128,2025-11-13 00:00:00,220.9,ACH,Noah Moore,Singapore,Online,Olga Moore,Low,Singapore
TXN002947,ACCT00085,CUST0047,2025-11-13 00:00:00,3683.83,Deposit,Metro Traders,Australia,ATM,Sarah Jackson,Low,Germany
TXN002948,ACCT00159,CUST0096,2025-11-13 00:00:00,418.05,ACH,Delta Logistics,United States,Branch,Karen Flores,Low,Ireland
TXN002949,ACCT00106,CUST0061,2025-11-13 00:00:00,1560.52,ACH,Olga Gonzalez,Ireland,ATM,Michael Flores,Low,Australia
TXN002950,ACCT00210,CUST0129,2025-11-13 00:00:00,1051.2,Deposit,Yuki Perez,Netherlands,Online,Robert Ramirez,Medium,Netherlands
TXN002951,ACCT00228,CUST0137,2025-11-14 00:00:00,414.36,Deposit,Diego Hernandez,France,Online,Chloe Young,Medium,India
TXN002952,ACCT00217,CUST0132,2025-11-14 00:00:00,513.45,Deposit,Karen Lewis,France,Branch,Mia Ramirez,Medium,Spain
TXN002953,ACCT00120,CUST0071,2025-11-14 00:00:00,2726.93,Deposit,Charles Gonzalez,United Kingdom,Branch,Jessica Martin,Low,Ireland
TXN002954,ACCT00302,CUST0184,2025-11-14 00:00:00,216.56,CashDeposit,Ethan Lee,UAE,ATM,Jessica Hill,Low,United States
TXN002955,ACCT00008,CUST0003,2025-11-14 00:00:00,7675.22,CashDeposit,Jennifer White,France,ATM,Ahmed Miller,High,Ireland
TXN002956,ACCT00112,CUST0065,2025-11-14 00:00:00,430.31,Deposit,Mary Robinson,Switzerland,ATM,Karen King,Low,Switzerland
TXN002957,ACCT00216,CUST0131,2025-11-15 00:00:00,3044.24,WireTransfer,Ahmed Hernandez,Singapore,ATM,Robert Lopez,Low,Singapore
TXN002958,ACCT00040,CUST0022,2025-11-15 00:00:00,21633.91,CashDeposit,Jennifer Thomas,Myanmar,Branch,Dragan Petrov,High,Singapore
TXN002959,ACCT00027,CUST0014,2025-11-15 00:00:00,62.2,Withdrawal,Richard Scott,Libya,Wire,Ethan Jones,High,India
TXN002960,ACCT00192,CUST0116,2025-11-15 00:00:00,1227.17,WireTransfer,Global Enterprises,Ireland,Branch,John Sanchez,Low,Canada
TXN002961,ACCT00292,CUST0176,2025-11-15 00:00:00,915.55,ACH,Silver Traders,Switzerland,Online,Michael Young,Low,France
TXN002962,ACCT00317,CUST0193,2025-11-15 00:00:00,2607.74,Deposit,Sven Johnson,Germany,ATM,Yuki Sanchez,Low,UAE
TXN002963,ACCT00038,CUST0021,2025-11-16 00:00:00,146.09,Deposit,Patricia Davis,Switzerland,Branch,Tatiana Orlova,High,Libya
TXN002964,ACCT00181,CUST0108,2025-11-16 00:00:00,582.84,CashDeposit,Diego Clark,Netherlands,Online,Diego Torres,Low,Australia
TXN002965,ACCT00241,CUST0144,2025-11-16 00:00:00,2891.65,Deposit,Diego Jackson,Germany,ATM,Karen Hill,Low,Switzerland
TXN002966,ACCT00304,CUST0185,2025-11-16 00:00:00,209.59,Withdrawal,Susan Hernandez,Japan,Wire,Sven Wright,Low,UAE
TXN002967,ACCT00137,CUST0082,2025-11-17 00:00:00,406.82,CashDeposit,Arjun Moore,Spain,Online,Sven Brown,Low,Spain
TXN002968,ACCT00044,CUST0026,2025-11-17 00:00:00,29506.56,CashDeposit,Nova Group,France,Branch,John King,Medium,France
TXN002969,ACCT00031,CUST0017,2025-11-17 00:00:00,2057.13,CashDeposit,Crown Ventures,Iran,Wire,Thomas King,High,Spain
TXN002970,ACCT00214,CUST0130,2025-11-17 00:00:00,421.77,ACH,Arjun Miller,Netherlands,Online,Lucas Hill,Low,Ireland
TXN002971,ACCT00071,CUST0038,2025-11-17 00:00:00,364.54,Withdrawal,James Green,United Kingdom,Branch,Barbara Jones,Low,Canada
TXN002972,ACCT00124,CUST0074,2025-11-17 00:00:00,566.03,CashDeposit,Jennifer Jackson,Spain,Branch,James Miller,Low,Germany
TXN002973,ACCT00256,CUST0155,2025-11-17 00:00:00,635.33,ACH,Lucas Flores,United States,Wire,Wei White,Low,United Kingdom
TXN002974,ACCT00173,CUST0105,2025-11-17 00:00:00,799.71,Deposit,Noah Flores,Spain,Branch,Sven Young,Medium,Ireland
TXN002975,ACCT00067,CUST0037,2025-11-17 00:00:00,705.67,Withdrawal,Diego Martin,Germany,Wire,Noah King,Medium,United Kingdom
TXN002976,ACCT00067,CUST0037,2025-11-17 00:00:00,3083.99,WireTransfer,Global Freight,Singapore,Online,Noah King,Medium,United Kingdom
TXN002977,ACCT00315,CUST0191,2025-11-17 00:00:00,566.97,WireTransfer,Diego Garcia,Spain,ATM,Liam Flores,Low,Canada
TXN002978,ACCT00317,CUST0193,2025-11-17 00:00:00,2408.18,Deposit,Sarah Green,United Kingdom,Online,Yuki Sanchez,Low,UAE
TXN002979,ACCT00254,CUST0153,2025-11-17 00:00:00,305.12,ACH,Charles Torres,Spain,Wire,Charles Anderson,Low,Ireland
TXN002980,ACCT00035,CUST0019,2025-11-18 00:00:00,14643.04,WireTransfer,William Young,Spain,Branch,Ava Smith,High,North Korea
TXN002981,ACCT00001,CUST0001,2025-11-18 00:00:00,310.05,CashDeposit,Olga Martin,France,ATM,Mateo Clark,High,Ireland
TXN002982,ACCT00171,CUST0104,2025-11-18 00:00:00,817.93,Deposit,Nova Exchange,France,Online,Sarah Torres,Low,Canada
TXN002983,ACCT00146,CUST0087,2025-11-18 00:00:00,331.94,CashDeposit,Mateo Garcia,United States,Online,Mia Nguyen,Medium,Canada
TXN002984,ACCT00117,CUST0069,2025-11-18 00:00:00,483.45,CashDeposit,Susan Young,Switzerland,ATM,Camila Lewis,Low,Singapore
TXN002985,ACCT00256,CUST0155,2025-11-18 00:00:00,312.21,Withdrawal,Sarah Moore,UAE,Branch,Wei White,Low,United Kingdom
TXN002986,ACCT00089,CUST0049,2025-11-18 00:00:00,461.76,ACH,Lucas Johnson,Australia,Branch,Diego Moore,Low,United States
TXN002987,ACCT00247,CUST0148,2025-11-18 00:00:00,311.01,CashDeposit,Sunrise Logistics,Switzerland,Branch,Elizabeth Young,Low,United Kingdom
TXN002988,ACCT00245,CUST0146,2025-11-18 00:00:00,502.92,ACH,Chloe Gonzalez,Canada,ATM,Yuki Lee,Medium,UAE
TXN002989,ACCT00156,CUST0095,2025-11-18 00:00:00,227.91,WireTransfer,Richard Davis,Ireland,Branch,Ahmed Sanchez,Medium,Canada
TXN002990,ACCT00200,CUST0122,2025-11-18 00:00:00,494.42,ACH,Mary Perez,Germany,Branch,William Smith,Low,India
TXN002991,ACCT00193,CUST0117,2025-11-18 00:00:00,4975.45,CashDeposit,Yuki Green,India,Wire,Elizabeth Nguyen,Medium,Canada
TXN002992,ACCT00102,CUST0058,2025-11-19 00:00:00,189.75,ACH,Yuki Anderson,United States,Branch,Joseph Anderson,Medium,Switzerland
TXN002993,ACCT00166,CUST0099,2025-11-19 00:00:00,264.58,CashDeposit,Robert Ramirez,UAE,Branch,Elizabeth Ramirez,Low,UAE
TXN002994,ACCT00075,CUST0041,2025-11-19 00:00:00,455.26,ACH,Richard Scott,France,ATM,Arjun Thomas,Low,Japan
TXN002995,ACCT00313,CUST0191,2025-11-19 00:00:00,602.51,ACH,Falcon Partners,Australia,ATM,Liam Flores,Low,Canada
TXN002996,ACCT00256,CUST0155,2025-11-19 00:00:00,532.89,CashDeposit,Patricia Robinson,Spain,Branch,Wei White,Low,United Kingdom
TXN002997,ACCT00271,CUST0163,2025-11-19 00:00:00,251.29,WireTransfer,Mateo Garcia,Spain,Branch,Emma Jackson,Low,Germany
TXN002998,ACCT00070,CUST0038,2025-11-19 00:00:00,796.23,Deposit,Karen Jackson,France,Online,Barbara Jones,Low,Canada
TXN002999,ACCT00173,CUST0105,2025-11-20 00:00:00,411.97,ACH,Mateo Miller,United Kingdom,Wire,Sven Young,Medium,Ireland
TXN003000,ACCT00136,CUST0081,2025-11-20 00:00:00,179.68,CashDeposit,Delta Group,Australia,ATM,Elizabeth Wilson,Low,Japan
TXN003001,ACCT00214,CUST0130,2025-11-20 00:00:00,324.14,CashDeposit,Jessica Thomas,UAE,Online,Lucas Hill,Low,Ireland
TXN003002,ACCT00263,CUST0158,2025-11-20 00:00:00,1768.37,WireTransfer,Arjun Green,Australia,Wire,Thomas Smith,Low,France
TXN003003,ACCT00268,CUST0160,2025-11-20 00:00:00,644.01,Deposit,Charles Williams,UAE,Online,Thomas Robinson,Low,Spain
TXN003004,ACCT00175,CUST0106,2025-11-20 00:00:00,77.88,Withdrawal,Elizabeth Scott,Spain,Branch,Emma Lewis,Low,Canada
TXN003005,ACCT00128,CUST0075,2025-11-20 00:00:00,219.61,ACH,Prime Holdings,United States,ATM,Patricia Torres,Medium,Spain
TXN003006,ACCT00281,CUST0171,2025-11-20 00:00:00,768.98,CashDeposit,Prime Group,Japan,Online,Ahmed White,Low,Switzerland
TXN003007,ACCT00119,CUST0070,2025-11-20 00:00:00,718.27,ACH,Anchor Traders,Australia,Online,Jennifer Jackson,Low,Switzerland
TXN003008,ACCT00084,CUST0046,2025-11-20 00:00:00,1421.06,WireTransfer,Robert Nguyen,Germany,ATM,Michael Rodriguez,Low,UAE
TXN003009,ACCT00082,CUST0044,2025-11-20 00:00:00,703.91,ACH,Global Traders,United Kingdom,Online,Jessica White,Low,United Kingdom
TXN003010,ACCT00082,CUST0044,2025-11-20 00:00:00,490.18,Deposit,Priya Garcia,Singapore,ATM,Jessica White,Low,United Kingdom
TXN003011,ACCT00306,CUST0186,2025-11-20 00:00:00,176.96,Deposit,Atlas Group,Ireland,ATM,Fatima King,Low,Canada
TXN003012,ACCT00033,CUST0018,2025-11-20 00:00:00,2136.88,Withdrawal,Susan Hernandez,United States,ATM,Amara Solis,High,Syria
TXN003013,ACCT00127,CUST0075,2025-11-20 00:00:00,3206.11,Withdrawal,Ahmed Brown,France,Wire,Patricia Torres,Medium,Spain
TXN003014,ACCT00045,CUST0027,2025-11-20 00:00:00,172.39,Withdrawal,Charles Thompson,Germany,Online,David Nguyen,Low,India
TXN003015,ACCT00185,CUST0110,2025-11-21 00:00:00,36994.53,CashDeposit,Nova Ventures,Venezuela,Branch,Mateo Lopez,Low,Germany
TXN003016,ACCT00041,CUST0023,2025-11-21 00:00:00,31849.63,CashDeposit,Lucas Green,Afghanistan,Branch,Richard Martin,High,India
TXN003017,ACCT00033,CUST0018,2025-11-21 00:00:00,291.32,CashDeposit,Ahmed Wright,Myanmar,Branch,Amara Solis,High,Syria
TXN003018,ACCT00033,CUST0018,2025-11-21 00:00:00,138.39,ACH,Robert Scott,Libya,Wire,Amara Solis,High,Syria
TXN003019,ACCT00146,CUST0087,2025-11-21 00:00:00,858.83,WireTransfer,Michael Garcia,Canada,Branch,Mia Nguyen,Medium,Canada
TXN003020,ACCT00202,CUST0123,2025-11-21 00:00:00,307.97,Deposit,Ava Taylor,India,ATM,Robert Anderson,Low,UAE
TXN003021,ACCT00048,CUST0028,2025-11-21 00:00:00,326.73,Withdrawal,Fatima Smith,Switzerland,ATM,Sven Gonzalez,Low,Canada
TXN003022,ACCT00187,CUST0112,2025-11-21 00:00:00,723.3,Deposit,Prime Enterprises,India,Online,Joseph White,Low,France
TXN003023,ACCT00182,CUST0108,2025-11-21 00:00:00,222.2,WireTransfer,Emma Robinson,Germany,Wire,Diego Torres,Low,Australia
TXN003024,ACCT00178,CUST0107,2025-11-21 00:00:00,1037.98,ACH,Yuki Green,France,Wire,Jessica Martin,Low,Australia
TXN003025,ACCT00059,CUST0033,2025-11-21 00:00:00,239.18,Withdrawal,Wei Wright,Ireland,Online,Jessica Hernandez,Low,India
TXN003026,ACCT00045,CUST0027,2025-11-21 00:00:00,530.75,CashDeposit,Yuki Hill,Ireland,Branch,David Nguyen,Low,India
TXN003027,ACCT00046,CUST0027,2025-11-21 00:00:00,443.78,WireTransfer,Richard Jackson,Ireland,Online,David Nguyen,Low,India
TXN003028,ACCT00184,CUST0110,2025-11-21 00:00:00,226.36,WireTransfer,Charles Martinez,UAE,Wire,Mateo Lopez,Low,Germany
TXN003029,ACCT00295,CUST0178,2025-11-21 00:00:00,241.34,Deposit,Wei Torres,France,ATM,Fatima Scott,Low,Australia
TXN003030,ACCT00132,CUST0077,2025-11-22 00:00:00,1120.04,Deposit,Jennifer Garcia,Japan,ATM,Liam Ramirez,Medium,UAE
TXN003031,ACCT00250,CUST0150,2025-11-22 00:00:00,2805.8,CashDeposit,Silver Trading,United Kingdom,Online,Elizabeth Jones,Low,Australia
TXN003032,ACCT00030,CUST0017,2025-11-22 00:00:00,1924.09,Deposit,Delta Holdings,Afghanistan,ATM,Thomas King,High,Spain
TXN003033,ACCT00212,CUST0130,2025-11-22 00:00:00,825.01,CashDeposit,Charles Wilson,Netherlands,ATM,Lucas Hill,Low,Ireland
TXN003034,ACCT00202,CUST0123,2025-11-22 00:00:00,1205.96,CashDeposit,Wei Miller,United Kingdom,Wire,Robert Anderson,Low,UAE
TXN003035,ACCT00109,CUST0062,2025-11-22 00:00:00,919.99,WireTransfer,Horizon Capital,France,Wire,Ethan King,Low,Germany
TXN003036,ACCT00114,CUST0066,2025-11-22 00:00:00,1310.12,Withdrawal,Richard Scott,Ireland,Branch,Charles Torres,Low,Germany
TXN003037,ACCT00178,CUST0107,2025-11-22 00:00:00,330.8,Deposit,Mateo Sanchez,Australia,Branch,Jessica Martin,Low,Australia
TXN003038,ACCT00308,CUST0188,2025-11-22 00:00:00,1840.3,Deposit,Sunrise Partners,UAE,Wire,Noah Sanchez,Low,Switzerland
TXN003039,ACCT00187,CUST0112,2025-11-22 00:00:00,281.16,CashDeposit,Union Partners,United States,Wire,Joseph White,Low,France
TXN003040,ACCT00123,CUST0073,2025-11-22 00:00:00,1450.36,CashDeposit,Delta Imports,Spain,ATM,Lucas Gonzalez,Low,India
TXN003041,ACCT00296,CUST0178,2025-11-22 00:00:00,797.53,ACH,Linda Scott,Canada,Online,Fatima Scott,Low,Australia
TXN003042,ACCT00038,CUST0021,2025-11-22 00:00:00,50792.39,WireTransfer,Silver Imports,North Korea,Wire,Tatiana Orlova,High,Libya
TXN003043,ACCT00063,CUST0035,2025-11-22 00:00:00,29414.23,CashDeposit,Patricia Miller,Ireland,Branch,Diego Torres,Low,United Kingdom
TXN003044,ACCT00297,CUST0179,2025-11-23 00:00:00,952.7,Withdrawal,Prime Freight,Germany,ATM,Linda Robinson,Medium,Switzerland
TXN003045,ACCT00325,CUST0198,2025-11-23 00:00:00,597.49,Withdrawal,Nova Imports,France,Wire,Patricia Jackson,Low,France
TXN003046,ACCT00041,CUST0023,2025-11-23 00:00:00,1099.29,WireTransfer,Fatima Brown,India,Online,Richard Martin,High,India
TXN003047,ACCT00096,CUST0055,2025-11-23 00:00:00,378.32,CashDeposit,Patricia Wright,Netherlands,Wire,Barbara Clark,Low,United Kingdom
TXN003048,ACCT00184,CUST0110,2025-11-23 00:00:00,189.75,Withdrawal,Silver Logistics,Spain,Branch,Mateo Lopez,Low,Germany
TXN003049,ACCT00064,CUST0035,2025-11-23 00:00:00,265.83,CashDeposit,Diego Miller,Switzerland,ATM,Diego Torres,Low,United Kingdom
TXN003050,ACCT00178,CUST0107,2025-11-23 00:00:00,2544.53,WireTransfer,Delta Ventures,Japan,Wire,Jessica Martin,Low,Australia
TXN003051,ACCT00173,CUST0105,2025-11-23 00:00:00,667.87,Deposit,Sarah Gonzalez,Canada,ATM,Sven Young,Medium,Ireland
TXN003052,ACCT00253,CUST0152,2025-11-23 00:00:00,569.32,ACH,Falcon Holdings,UAE,ATM,Arjun Young,Medium,United States
TXN003053,ACCT00226,CUST0136,2025-11-23 00:00:00,2643.45,Withdrawal,Priya Lopez,Netherlands,Online,James Scott,Low,Japan
TXN003054,ACCT00125,CUST0074,2025-11-23 00:00:00,211.31,WireTransfer,Robert Lee,Switzerland,Branch,James Miller,Low,Germany
TXN003055,ACCT00002,CUST0001,2025-11-23 00:00:00,39761.5,CashDeposit,Atlas Capital,Iran,Branch,Mateo Clark,High,Ireland
TXN003056,ACCT00175,CUST0106,2025-11-23 00:00:00,784.39,WireTransfer,Jessica Martin,Canada,Wire,Emma Lewis,Low,Canada
TXN003057,ACCT00220,CUST0133,2025-11-24 00:00:00,718.73,ACH,Richard Smith,Spain,Online,Wei Clark,Low,Australia
TXN003058,ACCT00253,CUST0152,2025-11-24 00:00:00,2261.33,CashDeposit,Joseph Anderson,Canada,ATM,Arjun Young,Medium,United States
TXN003059,ACCT00072,CUST0039,2025-11-24 00:00:00,1627.7,Withdrawal,Karen Martin,France,ATM,Linda Nguyen,Low,Netherlands
TXN003060,ACCT00153,CUST0092,2025-11-24 00:00:00,998.72,Deposit,Elizabeth Thompson,Japan,Online,Elizabeth Thomas,Medium,India
TXN003061,ACCT00199,CUST0122,2025-11-24 00:00:00,475.74,CashDeposit,Thomas Thompson,Japan,ATM,William Smith,Low,India
TXN003062,ACCT00061,CUST0034,2025-11-24 00:00:00,648.36,WireTransfer,Olga Jones,Switzerland,Wire,William Harris,Low,Japan
TXN003063,ACCT00056,CUST0032,2025-11-24 00:00:00,3774.28,ACH,Crown Group,United States,Wire,Sofia Miller,Medium,Spain
TXN003064,ACCT00115,CUST0067,2025-11-24 00:00:00,332.81,WireTransfer,Metro Logistics,United Kingdom,Branch,Barbara Green,Low,France
TXN003065,ACCT00270,CUST0162,2025-11-24 00:00:00,331.72,Withdrawal,Camila Davis,Germany,Branch,Olga Moore,Low,Ireland
TXN003066,ACCT00200,CUST0122,2025-11-24 00:00:00,417.46,Withdrawal,Delta Enterprises,Germany,Wire,William Smith,Low,India
TXN003067,ACCT00244,CUST0146,2025-11-25 00:00:00,3368.4,Withdrawal,Ava Taylor,France,Branch,Yuki Lee,Medium,UAE
TXN003068,ACCT00047,CUST0028,2025-11-25 00:00:00,442.97,CashDeposit,Arjun Harris,United States,Online,Sven Gonzalez,Low,Canada
TXN003069,ACCT00031,CUST0017,2025-11-25 00:00:00,417.61,CashDeposit,Camila Williams,Venezuela,Wire,Thomas King,High,Spain
TXN003070,ACCT00173,CUST0105,2025-11-25 00:00:00,1139.48,ACH,Thomas Moore,United States,Wire,Sven Young,Medium,Ireland
TXN003071,ACCT00182,CUST0108,2025-11-25 00:00:00,928.65,Deposit,William Thomas,Spain,ATM,Diego Torres,Low,Australia
TXN003072,ACCT00136,CUST0081,2025-11-25 00:00:00,2593.23,Withdrawal,Crown Capital,Singapore,Online,Elizabeth Wilson,Low,Japan
TXN003073,ACCT00302,CUST0184,2025-11-25 00:00:00,748.61,ACH,Prime Partners,Spain,ATM,Jessica Hill,Low,United States
TXN003074,ACCT00254,CUST0153,2025-11-25 00:00:00,790.39,CashDeposit,Charles Martinez,Canada,Wire,Charles Anderson,Low,Ireland
TXN003075,ACCT00064,CUST0035,2025-11-25 00:00:00,260.22,ACH,Mia Taylor,Singapore,Wire,Diego Torres,Low,United Kingdom
TXN003076,ACCT00098,CUST0056,2025-11-25 00:00:00,458.42,Withdrawal,James Sanchez,Ireland,Wire,Sven Thomas,Low,United Kingdom
TXN003077,ACCT00008,CUST0003,2025-11-25 00:00:00,2969.19,Deposit,Patricia Smith,Canada,Branch,Ahmed Miller,High,Ireland
TXN003078,ACCT00237,CUST0142,2025-11-26 00:00:00,1222.24,CashDeposit,Pacific Freight,UAE,ATM,Sofia Martinez,Low,Singapore
TXN003079,ACCT00029,CUST0016,2025-11-26 00:00:00,41578.35,WireTransfer,Mia Hill,Myanmar,Branch,Priya Davis,High,Iran
TXN003080,ACCT00287,CUST0173,2025-11-26 00:00:00,282.45,ACH,Crown Group,Australia,Branch,Karen Clark,Low,United Kingdom
TXN003081,ACCT00143,CUST0085,2025-11-26 00:00:00,573.51,Deposit,James Martinez,UAE,Online,Emma Anderson,Low,Japan
TXN003082,ACCT00214,CUST0130,2025-11-26 00:00:00,1586.29,ACH,Elizabeth Lewis,Australia,Branch,Lucas Hill,Low,Ireland
TXN003083,ACCT00287,CUST0173,2025-11-26 00:00:00,196.9,Deposit,Sofia Brown,Netherlands,Wire,Karen Clark,Low,United Kingdom
TXN003084,ACCT00278,CUST0168,2025-11-26 00:00:00,1914.8,CashDeposit,Liam King,United Kingdom,Branch,Charles Perez,Low,United Kingdom
TXN003085,ACCT00264,CUST0158,2025-11-26 00:00:00,263.86,ACH,Horizon Group,UAE,Online,Thomas Smith,Low,France
TXN003086,ACCT00004,CUST0002,2025-11-27 00:00:00,483.45,Deposit,Robert Lopez,Germany,Branch,William Ramirez,High,Yemen
TXN003087,ACCT00114,CUST0066,2025-11-27 00:00:00,134.03,Deposit,Metro Group,Canada,ATM,Charles Torres,Low,Germany
TXN003088,ACCT00244,CUST0146,2025-11-27 00:00:00,718.48,ACH,Sofia King,Germany,Wire,Yuki Lee,Medium,UAE
TXN003089,ACCT00176,CUST0106,2025-11-27 00:00:00,1135.44,Withdrawal,Atlas Ventures,India,Online,Emma Lewis,Low,Canada
TXN003090,ACCT00293,CUST0177,2025-11-27 00:00:00,1811.0,Deposit,Pacific Group,Spain,ATM,Fatima Wilson,Low,Spain
TXN003091,ACCT00187,CUST0112,2025-11-27 00:00:00,1336.63,WireTransfer,Priya Moore,Spain,ATM,Joseph White,Low,France
TXN003092,ACCT00283,CUST0172,2025-11-27 00:00:00,877.75,Withdrawal,Lucas Wilson,Japan,Wire,Sofia Lee,Low,Germany
TXN003093,ACCT00318,CUST0194,2025-11-27 00:00:00,3400.14,Withdrawal,Metro Partners,Japan,Online,Thomas White,Low,Canada
TXN003094,ACCT00208,CUST0127,2025-11-27 00:00:00,893.93,ACH,Camila Thomas,Switzerland,ATM,Lucas Jackson,Low,Canada
TXN003095,ACCT00310,CUST0189,2025-11-28 00:00:00,501.8,WireTransfer,Pacific Ventures,Ireland,Wire,Jennifer Lee,Low,United Kingdom
TXN003096,ACCT00102,CUST0058,2025-11-28 00:00:00,1114.25,Withdrawal,Diego Martin,France,Branch,Joseph Anderson,Medium,Switzerland
TXN003097,ACCT00264,CUST0158,2025-11-28 00:00:00,463.45,Withdrawal,Nova Holdings,Germany,Branch,Thomas Smith,Low,France
TXN003098,ACCT00200,CUST0122,2025-11-28 00:00:00,53.01,ACH,Robert Sanchez,Netherlands,Wire,William Smith,Low,India
TXN003099,ACCT00032,CUST0018,2025-11-28 00:00:00,123.74,Withdrawal,Sarah Ramirez,Afghanistan,Branch,Amara Solis,High,Syria
TXN003100,ACCT00028,CUST0015,2025-11-28 00:00:00,1784.91,WireTransfer,Silver Exchange,Libya,Wire,Sofia Smith,High,Ireland
TXN003101,ACCT00102,CUST0058,2025-11-28 00:00:00,892.08,Withdrawal,Ava Garcia,Singapore,Wire,Joseph Anderson,Medium,Switzerland
TXN003102,ACCT00226,CUST0136,2025-11-28 00:00:00,228.31,ACH,Sarah Nguyen,Germany,ATM,James Scott,Low,Japan
TXN003103,ACCT00250,CUST0150,2025-11-28 00:00:00,129.98,WireTransfer,Ethan Johnson,Ireland,Branch,Elizabeth Jones,Low,Australia
TXN003104,ACCT00251,CUST0151,2025-11-28 00:00:00,523.14,Deposit,Crown Holdings,France,Wire,Olga Garcia,Medium,Spain
TXN003105,ACCT00274,CUST0164,2025-11-29 00:00:00,352.73,Deposit,Global Partners,UAE,Online,Thomas Rodriguez,Medium,Switzerland
TXN003106,ACCT00241,CUST0144,2025-11-29 00:00:00,820.34,WireTransfer,Arjun Robinson,UAE,Wire,Karen Hill,Low,Switzerland
TXN003107,ACCT00024,CUST0012,2025-11-29 00:00:00,192.19,WireTransfer,Horizon Ventures,France,Online,Mia Sanchez,High,United Kingdom
TXN003108,ACCT00146,CUST0087,2025-11-29 00:00:00,1787.67,Deposit,Chloe Scott,Canada,Wire,Mia Nguyen,Medium,Canada
TXN003109,ACCT00298,CUST0180,2025-11-29 00:00:00,788.27,WireTransfer,Joseph Lee,Netherlands,Online,Patricia Perez,Low,United Kingdom
TXN003110,ACCT00070,CUST0038,2025-11-29 00:00:00,1704.06,Withdrawal,Pacific Freight,Canada,Branch,Barbara Jones,Low,Canada
TXN003111,ACCT00106,CUST0061,2025-11-30 00:00:00,444.23,Deposit,James Robinson,France,Wire,Michael Flores,Low,Australia
TXN003112,ACCT00258,CUST0155,2025-11-30 00:00:00,380.19,Withdrawal,Falcon Exchange,Netherlands,Branch,Wei White,Low,United Kingdom
TXN003113,ACCT00123,CUST0073,2025-11-30 00:00:00,1084.3,ACH,Pacific Trading,UAE,Wire,Lucas Gonzalez,Low,India
TXN003114,ACCT00030,CUST0017,2025-11-30 00:00:00,144.52,Withdrawal,Horizon Ventures,Iran,Online,Thomas King,High,Spain
TXN003115,ACCT00190,CUST0115,2025-11-30 00:00:00,1311.78,WireTransfer,Crown Exchange,UAE,Online,Priya Lopez,Low,India
TXN003116,ACCT00110,CUST0063,2025-11-30 00:00:00,813.35,Deposit,Camila Davis,Spain,Branch,Diego Smith,Low,Ireland
TXN003117,ACCT00112,CUST0065,2025-11-30 00:00:00,389.18,WireTransfer,Elizabeth Martinez,Netherlands,ATM,Karen King,Low,Switzerland
TXN003118,ACCT00032,CUST0018,2025-11-30 00:00:00,92226.41,WireTransfer,Nova Exchange,Yemen,Wire,Amara Solis,High,Syria
TXN003119,ACCT00109,CUST0062,2025-12-01 00:00:00,1804.99,Withdrawal,Noah Moore,United States,Branch,Ethan King,Low,Germany
TXN003120,ACCT00223,CUST0134,2025-12-01 00:00:00,621.24,Withdrawal,Joseph Perez,United States,Wire,Sven Young,Low,Spain
TXN003121,ACCT00010,CUST0004,2025-12-01 00:00:00,826.22,Deposit,Patricia Smith,Venezuela,Branch,Yuki Scott,High,Afghanistan
TXN003122,ACCT00206,CUST0126,2025-12-01 00:00:00,1077.14,WireTransfer,Summit Exchange,UAE,Wire,Elizabeth Jones,Low,United Kingdom
TXN003123,ACCT00178,CUST0107,2025-12-01 00:00:00,64.67,Deposit,Lucas Taylor,Canada,Wire,Jessica Martin,Low,Australia
TXN003124,ACCT00267,CUST0159,2025-12-01 00:00:00,106.52,CashDeposit,Richard Smith,United States,Online,Camila Thompson,Medium,France
TXN003125,ACCT00082,CUST0044,2025-12-01 00:00:00,1161.9,Deposit,Elizabeth Perez,Switzerland,Branch,Jessica White,Low,United Kingdom
TXN003126,ACCT00065,CUST0036,2025-12-01 00:00:00,1817.36,CashDeposit,Ahmed Brown,Switzerland,Branch,Mia Scott,Medium,UAE
TXN003127,ACCT00050,CUST0029,2025-12-01 00:00:00,484.88,Withdrawal,Anchor Partners,Japan,ATM,Sven Robinson,Low,Switzerland
TXN003128,ACCT00300,CUST0182,2025-12-02 00:00:00,1153.77,Deposit,Pacific Traders,France,Branch,Elizabeth Flores,Medium,United Kingdom
TXN003129,ACCT00023,CUST0011,2025-12-02 00:00:00,259.72,Withdrawal,Olga Young,Yemen,Online,Thomas Rodriguez,High,UAE
TXN003130,ACCT00167,CUST0100,2025-12-02 00:00:00,935.04,Deposit,William Scott,Australia,Online,Mateo Walker,Low,Netherlands
TXN003131,ACCT00174,CUST0105,2025-12-02 00:00:00,3824.66,CashDeposit,Arjun Hernandez,Australia,Branch,Sven Young,Medium,Ireland
TXN003132,ACCT00056,CUST0032,2025-12-02 00:00:00,333.89,CashDeposit,Patricia Lopez,UAE,ATM,Sofia Miller,Medium,Spain
TXN003133,ACCT00064,CUST0035,2025-12-02 00:00:00,877.05,ACH,Patricia White,India,Branch,Diego Torres,Low,United Kingdom
TXN003134,ACCT00265,CUST0159,2025-12-02 00:00:00,402.71,CashDeposit,Arjun Lopez,Spain,Online,Camila Thompson,Medium,France
TXN003135,ACCT00163,CUST0098,2025-12-02 00:00:00,1919.72,Deposit,Barbara King,Canada,Online,Sven Young,Medium,Switzerland
TXN003136,ACCT00275,CUST0165,2025-12-02 00:00:00,1455.16,CashDeposit,Metro Partners,Ireland,ATM,Camila Williams,Medium,Australia
TXN003137,ACCT00026,CUST0013,2025-12-02 00:00:00,3198.68,ACH,Arjun Moore,Venezuela,Online,Jennifer Brown,High,Ireland
TXN003138,ACCT00326,CUST0199,2025-12-02 00:00:00,1100.21,Withdrawal,Joseph Martin,India,Online,Susan Martinez,Low,Australia
TXN003139,ACCT00024,CUST0012,2025-12-02 00:00:00,2479.39,Deposit,Falcon Imports,Libya,Branch,Mia Sanchez,High,United Kingdom
TXN003140,ACCT00240,CUST0144,2025-12-03 00:00:00,2701.14,WireTransfer,Union Imports,Japan,ATM,Karen Hill,Low,Switzerland
TXN003141,ACCT00265,CUST0159,2025-12-03 00:00:00,355.2,CashDeposit,Global Group,UAE,Online,Camila Thompson,Medium,France
TXN003142,ACCT00207,CUST0126,2025-12-03 00:00:00,3174.45,ACH,Jessica Flores,Spain,Branch,Elizabeth Jones,Low,United Kingdom
TXN003143,ACCT00299,CUST0181,2025-12-03 00:00:00,753.01,CashDeposit,Falcon Capital,United Kingdom,Online,Sofia Wilson,Low,Germany
TXN003144,ACCT00299,CUST0181,2025-12-03 00:00:00,210.57,ACH,Thomas Jackson,France,Online,Sofia Wilson,Low,Germany
TXN003145,ACCT00029,CUST0016,2025-12-03 00:00:00,140.06,Withdrawal,Joseph Nguyen,Iran,ATM,Priya Davis,High,Iran
TXN003146,ACCT00033,CUST0018,2025-12-03 00:00:00,228.02,CashDeposit,Silver Traders,Libya,Online,Amara Solis,High,Syria
TXN003147,ACCT00064,CUST0035,2025-12-03 00:00:00,1149.65,Withdrawal,Sven Miller,Singapore,Online,Diego Torres,Low,United Kingdom
TXN003148,ACCT00164,CUST0098,2025-12-03 00:00:00,145.13,Withdrawal,Jennifer Jones,Ireland,Wire,Sven Young,Medium,Switzerland
TXN003149,ACCT00311,CUST0190,2025-12-04 00:00:00,583.63,Withdrawal,Delta Enterprises,Spain,Branch,Mia Torres,Medium,Singapore
TXN003150,ACCT00224,CUST0135,2025-12-04 00:00:00,1003.01,CashDeposit,Prime Freight,Singapore,ATM,Yuki Garcia,Low,France
TXN003151,ACCT00175,CUST0106,2025-12-04 00:00:00,1818.08,CashDeposit,Wei Smith,Australia,Branch,Emma Lewis,Low,Canada
TXN003152,ACCT00129,CUST0076,2025-12-04 00:00:00,846.34,CashDeposit,Arjun Wright,United Kingdom,Wire,Yuki Wright,Medium,Netherlands
TXN003153,ACCT00293,CUST0177,2025-12-04 00:00:00,3343.52,Withdrawal,Crown Traders,United Kingdom,Online,Fatima Wilson,Low,Spain
TXN003154,ACCT00037,CUST0020,2025-12-04 00:00:00,42175.86,CashDeposit,Karen Green,Venezuela,Branch,Viktor Kessler,High,Canada
TXN003155,ACCT00115,CUST0067,2025-12-04 00:00:00,177.68,WireTransfer,Olga Scott,Germany,ATM,Barbara Green,Low,France
TXN003156,ACCT00070,CUST0038,2025-12-04 00:00:00,1152.92,Withdrawal,Anchor Traders,Spain,Online,Barbara Jones,Low,Canada
TXN003157,ACCT00064,CUST0035,2025-12-04 00:00:00,81.38,CashDeposit,Emma Torres,Germany,Wire,Diego Torres,Low,United Kingdom
TXN003158,ACCT00157,CUST0095,2025-12-04 00:00:00,1056.37,WireTransfer,Noah Harris,Canada,Wire,Ahmed Sanchez,Medium,Canada
TXN003159,ACCT00297,CUST0179,2025-12-04 00:00:00,1822.57,Deposit,Sarah Jones,Canada,ATM,Linda Robinson,Medium,Switzerland
TXN003160,ACCT00162,CUST0097,2025-12-04 00:00:00,699.09,WireTransfer,Arjun Taylor,Canada,Branch,Mateo Ramirez,Low,Canada
TXN003161,ACCT00097,CUST0055,2025-12-04 00:00:00,422.75,CashDeposit,Emma Johnson,Switzerland,Online,Barbara Clark,Low,United Kingdom
TXN003162,ACCT00258,CUST0155,2025-12-04 00:00:00,2226.86,WireTransfer,Camila Miller,Ireland,Branch,Wei White,Low,United Kingdom
TXN003163,ACCT00250,CUST0150,2025-12-05 00:00:00,665.06,Deposit,Lucas Harris,France,ATM,Elizabeth Jones,Low,Australia
TXN003164,ACCT00278,CUST0168,2025-12-05 00:00:00,1591.13,WireTransfer,Mia Ramirez,Ireland,Wire,Charles Perez,Low,United Kingdom
TXN003165,ACCT00301,CUST0183,2025-12-05 00:00:00,325.36,Withdrawal,Patricia Lewis,United States,ATM,Thomas Lopez,Low,United Kingdom
TXN003166,ACCT00230,CUST0137,2025-12-05 00:00:00,938.57,ACH,Nova Imports,United Kingdom,ATM,Chloe Young,Medium,India
TXN003167,ACCT00199,CUST0122,2025-12-05 00:00:00,2277.59,ACH,Delta Partners,Spain,ATM,William Smith,Low,India
TXN003168,ACCT00033,CUST0018,2025-12-05 00:00:00,232.55,WireTransfer,Charles Taylor,Switzerland,Online,Amara Solis,High,Syria
TXN003169,ACCT00093,CUST0053,2025-12-05 00:00:00,372.22,CashDeposit,Charles Young,Ireland,Wire,Robert Thompson,Low,Switzerland
TXN003170,ACCT00248,CUST0148,2025-12-05 00:00:00,492.52,CashDeposit,Chloe Lewis,India,Online,Elizabeth Young,Low,United Kingdom
TXN003171,ACCT00222,CUST0134,2025-12-05 00:00:00,757.1,ACH,Priya Harris,UAE,Branch,Sven Young,Low,Spain
TXN003172,ACCT00296,CUST0178,2025-12-06 00:00:00,1284.84,ACH,Noah White,Netherlands,Online,Fatima Scott,Low,Australia
TXN003173,ACCT00153,CUST0092,2025-12-06 00:00:00,2190.66,ACH,Wei Martin,Australia,ATM,Elizabeth Thomas,Medium,India
TXN003174,ACCT00240,CUST0144,2025-12-06 00:00:00,456.92,Deposit,Crown Group,Netherlands,Wire,Karen Hill,Low,Switzerland
TXN003175,ACCT00097,CUST0055,2025-12-06 00:00:00,588.9,Deposit,Karen White,France,Online,Barbara Clark,Low,United Kingdom
TXN003176,ACCT00018,CUST0009,2025-12-06 00:00:00,18773.12,CashDeposit,William King,Afghanistan,Branch,Patricia Anderson,High,North Korea
TXN003177,ACCT00220,CUST0133,2025-12-07 00:00:00,714.82,Withdrawal,Priya Young,Switzerland,Online,Wei Clark,Low,Australia
TXN003178,ACCT00310,CUST0189,2025-12-07 00:00:00,123.77,WireTransfer,Liam Walker,India,Wire,Jennifer Lee,Low,United Kingdom
TXN003179,ACCT00107,CUST0061,2025-12-07 00:00:00,495.02,CashDeposit,Union Capital,Japan,Wire,Michael Flores,Low,Australia
TXN003180,ACCT00212,CUST0130,2025-12-07 00:00:00,392.98,Deposit,Richard Garcia,United States,Branch,Lucas Hill,Low,Ireland
TXN003181,ACCT00208,CUST0127,2025-12-07 00:00:00,287.94,ACH,Jessica Wilson,UAE,Online,Lucas Jackson,Low,Canada
TXN003182,ACCT00172,CUST0104,2025-12-07 00:00:00,884.36,ACH,Linda Thomas,France,ATM,Sarah Torres,Low,Canada
TXN003183,ACCT00062,CUST0034,2025-12-07 00:00:00,1863.63,Withdrawal,Karen Lee,Japan,Wire,William Harris,Low,Japan
TXN003184,ACCT00088,CUST0048,2025-12-08 00:00:00,160.48,WireTransfer,Diego White,United Kingdom,Wire,Thomas King,Low,Spain
TXN003185,ACCT00217,CUST0132,2025-12-08 00:00:00,2259.92,Withdrawal,Global Trading,Netherlands,Branch,Mia Ramirez,Medium,Spain
TXN003186,ACCT00017,CUST0008,2025-12-08 00:00:00,28892.72,WireTransfer,Liam Perez,Venezuela,Branch,Mateo Thomas,High,Myanmar
TXN003187,ACCT00292,CUST0176,2025-12-08 00:00:00,1801.04,Deposit,Atlas Ventures,Singapore,ATM,Michael Young,Low,France
TXN003188,ACCT00294,CUST0177,2025-12-08 00:00:00,606.77,ACH,Olga Walker,Singapore,ATM,Fatima Wilson,Low,Spain
TXN003189,ACCT00292,CUST0176,2025-12-09 00:00:00,778.81,CashDeposit,Delta Ventures,Japan,Wire,Michael Young,Low,France
TXN003190,ACCT00299,CUST0181,2025-12-09 00:00:00,972.19,CashDeposit,Prime Trading,Canada,ATM,Sofia Wilson,Low,Germany
TXN003191,ACCT00251,CUST0151,2025-12-09 00:00:00,349.96,WireTransfer,Atlas Exchange,France,Wire,Olga Garcia,Medium,Spain
TXN003192,ACCT00250,CUST0150,2025-12-09 00:00:00,265.89,CashDeposit,John Martinez,France,Wire,Elizabeth Jones,Low,Australia
TXN003193,ACCT00302,CUST0184,2025-12-09 00:00:00,4204.45,Deposit,Summit Enterprises,Spain,Wire,Jessica Hill,Low,United States
TXN003194,ACCT00210,CUST0129,2025-12-09 00:00:00,351.67,Withdrawal,Jennifer Thompson,France,ATM,Robert Ramirez,Medium,Netherlands
TXN003195,ACCT00245,CUST0146,2025-12-09 00:00:00,299.52,CashDeposit,Ava Smith,Switzerland,Online,Yuki Lee,Medium,UAE
TXN003196,ACCT00296,CUST0178,2025-12-10 00:00:00,1552.98,CashDeposit,Barbara Lopez,UAE,Online,Fatima Scott,Low,Australia
TXN003197,ACCT00216,CUST0131,2025-12-10 00:00:00,1689.51,CashDeposit,Global Exchange,Germany,Wire,Robert Lopez,Low,Singapore
TXN003198,ACCT00297,CUST0179,2025-12-10 00:00:00,128.3,Deposit,Mia Lee,Netherlands,Wire,Linda Robinson,Medium,Switzerland
TXN003199,ACCT00272,CUST0163,2025-12-10 00:00:00,172.5,ACH,Horizon Imports,France,Branch,Emma Jackson,Low,Germany
TXN003200,ACCT00259,CUST0156,2025-12-11 00:00:00,759.21,Deposit,Barbara Perez,France,Online,Barbara Hernandez,Low,Canada
TXN003201,ACCT00072,CUST0039,2025-12-11 00:00:00,339.17,ACH,Sunrise Enterprises,Ireland,Wire,Linda Nguyen,Low,Netherlands
TXN003202,ACCT00187,CUST0112,2025-12-11 00:00:00,894.78,WireTransfer,Mateo Lopez,Spain,Branch,Joseph White,Low,France
TXN003203,ACCT00104,CUST0060,2025-12-11 00:00:00,410.45,WireTransfer,William Green,Ireland,Wire,Mary Davis,Medium,United Kingdom
TXN003204,ACCT00005,CUST0002,2025-12-11 00:00:00,1174.9,WireTransfer,Mia Jones,Iran,Branch,William Ramirez,High,Yemen
TXN003205,ACCT00045,CUST0027,2025-12-11 00:00:00,2966.49,Withdrawal,Arjun Davis,Singapore,Online,David Nguyen,Low,India
TXN003206,ACCT00092,CUST0052,2025-12-11 00:00:00,8970.38,Deposit,Jennifer Davis,India,Wire,Sofia Martinez,Low,United Kingdom
TXN003207,ACCT00099,CUST0057,2025-12-11 00:00:00,135.0,ACH,Richard Moore,Germany,Branch,Robert Walker,Low,India
TXN003208,ACCT00091,CUST0051,2025-12-11 00:00:00,346.76,Deposit,Ahmed Ramirez,Spain,Online,Linda Jones,Low,Singapore
TXN003209,ACCT00007,CUST0003,2025-12-11 00:00:00,412.54,WireTransfer,Ava Anderson,Syria,Online,Ahmed Miller,High,Ireland
TXN003210,ACCT00102,CUST0058,2025-12-11 00:00:00,2097.79,Deposit,Union Holdings,Singapore,Wire,Joseph Anderson,Medium,Switzerland
TXN003211,ACCT00071,CUST0038,2025-12-11 00:00:00,2602.27,WireTransfer,Fatima Williams,India,Online,Barbara Jones,Low,Canada
TXN003212,ACCT00231,CUST0138,2025-12-11 00:00:00,554.23,ACH,Priya Green,Canada,Branch,Sofia Rodriguez,Medium,India
TXN003213,ACCT00298,CUST0180,2025-12-12 00:00:00,460.78,Withdrawal,Prime Capital,France,Wire,Patricia Perez,Low,United Kingdom
TXN003214,ACCT00046,CUST0027,2025-12-12 00:00:00,792.78,CashDeposit,Ahmed Thomas,UAE,Online,David Nguyen,Low,India
TXN003215,ACCT00118,CUST0070,2025-12-12 00:00:00,136.84,CashDeposit,Ava Miller,India,Online,Jennifer Jackson,Low,Switzerland
TXN003216,ACCT00080,CUST0043,2025-12-12 00:00:00,497.56,Withdrawal,Barbara Lee,Singapore,Online,John Scott,Low,Singapore
TXN003217,ACCT00051,CUST0030,2025-12-12 00:00:00,965.0,ACH,Sven Johnson,Germany,Wire,Olga Perez,Low,Germany
TXN003218,ACCT00167,CUST0100,2025-12-12 00:00:00,216.47,WireTransfer,Diego Sanchez,Japan,Wire,Mateo Walker,Low,Netherlands
TXN003219,ACCT00008,CUST0003,2025-12-12 00:00:00,215.83,ACH,Jessica Gonzalez,North Korea,Online,Ahmed Miller,High,Ireland
TXN003220,ACCT00212,CUST0130,2025-12-12 00:00:00,3731.99,ACH,Arjun Hill,UAE,Branch,Lucas Hill,Low,Ireland
TXN003221,ACCT00104,CUST0060,2025-12-13 00:00:00,918.81,Withdrawal,Liam Williams,Spain,Online,Mary Davis,Medium,United Kingdom
TXN003222,ACCT00188,CUST0113,2025-12-13 00:00:00,1108.53,WireTransfer,Mary Rodriguez,Netherlands,ATM,Sarah Williams,Medium,Singapore
TXN003223,ACCT00320,CUST0195,2025-12-13 00:00:00,79.54,Withdrawal,Wei Hill,Australia,ATM,Jennifer Garcia,Low,Canada
TXN003224,ACCT00038,CUST0021,2025-12-13 00:00:00,289.35,Deposit,Michael Harris,Yemen,Online,Tatiana Orlova,High,Libya
TXN003225,ACCT00118,CUST0070,2025-12-13 00:00:00,1106.24,WireTransfer,Susan Williams,India,Online,Jennifer Jackson,Low,Switzerland
TXN003226,ACCT00225,CUST0136,2025-12-13 00:00:00,995.56,ACH,Richard Green,France,ATM,James Scott,Low,Japan
TXN003227,ACCT00279,CUST0169,2025-12-13 00:00:00,880.96,Deposit,Anchor Trading,United States,Branch,Olga Torres,Low,Canada
TXN003228,ACCT00039,CUST0021,2025-12-13 00:00:00,167.45,WireTransfer,Robert Smith,Canada,Wire,Tatiana Orlova,High,Libya
TXN003229,ACCT00125,CUST0074,2025-12-14 00:00:00,668.81,ACH,Chloe Garcia,Netherlands,Online,James Miller,Low,Germany
TXN003230,ACCT00187,CUST0112,2025-12-14 00:00:00,427.07,CashDeposit,Barbara Young,Switzerland,ATM,Joseph White,Low,France
TXN003231,ACCT00060,CUST0033,2025-12-14 00:00:00,863.22,CashDeposit,Mateo Lopez,Netherlands,Online,Jessica Hernandez,Low,India
TXN003232,ACCT00023,CUST0011,2025-12-14 00:00:00,1500.97,Deposit,Patricia Moore,Ireland,Online,Thomas Rodriguez,High,UAE
TXN003233,ACCT00235,CUST0141,2025-12-14 00:00:00,1280.54,WireTransfer,Silver Capital,United States,Branch,Charles King,Medium,India
TXN003234,ACCT00309,CUST0188,2025-12-14 00:00:00,575.22,WireTransfer,Michael Hill,Ireland,Wire,Noah Sanchez,Low,Switzerland
TXN003235,ACCT00014,CUST0007,2025-12-14 00:00:00,219.97,CashDeposit,Charles Clark,Iran,Online,Wei Wilson,High,Netherlands
TXN003236,ACCT00162,CUST0097,2025-12-14 00:00:00,465.43,WireTransfer,Lucas Wright,Japan,Wire,Mateo Ramirez,Low,Canada
TXN003237,ACCT00133,CUST0078,2025-12-14 00:00:00,652.81,Withdrawal,Silver Ventures,France,Branch,Thomas Thomas,Medium,France
TXN003238,ACCT00083,CUST0045,2025-12-14 00:00:00,1211.88,ACH,Lucas Scott,Canada,ATM,Karen Green,Low,United States
TXN003239,ACCT00082,CUST0044,2025-12-14 00:00:00,709.44,CashDeposit,John Williams,UAE,Online,Jessica White,Low,United Kingdom
TXN003240,ACCT00256,CUST0155,2025-12-14 00:00:00,1633.77,Deposit,Union Holdings,Netherlands,Branch,Wei White,Low,United Kingdom
TXN003241,ACCT00005,CUST0002,2025-12-15 00:00:00,1514.9,CashDeposit,Falcon Holdings,Yemen,Branch,William Ramirez,High,Yemen
TXN003242,ACCT00244,CUST0146,2025-12-15 00:00:00,482.17,WireTransfer,Crown Logistics,Switzerland,Wire,Yuki Lee,Medium,UAE
TXN003243,ACCT00077,CUST0041,2025-12-15 00:00:00,1162.5,WireTransfer,Karen Ramirez,Netherlands,ATM,Arjun Thomas,Low,Japan
TXN003244,ACCT00311,CUST0190,2025-12-15 00:00:00,309.26,WireTransfer,Michael Sanchez,UAE,Online,Mia Torres,Medium,Singapore
TXN003245,ACCT00220,CUST0133,2025-12-15 00:00:00,214.82,Withdrawal,Elizabeth Flores,Australia,Branch,Wei Clark,Low,Australia
TXN003246,ACCT00175,CUST0106,2025-12-15 00:00:00,242.79,Withdrawal,Delta Ventures,France,Online,Emma Lewis,Low,Canada
TXN003247,ACCT00163,CUST0098,2025-12-15 00:00:00,863.72,ACH,Charles Martinez,Switzerland,Branch,Sven Young,Medium,Switzerland
TXN003248,ACCT00155,CUST0094,2025-12-15 00:00:00,1193.22,Withdrawal,William Martin,Netherlands,ATM,William Martin,Medium,Netherlands
TXN003249,ACCT00245,CUST0146,2025-12-15 00:00:00,743.43,CashDeposit,Delta Imports,UAE,Wire,Yuki Lee,Medium,UAE
TXN003250,ACCT00278,CUST0168,2025-12-15 00:00:00,927.61,Withdrawal,Anchor Holdings,Japan,ATM,Charles Perez,Low,United Kingdom
TXN003251,ACCT00003,CUST0002,2025-12-16 00:00:00,55385.8,WireTransfer,Sofia Torres,Venezuela,Wire,William Ramirez,High,Yemen
TXN003252,ACCT00264,CUST0158,2025-12-16 00:00:00,397.34,Deposit,Metro Group,France,ATM,Thomas Smith,Low,France
TXN003253,ACCT00208,CUST0127,2025-12-16 00:00:00,145.96,ACH,Yuki Walker,Australia,ATM,Lucas Jackson,Low,Canada
TXN003254,ACCT00223,CUST0134,2025-12-16 00:00:00,283.9,CashDeposit,Linda Miller,Germany,Wire,Sven Young,Low,Spain
TXN003255,ACCT00212,CUST0130,2025-12-16 00:00:00,9000.0,WireTransfer,Global Holdings,Ireland,ATM,Lucas Hill,Low,Ireland
TXN003256,ACCT00202,CUST0123,2025-12-16 00:00:00,380.92,Withdrawal,Pacific Traders,Netherlands,ATM,Robert Anderson,Low,UAE
TXN003257,ACCT00285,CUST0173,2025-12-16 00:00:00,610.29,ACH,William Johnson,Switzerland,Branch,Karen Clark,Low,United Kingdom
TXN003258,ACCT00285,CUST0173,2025-12-16 00:00:00,479.77,Withdrawal,Barbara Lewis,Canada,Branch,Karen Clark,Low,United Kingdom
TXN003259,ACCT00045,CUST0027,2025-12-16 00:00:00,1139.13,WireTransfer,Anchor Ventures,Spain,Online,David Nguyen,Low,India
TXN003260,ACCT00277,CUST0167,2025-12-16 00:00:00,611.72,CashDeposit,Olga Wilson,India,Branch,Ava King,Low,Spain
TXN003261,ACCT00003,CUST0002,2025-12-16 20:00:00,54209.58,WireTransfer,Jessica Gonzalez,Germany,Wire,William Ramirez,High,Yemen
TXN003262,ACCT00130,CUST0077,2025-12-17 00:00:00,858.57,CashDeposit,Jennifer White,Canada,Wire,Liam Ramirez,Medium,UAE
TXN003263,ACCT00138,CUST0082,2025-12-17 00:00:00,665.28,ACH,Prime Imports,India,Branch,Sven Brown,Low,Spain
TXN003264,ACCT00313,CUST0191,2025-12-17 00:00:00,1776.36,WireTransfer,Mateo Flores,Canada,Online,Liam Flores,Low,Canada
TXN003265,ACCT00054,CUST0031,2025-12-17 00:00:00,519.48,ACH,Pacific Partners,Netherlands,Online,David Ramirez,Low,France
TXN003266,ACCT00213,CUST0130,2025-12-17 00:00:00,1419.3,CashDeposit,Sunrise Group,Netherlands,Wire,Lucas Hill,Low,Ireland
TXN003267,ACCT00204,CUST0124,2025-12-17 00:00:00,112.59,Deposit,Karen Hill,Germany,Branch,Joseph Taylor,Low,Netherlands
TXN003268,ACCT00072,CUST0039,2025-12-17 00:00:00,5682.51,WireTransfer,Sarah Johnson,Canada,ATM,Linda Nguyen,Low,Netherlands
TXN003269,ACCT00206,CUST0126,2025-12-17 00:00:00,591.84,ACH,Robert Wilson,Singapore,Online,Elizabeth Jones,Low,United Kingdom
TXN003270,ACCT00098,CUST0056,2025-12-17 00:00:00,238.84,Deposit,James Sanchez,Spain,Online,Sven Thomas,Low,United Kingdom
TXN003271,ACCT00290,CUST0175,2025-12-17 00:00:00,158.67,Deposit,Crown Freight,Netherlands,Online,Fatima Scott,Medium,Netherlands
TXN003272,ACCT00102,CUST0058,2025-12-17 00:00:00,139.41,CashDeposit,Fatima King,Australia,Online,Joseph Anderson,Medium,Switzerland
TXN003273,ACCT00011,CUST0005,2025-12-17 00:00:00,4388.87,WireTransfer,Atlas Partners,Yemen,Branch,Fatima Nguyen,High,Myanmar
TXN003274,ACCT00130,CUST0077,2025-12-18 00:00:00,845.96,CashDeposit,Union Partners,Switzerland,Online,Liam Ramirez,Medium,UAE
TXN003275,ACCT00288,CUST0174,2025-12-18 00:00:00,205.17,WireTransfer,Prime Group,Japan,Branch,Emma Davis,Low,United Kingdom
TXN003276,ACCT00054,CUST0031,2025-12-18 00:00:00,819.24,WireTransfer,Joseph Harris,Netherlands,Wire,David Ramirez,Low,France
TXN003277,ACCT00252,CUST0151,2025-12-18 00:00:00,1535.07,Deposit,Atlas Imports,Germany,ATM,Olga Garcia,Medium,Spain
TXN003278,ACCT00027,CUST0014,2025-12-18 00:00:00,115.17,WireTransfer,Delta Imports,Yemen,Branch,Ethan Jones,High,India
TXN003279,ACCT00148,CUST0089,2025-12-18 00:00:00,12634.94,CashDeposit,Barbara Robinson,Yemen,Branch,Priya Harris,Low,Japan
TXN003280,ACCT00287,CUST0173,2025-12-18 00:00:00,165.91,CashDeposit,Union Holdings,United Kingdom,ATM,Karen Clark,Low,United Kingdom
TXN003281,ACCT00099,CUST0057,2025-12-18 00:00:00,647.09,Withdrawal,Ethan Taylor,UAE,Wire,Robert Walker,Low,India
TXN003282,ACCT00060,CUST0033,2025-12-18 00:00:00,1277.07,Withdrawal,Atlas Group,UAE,Branch,Jessica Hernandez,Low,India
TXN003283,ACCT00275,CUST0165,2025-12-18 00:00:00,554.15,ACH,Ahmed Williams,Germany,ATM,Camila Williams,Medium,Australia
TXN003284,ACCT00020,CUST0010,2025-12-18 00:00:00,22392.12,WireTransfer,Karen Nguyen,Australia,Branch,Arjun Wilson,High,Switzerland
TXN003285,ACCT00265,CUST0159,2025-12-18 00:00:00,700.08,Withdrawal,Susan Nguyen,India,Online,Camila Thompson,Medium,France
TXN003286,ACCT00258,CUST0155,2025-12-18 00:00:00,2082.79,WireTransfer,Prime Group,Netherlands,Wire,Wei White,Low,United Kingdom
TXN003287,ACCT00061,CUST0034,2025-12-19 00:00:00,634.65,ACH,Union Ventures,France,Wire,William Harris,Low,Japan
TXN003288,ACCT00039,CUST0021,2025-12-19 00:00:00,8324.29,CashDeposit,Ahmed Martinez,Myanmar,Branch,Tatiana Orlova,High,Libya
TXN003289,ACCT00302,CUST0184,2025-12-19 00:00:00,395.1,WireTransfer,Charles Taylor,Japan,Wire,Jessica Hill,Low,United States
TXN003290,ACCT00055,CUST0031,2025-12-19 00:00:00,1676.79,WireTransfer,Union Freight,Australia,Wire,David Ramirez,Low,France
TXN003291,ACCT00312,CUST0190,2025-12-19 00:00:00,256.91,Withdrawal,Ethan Lopez,Spain,Online,Mia Torres,Medium,Singapore
TXN003292,ACCT00302,CUST0184,2025-12-19 00:00:00,3585.24,CashDeposit,Chloe Brown,Ireland,Wire,Jessica Hill,Low,United States
TXN003293,ACCT00325,CUST0198,2025-12-19 00:00:00,652.05,WireTransfer,Nova Capital,India,Online,Patricia Jackson,Low,France
TXN003294,ACCT00237,CUST0142,2025-12-19 00:00:00,62.16,WireTransfer,Sven Davis,UAE,Online,Sofia Martinez,Low,Singapore
TXN003295,ACCT00318,CUST0194,2025-12-19 00:00:00,311.96,ACH,Elizabeth Scott,United States,Online,Thomas White,Low,Canada
TXN003296,ACCT00150,CUST0090,2025-12-19 00:00:00,5035.71,ACH,Delta Capital,United Kingdom,Online,Jennifer Walker,Low,UAE
TXN003297,ACCT00222,CUST0134,2025-12-19 00:00:00,161.35,CashDeposit,Mary Harris,Switzerland,ATM,Sven Young,Low,Spain
TXN003298,ACCT00245,CUST0146,2025-12-20 00:00:00,4680.41,Deposit,Karen Sanchez,Spain,ATM,Yuki Lee,Medium,UAE
TXN003299,ACCT00079,CUST0042,2025-12-20 00:00:00,985.67,Deposit,Sarah Robinson,UAE,Online,Arjun Jones,Low,India
TXN003300,ACCT00245,CUST0146,2025-12-20 00:00:00,4454.01,Deposit,Joseph Clark,Netherlands,Branch,Yuki Lee,Medium,UAE
TXN003301,ACCT00315,CUST0191,2025-12-20 00:00:00,541.73,CashDeposit,Michael King,Spain,ATM,Liam Flores,Low,Canada
TXN003302,ACCT00095,CUST0054,2025-12-20 00:00:00,458.14,Withdrawal,Priya Hernandez,India,ATM,Sofia Clark,Low,UAE
TXN003303,ACCT00254,CUST0153,2025-12-20 00:00:00,3240.48,Deposit,Lucas Hill,Singapore,Branch,Charles Anderson,Low,Ireland
TXN003304,ACCT00039,CUST0021,2025-12-20 00:00:00,4002.03,ACH,Sunrise Traders,Ireland,Wire,Tatiana Orlova,High,Libya
TXN003305,ACCT00085,CUST0047,2025-12-20 00:00:00,426.97,WireTransfer,Sarah Green,France,Branch,Sarah Jackson,Low,Germany
TXN003306,ACCT00209,CUST0128,2025-12-20 00:00:00,1314.69,Withdrawal,Camila Miller,Switzerland,Branch,Olga Moore,Low,Singapore
TXN003307,ACCT00220,CUST0133,2025-12-21 00:00:00,3030.23,ACH,Linda King,Spain,Branch,Wei Clark,Low,Australia
TXN003308,ACCT00138,CUST0082,2025-12-21 00:00:00,774.61,WireTransfer,Michael Scott,United States,Branch,Sven Brown,Low,Spain
TXN003309,ACCT00113,CUST0066,2025-12-21 00:00:00,469.04,WireTransfer,Horizon Logistics,Netherlands,ATM,Charles Torres,Low,Germany
TXN003310,ACCT00240,CUST0144,2025-12-21 00:00:00,456.37,CashDeposit,Linda Smith,Canada,Branch,Karen Hill,Low,Switzerland
TXN003311,ACCT00295,CUST0178,2025-12-21 00:00:00,35656.04,CashDeposit,Horizon Ventures,Libya,Branch,Fatima Scott,Low,Australia
TXN003312,ACCT00279,CUST0169,2025-12-21 00:00:00,393.64,CashDeposit,Linda Williams,India,Wire,Olga Torres,Low,Canada
TXN003313,ACCT00307,CUST0187,2025-12-21 00:00:00,1422.71,WireTransfer,Mary Martinez,Switzerland,ATM,Robert Wright,Low,India
TXN003314,ACCT00263,CUST0158,2025-12-21 00:00:00,2108.2,ACH,Summit Trading,United States,ATM,Thomas Smith,Low,France
TXN003315,ACCT00114,CUST0066,2025-12-22 00:00:00,579.72,ACH,Union Freight,India,Wire,Charles Torres,Low,Germany
TXN003316,ACCT00184,CUST0110,2025-12-22 00:00:00,334.05,Withdrawal,Union Ventures,Netherlands,Online,Mateo Lopez,Low,Germany
TXN003317,ACCT00059,CUST0033,2025-12-22 00:00:00,749.97,ACH,Jessica Perez,Netherlands,Wire,Jessica Hernandez,Low,India
TXN003318,ACCT00261,CUST0157,2025-12-22 00:00:00,5182.13,Withdrawal,Fatima Miller,Singapore,ATM,Jessica Young,Low,United Kingdom
TXN003319,ACCT00038,CUST0021,2025-12-22 00:00:00,4007.32,Deposit,Sarah Green,North Korea,ATM,Tatiana Orlova,High,Libya
TXN003320,ACCT00061,CUST0034,2025-12-22 00:00:00,1801.31,WireTransfer,Sarah Clark,Switzerland,ATM,William Harris,Low,Japan
TXN003321,ACCT00172,CUST0104,2025-12-22 00:00:00,1262.93,WireTransfer,Wei Lopez,Singapore,Branch,Sarah Torres,Low,Canada
TXN003322,ACCT00027,CUST0014,2025-12-22 00:00:00,811.24,Deposit,Karen Miller,Venezuela,ATM,Ethan Jones,High,India
TXN003323,ACCT00035,CUST0019,2025-12-22 00:00:00,5000.0,CashDeposit,Elizabeth Robinson,Iran,Branch,Ava Smith,High,North Korea
TXN003324,ACCT00109,CUST0062,2025-12-23 00:00:00,417.96,ACH,Nova Freight,Singapore,Wire,Ethan King,Low,Germany
TXN003325,ACCT00289,CUST0174,2025-12-23 00:00:00,327.08,Withdrawal,Delta Enterprises,Spain,Online,Emma Davis,Low,United Kingdom
TXN003326,ACCT00102,CUST0058,2025-12-23 00:00:00,1330.23,Withdrawal,Elizabeth Thomas,Germany,Branch,Joseph Anderson,Medium,Switzerland
TXN003327,ACCT00055,CUST0031,2025-12-23 00:00:00,375.71,CashDeposit,Pacific Imports,Japan,Branch,David Ramirez,Low,France
TXN003328,ACCT00056,CUST0032,2025-12-23 00:00:00,2483.43,Deposit,James Garcia,Japan,Online,Sofia Miller,Medium,Spain
TXN003329,ACCT00287,CUST0173,2025-12-23 00:00:00,272.38,Withdrawal,Crown Logistics,Singapore,Wire,Karen Clark,Low,United Kingdom
TXN003330,ACCT00007,CUST0003,2025-12-23 00:00:00,1877.21,ACH,Metro Enterprises,Venezuela,Wire,Ahmed Miller,High,Ireland
TXN003331,ACCT00228,CUST0137,2025-12-23 00:00:00,1383.31,CashDeposit,Nova Ventures,France,Branch,Chloe Young,Medium,India
TXN003332,ACCT00067,CUST0037,2025-12-23 00:00:00,3141.83,CashDeposit,James Jones,United States,ATM,Noah King,Medium,United Kingdom
TXN003333,ACCT00128,CUST0075,2025-12-23 00:00:00,280.05,ACH,Anchor Traders,United Kingdom,ATM,Patricia Torres,Medium,Spain
TXN003334,ACCT00292,CUST0176,2025-12-24 00:00:00,848.11,Deposit,Karen King,Spain,ATM,Michael Young,Low,France
TXN003335,ACCT00176,CUST0106,2025-12-24 00:00:00,163.91,CashDeposit,David Perez,Netherlands,Online,Emma Lewis,Low,Canada
TXN003336,ACCT00227,CUST0136,2025-12-24 00:00:00,4865.16,ACH,Susan Lee,Ireland,Online,James Scott,Low,Japan
TXN003337,ACCT00103,CUST0059,2025-12-24 00:00:00,321.18,ACH,Atlas Enterprises,United Kingdom,Branch,John Moore,Medium,Switzerland
TXN003338,ACCT00243,CUST0145,2025-12-25 00:00:00,235.74,Deposit,Delta Logistics,India,Branch,Mateo Walker,Medium,Australia
TXN003339,ACCT00165,CUST0099,2025-12-25 00:00:00,253.72,Withdrawal,Liam Garcia,UAE,Online,Elizabeth Ramirez,Low,UAE
TXN003340,ACCT00151,CUST0091,2025-12-25 00:00:00,519.56,CashDeposit,Jessica Hernandez,UAE,Wire,John Williams,Low,Germany
TXN003341,ACCT00135,CUST0080,2025-12-25 00:00:00,1939.43,Withdrawal,Michael King,Germany,Wire,Priya Lee,Medium,Canada
TXN003342,ACCT00010,CUST0004,2025-12-26 00:00:00,1034.96,Withdrawal,Priya Nguyen,Venezuela,Branch,Yuki Scott,High,Afghanistan
TXN003343,ACCT00307,CUST0187,2025-12-26 00:00:00,555.67,ACH,Olga Scott,Australia,Wire,Robert Wright,Low,India
TXN003344,ACCT00201,CUST0122,2025-12-26 00:00:00,541.39,CashDeposit,Summit Trading,India,Online,William Smith,Low,India
TXN003345,ACCT00161,CUST0096,2025-12-26 00:00:00,1094.16,ACH,Chloe White,Canada,Online,Karen Flores,Low,Ireland
TXN003346,ACCT00311,CUST0190,2025-12-26 00:00:00,961.73,CashDeposit,Olga Rodriguez,United States,Branch,Mia Torres,Medium,Singapore
TXN003347,ACCT00103,CUST0059,2025-12-26 00:00:00,1029.22,ACH,Pacific Partners,India,Wire,John Moore,Medium,Switzerland
TXN003348,ACCT00142,CUST0085,2025-12-26 00:00:00,1077.63,Deposit,Liam Miller,Japan,ATM,Emma Anderson,Low,Japan
TXN003349,ACCT00305,CUST0186,2025-12-27 00:00:00,387.57,Withdrawal,Barbara Martinez,Spain,Branch,Fatima King,Low,Canada
TXN003350,ACCT00269,CUST0161,2025-12-27 00:00:00,1642.57,Withdrawal,Barbara Thompson,United States,Branch,Jessica Harris,Low,Australia
TXN003351,ACCT00039,CUST0021,2025-12-27 00:00:00,2182.86,CashDeposit,Ava Wright,Switzerland,Online,Tatiana Orlova,High,Libya
TXN003352,ACCT00264,CUST0158,2025-12-27 00:00:00,134.61,Withdrawal,Prime Group,France,ATM,Thomas Smith,Low,France
TXN003353,ACCT00318,CUST0194,2025-12-27 00:00:00,36.44,WireTransfer,Silver Capital,Netherlands,Branch,Thomas White,Low,Canada
TXN003354,ACCT00316,CUST0192,2025-12-27 00:00:00,4857.77,ACH,Chloe Robinson,United States,Branch,Sofia Wilson,Low,Japan
TXN003355,ACCT00136,CUST0081,2025-12-27 00:00:00,133.28,ACH,Chloe Perez,Canada,Branch,Elizabeth Wilson,Low,Japan
TXN003356,ACCT00151,CUST0091,2025-12-28 00:00:00,5430.15,CashDeposit,Sunrise Group,UAE,ATM,John Williams,Low,Germany
TXN003357,ACCT00281,CUST0171,2025-12-28 00:00:00,420.8,Deposit,Falcon Logistics,India,Online,Ahmed White,Low,Switzerland
TXN003358,ACCT00130,CUST0077,2025-12-28 00:00:00,9000.0,ACH,Yuki King,India,Online,Liam Ramirez,Medium,UAE
TXN003359,ACCT00108,CUST0061,2025-12-28 00:00:00,79.69,CashDeposit,Ethan Lee,Canada,Wire,Michael Flores,Low,Australia
TXN003360,ACCT00093,CUST0053,2025-12-28 00:00:00,201.16,Withdrawal,Delta Exchange,Japan,Wire,Robert Thompson,Low,Switzerland
TXN003361,ACCT00201,CUST0122,2025-12-28 00:00:00,141.37,Withdrawal,Sarah Nguyen,Switzerland,Branch,William Smith,Low,India
TXN003362,ACCT00317,CUST0193,2025-12-28 00:00:00,447.5,Withdrawal,Yuki Rodriguez,Singapore,ATM,Yuki Sanchez,Low,UAE
TXN003363,ACCT00137,CUST0082,2025-12-29 00:00:00,113.4,Deposit,Lucas Lewis,United Kingdom,Online,Sven Brown,Low,Spain
TXN003364,ACCT00254,CUST0153,2025-12-29 00:00:00,217.5,Deposit,Mary Lewis,France,ATM,Charles Anderson,Low,Ireland
TXN003365,ACCT00147,CUST0088,2025-12-29 00:00:00,206.43,CashDeposit,Emma Ramirez,India,ATM,Barbara Brown,Low,Japan
TXN003366,ACCT00107,CUST0061,2025-12-29 00:00:00,2483.93,Deposit,Sofia Garcia,Singapore,ATM,Michael Flores,Low,Australia
TXN003367,ACCT00286,CUST0173,2025-12-29 00:00:00,2448.62,CashDeposit,Atlas Freight,Switzerland,ATM,Karen Clark,Low,United Kingdom
TXN003368,ACCT00223,CUST0134,2025-12-29 00:00:00,381.62,CashDeposit,Sven Walker,Switzerland,ATM,Sven Young,Low,Spain
TXN003369,ACCT00237,CUST0142,2025-12-30 00:00:00,561.34,WireTransfer,Diego Lee,United Kingdom,Wire,Sofia Martinez,Low,Singapore
TXN003370,ACCT00275,CUST0165,2025-12-30 00:00:00,861.49,Withdrawal,Arjun White,Singapore,Branch,Camila Williams,Medium,Australia
TXN003371,ACCT00074,CUST0040,2025-12-30 00:00:00,26809.35,CashDeposit,Falcon Logistics,Libya,Branch,Sven Hill,Low,Singapore
TXN003372,ACCT00193,CUST0117,2025-12-30 00:00:00,1239.01,ACH,Arjun Ramirez,Ireland,ATM,Elizabeth Nguyen,Medium,Canada
TXN003373,ACCT00183,CUST0109,2025-12-30 00:00:00,805.56,ACH,Silver Traders,Ireland,Online,Thomas Anderson,Low,UAE
TXN003374,ACCT00153,CUST0092,2025-12-30 00:00:00,367.87,WireTransfer,Metro Traders,Canada,Wire,Elizabeth Thomas,Medium,India
TXN003375,ACCT00128,CUST0075,2025-12-30 00:00:00,188.4,WireTransfer,Sunrise Enterprises,Switzerland,Wire,Patricia Torres,Medium,Spain
TXN003376,ACCT00117,CUST0069,2025-12-30 00:00:00,625.99,Withdrawal,Emma Robinson,Switzerland,ATM,Camila Lewis,Low,Singapore
TXN003377,ACCT00014,CUST0007,2025-12-30 00:00:00,674.47,Deposit,Anchor Logistics,Switzerland,Branch,Wei Wilson,High,Netherlands
TXN003378,ACCT00208,CUST0127,2025-12-31 00:00:00,362.17,Withdrawal,Chloe White,Spain,Online,Lucas Jackson,Low,Canada
TXN003379,ACCT00140,CUST0084,2025-12-31 00:00:00,358.65,WireTransfer,Nova Logistics,UAE,ATM,Ahmed Clark,Low,UAE
TXN003380,ACCT00305,CUST0186,2025-12-31 00:00:00,1352.6,WireTransfer,Sven Scott,Spain,Online,Fatima King,Low,Canada
TXN003381,ACCT00123,CUST0073,2025-12-31 00:00:00,106.1,ACH,Jennifer Wright,UAE,Wire,Lucas Gonzalez,Low,India
TXN003382,ACCT00087,CUST0048,2025-12-31 00:00:00,4981.01,CashDeposit,Elizabeth Hernandez,United Kingdom,ATM,Thomas King,Low,Spain
TXN003383,ACCT00077,CUST0041,2025-12-31 00:00:00,966.86,CashDeposit,Yuki Lee,Canada,Wire,Arjun Thomas,Low,Japan
TXN003384,ACCT00067,CUST0037,2025-12-31 00:00:00,330.26,Deposit,Karen Perez,Germany,Branch,Noah King,Medium,United Kingdom
TXN003385,ACCT00023,CUST0011,2025-12-31 00:00:00,5000.0,WireTransfer,Atlas Traders,France,Branch,Thomas Rodriguez,High,UAE
