transaction_id,account_id,transaction_date,amount,currency,transaction_type,counterparty_name,counterparty_country,channel
TXN000001,ACCT00282,2025-01-01 00:00:00,786.87,USD,CashDeposit,Crown Exchange,UAE,Branch
TXN000002,ACCT00135,2025-01-01 00:00:00,301.14,USD,Deposit,Silver Partners,Germany,ATM
TXN000003,ACCT00065,2025-01-01 00:00:00,810.43,USD,Deposit,Sunrise Ventures,Netherlands,ATM
TXN000004,ACCT00297,2025-01-01 00:00:00,2131.5,USD,Withdrawal,Sunrise Freight,France,Branch
TXN000005,ACCT00255,2025-01-01 00:00:00,752.89,USD,Deposit,Ahmed Jones,Netherlands,Wire
TXN000006,ACCT00061,2025-01-01 00:00:00,940.59,USD,CashDeposit,Metro Trading,Australia,Online
TXN000007,ACCT00198,2025-01-01 00:00:00,401.12,USD,Deposit,Karen Wilson,UAE,ATM
TXN000008,ACCT00235,2025-01-02 00:00:00,368.41,USD,ACH,Summit Capital,United States,Online
TXN000009,ACCT00286,2025-01-02 00:00:00,860.23,USD,WireTransfer,Susan Ramirez,United Kingdom,ATM
TXN000010,ACCT00138,2025-01-02 00:00:00,279.46,USD,Withdrawal,Pacific Traders,Australia,Online
TXN000011,ACCT00300,2025-01-02 00:00:00,585.88,USD,CashDeposit,Falcon Partners,Ireland,Wire
TXN000012,ACCT00282,2025-01-02 00:00:00,917.52,USD,CashDeposit,Fatima Young,United Kingdom,Online
TXN000013,ACCT00328,2025-01-03 00:00:00,366.27,USD,Withdrawal,Delta Freight,United Kingdom,Wire
TXN000014,ACCT00016,2025-01-03 00:00:00,20000.0,USD,WireTransfer,David Moore,Afghanistan,Branch
TXN000015,ACCT00251,2025-01-03 00:00:00,116.97,USD,WireTransfer,Sofia Walker,Spain,ATM
TXN000016,ACCT00170,2025-01-03 00:00:00,1491.49,USD,WireTransfer,Emma Scott,Ireland,Online
TXN000017,ACCT00049,2025-01-03 00:00:00,258.69,USD,WireTransfer,Delta Freight,Ireland,Online
TXN000018,ACCT00123,2025-01-03 00:00:00,222.61,USD,Deposit,Sven Sanchez,India,ATM
TXN000019,ACCT00281,2025-01-03 00:00:00,1470.23,USD,CashDeposit,Yuki White,United Kingdom,ATM
TXN000020,ACCT00065,2025-01-04 00:00:00,1042.35,USD,WireTransfer,Mary Moore,Germany,Online
TXN000021,ACCT00055,2025-01-04 00:00:00,2695.54,USD,CashDeposit,Crown Imports,Singapore,Branch
TXN000022,ACCT00329,2025-01-04 00:00:00,341.43,USD,Withdrawal,Delta Traders,Singapore,ATM
TXN000023,ACCT00110,2025-01-04 00:00:00,337.73,USD,Withdrawal,Lucas King,Canada,Wire
TXN000024,ACCT00133,2025-01-04 00:00:00,1204.18,USD,ACH,Ava Flores,Germany,ATM
TXN000025,ACCT00288,2025-01-04 00:00:00,110.71,USD,WireTransfer,Lucas Torres,India,ATM
TXN000026,ACCT00263,2025-01-04 00:00:00,613.46,USD,WireTransfer,Metro Group,United Kingdom,ATM
TXN000027,ACCT00298,2025-01-04 00:00:00,1249.06,USD,Deposit,Sofia Robinson,United Kingdom,Branch
TXN000028,ACCT00201,2025-01-04 00:00:00,522.44,USD,CashDeposit,Mia Davis,UAE,Branch
TXN000029,ACCT00187,2025-01-04 00:00:00,411.79,USD,WireTransfer,Prime Exchange,India,Wire
TXN000030,ACCT00059,2025-01-04 00:00:00,3209.87,USD,CashDeposit,Chloe Lee,Spain,Branch
TXN000031,ACCT00110,2025-01-05 00:00:00,173.13,USD,Deposit,Camila Smith,Australia,Wire
TXN000032,ACCT00060,2025-01-05 00:00:00,2911.84,USD,Withdrawal,Nova Freight,India,Wire
TXN000033,ACCT00062,2025-01-05 00:00:00,619.18,USD,Deposit,Fatima Garcia,UAE,Wire
TXN000034,ACCT00157,2025-01-05 00:00:00,1312.09,USD,Withdrawal,Liam Wilson,Singapore,ATM
TXN000035,ACCT00291,2025-01-05 00:00:00,302.07,USD,WireTransfer,David Hernandez,United Kingdom,Wire
TXN000036,ACCT00189,2025-01-05 00:00:00,257.66,USD,Withdrawal,Summit Imports,Japan,ATM
TXN000037,ACCT00235,2025-01-05 00:00:00,508.26,USD,Withdrawal,Elizabeth Brown,India,Wire
TXN000038,ACCT00285,2025-01-05 00:00:00,1065.87,USD,CashDeposit,Arjun Miller,Singapore,Branch
TXN000039,ACCT00025,2025-01-05 00:00:00,115.18,USD,CashDeposit,Elizabeth Clark,Myanmar,Online
TXN000040,ACCT00206,2025-01-06 00:00:00,986.14,USD,ACH,David Anderson,UAE,Branch
TXN000041,ACCT00144,2025-01-06 00:00:00,825.77,USD,CashDeposit,Mia Green,Canada,Online
TXN000042,ACCT00304,2025-01-06 00:00:00,5701.49,USD,WireTransfer,Wei Jones,Ireland,Wire
TXN000043,ACCT00014,2025-01-06 00:00:00,508.32,USD,Deposit,Olga Robinson,Myanmar,ATM
TXN000044,ACCT00002,2025-01-06 00:00:00,5000.0,USD,CashDeposit,Richard Moore,Myanmar,Branch
TXN000045,ACCT00227,2025-01-06 00:00:00,200.36,USD,Deposit,Charles Ramirez,Netherlands,ATM
TXN000046,ACCT00252,2025-01-06 00:00:00,1210.44,USD,Withdrawal,Anchor Trading,Spain,Online
TXN000047,ACCT00210,2025-01-06 00:00:00,260.73,USD,CashDeposit,Noah Harris,France,Branch
TXN000048,ACCT00314,2025-01-06 00:00:00,672.42,USD,Deposit,Pacific Partners,Spain,Online
TXN000049,ACCT00137,2025-01-06 00:00:00,799.39,USD,WireTransfer,Barbara Taylor,UAE,Online
TXN000050,ACCT00078,2025-01-06 00:00:00,2289.51,USD,Deposit,Emma Ramirez,United Kingdom,Branch
TXN000051,ACCT00041,2025-01-06 00:00:00,78280.32,USD,WireTransfer,Horizon Trading,Afghanistan,Wire
TXN000052,ACCT00141,2025-01-06 00:00:00,539.45,USD,WireTransfer,Nova Trading,Singapore,Online
TXN000053,ACCT00309,2025-01-06 00:00:00,338.24,USD,WireTransfer,Robert Hernandez,Canada,Online
TXN000054,ACCT00113,2025-01-06 00:00:00,3679.8,USD,Deposit,Elizabeth Jackson,United States,ATM
TXN000055,ACCT00028,2025-01-07 00:00:00,1221.17,USD,Deposit,Jennifer Hill,Venezuela,Online
TXN000056,ACCT00170,2025-01-07 00:00:00,1173.73,USD,Withdrawal,Summit Holdings,United Kingdom,Branch
TXN000057,ACCT00153,2025-01-07 00:00:00,133.85,USD,ACH,Silver Holdings,Australia,Wire
TXN000058,ACCT00319,2025-01-07 00:00:00,100.73,USD,Deposit,Jennifer Gonzalez,Germany,Wire
TXN000059,ACCT00008,2025-01-07 00:00:00,880.04,USD,Deposit,Summit Traders,Afghanistan,ATM
TXN000060,ACCT00001,2025-01-07 00:00:00,20000.0,USD,WireTransfer,Camila Williams,Japan,Branch
TXN000061,ACCT00102,2025-01-07 00:00:00,240.85,USD,Withdrawal,Ethan Young,India,Wire
TXN000062,ACCT00277,2025-01-07 00:00:00,795.28,USD,CashDeposit,Ethan Harris,Ireland,Branch
TXN000063,ACCT00289,2025-01-07 00:00:00,359.85,USD,Withdrawal,Global Ventures,Switzerland,Branch
TXN000064,ACCT00200,2025-01-07 00:00:00,297.58,USD,WireTransfer,Noah Lewis,United States,Online
TXN000065,ACCT00080,2025-01-07 00:00:00,721.86,USD,WireTransfer,Ava Williams,Japan,Wire
TXN000066,ACCT00324,2025-01-07 00:00:00,695.31,USD,Deposit,Jessica Moore,Germany,ATM
TXN000067,ACCT00268,2025-01-07 00:00:00,295.18,USD,Withdrawal,Karen Wright,Switzerland,Wire
TXN000068,ACCT00020,2025-01-07 00:00:00,93443.96,USD,WireTransfer,Falcon Capital,Iran,Wire
TXN000069,ACCT00277,2025-01-07 00:00:00,1200.41,USD,WireTransfer,Sven Taylor,United Kingdom,Wire
TXN000070,ACCT00146,2025-01-08 00:00:00,806.12,USD,WireTransfer,Karen King,United States,ATM
TXN000071,ACCT00062,2025-01-08 00:00:00,546.56,USD,Withdrawal,Anchor Imports,Netherlands,ATM
TXN000072,ACCT00142,2025-01-08 00:00:00,316.71,USD,Withdrawal,Jennifer Young,Singapore,ATM
TXN000073,ACCT00297,2025-01-08 00:00:00,609.56,USD,Deposit,Crown Holdings,Canada,Wire
TXN000074,ACCT00255,2025-01-08 00:00:00,105.0,USD,CashDeposit,Elizabeth Gonzalez,Ireland,Wire
TXN000075,ACCT00279,2025-01-08 00:00:00,904.71,USD,Withdrawal,Mary Jones,United Kingdom,Online
TXN000076,ACCT00062,2025-01-08 00:00:00,469.07,USD,ACH,Emma White,Australia,Online
TXN000077,ACCT00322,2025-01-08 00:00:00,216.98,USD,WireTransfer,Susan Smith,United States,ATM
TXN000078,ACCT00068,2025-01-08 00:00:00,984.45,USD,WireTransfer,Richard Wilson,Germany,Wire
TXN000079,ACCT00319,2025-01-08 00:00:00,603.57,USD,Withdrawal,Falcon Ventures,United Kingdom,ATM
TXN000080,ACCT00162,2025-01-08 00:00:00,1182.29,USD,WireTransfer,Mateo Jackson,Canada,ATM
TXN000081,ACCT00079,2025-01-08 00:00:00,175.7,USD,Deposit,Camila White,Netherlands,Online
TXN000082,ACCT00244,2025-01-08 00:00:00,385.35,USD,ACH,Karen Anderson,Netherlands,Branch
TXN000083,ACCT00329,2025-01-08 00:00:00,362.32,USD,Withdrawal,Richard Rodriguez,Switzerland,ATM
TXN000084,ACCT00317,2025-01-08 00:00:00,949.02,USD,WireTransfer,Ethan Smith,Germany,Branch
TXN000085,ACCT00003,2025-01-09 00:00:00,373.57,USD,WireTransfer,Mary Flores,Japan,ATM
TXN000086,ACCT00256,2025-01-09 00:00:00,790.41,USD,ACH,Olga Hernandez,India,Wire
TXN000087,ACCT00304,2025-01-09 00:00:00,1680.53,USD,ACH,Jennifer Martinez,Japan,Branch
TXN000088,ACCT00222,2025-01-09 00:00:00,432.37,USD,Deposit,Summit Freight,Canada,ATM
TXN000089,ACCT00327,2025-01-09 00:00:00,124.85,USD,ACH,Summit Holdings,Ireland,ATM
TXN000090,ACCT00261,2025-01-09 00:00:00,677.78,USD,CashDeposit,Charles Taylor,Ireland,ATM
TXN000091,ACCT00200,2025-01-09 00:00:00,617.73,USD,Deposit,Liam Torres,Netherlands,Online
TXN000092,ACCT00169,2025-01-09 00:00:00,804.05,USD,ACH,Michael Lewis,Australia,Wire
TXN000093,ACCT00268,2025-01-09 00:00:00,2882.87,USD,Deposit,Silver Imports,India,Online
TXN000094,ACCT00137,2025-01-09 00:00:00,820.29,USD,CashDeposit,Ahmed Taylor,UAE,Branch
TXN000095,ACCT00301,2025-01-09 00:00:00,507.61,USD,Withdrawal,Michael Wilson,Japan,ATM
TXN000096,ACCT00270,2025-01-10 00:00:00,229.01,USD,Deposit,Diego Miller,France,Branch
TXN000097,ACCT00108,2025-01-10 00:00:00,591.07,USD,Deposit,Atlas Imports,United States,Online
TXN000098,ACCT00108,2025-01-10 00:00:00,449.55,USD,WireTransfer,David Martin,Germany,Branch
TXN000099,ACCT00310,2025-01-10 00:00:00,749.64,USD,Deposit,Robert Johnson,United Kingdom,Wire
TXN000100,ACCT00050,2025-01-10 00:00:00,311.87,USD,CashDeposit,Olga Hill,Spain,Branch
TXN000101,ACCT00093,2025-01-10 00:00:00,3533.01,USD,Deposit,Arjun Harris,Canada,Wire
TXN000102,ACCT00090,2025-01-10 00:00:00,3318.76,USD,ACH,Global Freight,United States,Wire
TXN000103,ACCT00062,2025-01-10 00:00:00,433.5,USD,Withdrawal,Prime Ventures,Singapore,Branch
TXN000104,ACCT00303,2025-01-11 00:00:00,880.54,USD,WireTransfer,Union Logistics,United Kingdom,ATM
TXN000105,ACCT00253,2025-01-11 00:00:00,827.18,USD,WireTransfer,Diego Ramirez,India,Online
TXN000106,ACCT00202,2025-01-11 00:00:00,181.98,USD,CashDeposit,Horizon Holdings,Singapore,Branch
TXN000107,ACCT00270,2025-01-11 00:00:00,4538.57,USD,WireTransfer,Sofia Jones,Singapore,Online
TXN000108,ACCT00113,2025-01-11 00:00:00,2125.75,USD,Withdrawal,Linda Perez,Switzerland,Wire
TXN000109,ACCT00120,2025-01-11 00:00:00,223.54,USD,CashDeposit,Union Imports,France,Branch
TXN000110,ACCT00245,2025-01-11 00:00:00,809.41,USD,Deposit,Thomas Thomas,Germany,Branch
TXN000111,ACCT00287,2025-01-11 00:00:00,688.64,USD,Deposit,William Perez,India,Wire
TXN000112,ACCT00048,2025-01-11 00:00:00,5000.0,USD,WireTransfer,Chloe Green,Spain,Branch
TXN000113,ACCT00209,2025-01-11 00:00:00,2164.03,USD,Deposit,Arjun Thompson,Australia,Branch
TXN000114,ACCT00181,2025-01-12 00:00:00,793.74,USD,WireTransfer,Mateo Rodriguez,Germany,Wire
TXN000115,ACCT00251,2025-01-12 00:00:00,1283.52,USD,Deposit,Sarah Jackson,Japan,Wire
TXN000116,ACCT00026,2025-01-12 00:00:00,22634.08,USD,WireTransfer,William Flores,North Korea,Wire
TXN000117,ACCT00322,2025-01-12 00:00:00,336.8,USD,CashDeposit,Elizabeth Thomas,Japan,Branch
TXN000118,ACCT00231,2025-01-12 00:00:00,1816.37,USD,ACH,Liam Martin,France,Wire
TXN000119,ACCT00038,2025-01-12 00:00:00,814.78,USD,CashDeposit,Thomas Scott,Iran,Online
TXN000120,ACCT00201,2025-01-12 00:00:00,557.37,USD,CashDeposit,Wei Walker,Singapore,Wire
TXN000121,ACCT00271,2025-01-12 00:00:00,930.89,USD,CashDeposit,John Scott,Switzerland,ATM
TXN000122,ACCT00146,2025-01-12 00:00:00,541.46,USD,CashDeposit,Ethan Davis,Canada,Branch
TXN000123,ACCT00088,2025-01-12 00:00:00,1800.91,USD,Deposit,Jennifer King,Switzerland,Wire
TXN000124,ACCT00026,2025-01-12 04:00:00,21633.03,USD,WireTransfer,Karen Thomas,North Korea,Wire
TXN000125,ACCT00293,2025-01-13 00:00:00,1353.64,USD,Withdrawal,David Jones,Spain,Wire
TXN000126,ACCT00213,2025-01-13 00:00:00,1408.92,USD,Withdrawal,Elizabeth Sanchez,Japan,ATM
TXN000127,ACCT00223,2025-01-13 00:00:00,623.49,USD,ACH,Diego Johnson,Australia,Wire
TXN000128,ACCT00085,2025-01-13 00:00:00,647.23,USD,ACH,Delta Exchange,Ireland,Wire
TXN000129,ACCT00163,2025-01-13 00:00:00,459.77,USD,WireTransfer,Fatima Walker,Australia,ATM
TXN000130,ACCT00172,2025-01-13 00:00:00,5661.15,USD,WireTransfer,Diego Wilson,Ireland,Wire
TXN000131,ACCT00048,2025-01-13 00:00:00,2466.47,USD,ACH,Global Logistics,United States,ATM
TXN000132,ACCT00261,2025-01-14 00:00:00,456.55,USD,ACH,Sofia Lee,Japan,ATM
TXN000133,ACCT00095,2025-01-14 00:00:00,1271.92,USD,WireTransfer,Wei Clark,Canada,Wire
TXN000134,ACCT00258,2025-01-14 00:00:00,173.46,USD,CashDeposit,John Green,France,Wire
TXN000135,ACCT00305,2025-01-14 00:00:00,688.58,USD,CashDeposit,Delta Holdings,Canada,ATM
TXN000136,ACCT00242,2025-01-14 00:00:00,422.8,USD,WireTransfer,David Wright,United Kingdom,ATM
TXN000137,ACCT00118,2025-01-15 00:00:00,770.31,USD,Deposit,Crown Holdings,Spain,ATM
TXN000138,ACCT00099,2025-01-15 00:00:00,206.46,USD,WireTransfer,Jessica White,Germany,ATM
TXN000139,ACCT00030,2025-01-15 00:00:00,114.11,USD,WireTransfer,Emma Scott,Myanmar,Online
TXN000140,ACCT00111,2025-01-15 00:00:00,589.7,USD,ACH,Anchor Freight,Ireland,Wire
TXN000141,ACCT00032,2025-01-15 00:00:00,1668.75,USD,ACH,Joseph Wilson,Myanmar,Branch
TXN000142,ACCT00095,2025-01-15 00:00:00,303.42,USD,CashDeposit,Wei Hill,United Kingdom,Branch
TXN000143,ACCT00150,2025-01-15 00:00:00,1055.93,USD,Withdrawal,Prime Capital,Spain,Branch
TXN000144,ACCT00206,2025-01-15 00:00:00,289.15,USD,Deposit,Metro Trading,Japan,ATM
TXN000145,ACCT00019,2025-01-16 00:00:00,176.52,USD,Withdrawal,William Robinson,Myanmar,ATM
TXN000146,ACCT00278,2025-01-16 00:00:00,2843.0,USD,ACH,Sunrise Group,Netherlands,Online
TXN000147,ACCT00328,2025-01-16 00:00:00,2198.39,USD,Deposit,Ava Ramirez,United States,Wire
TXN000148,ACCT00279,2025-01-16 00:00:00,2571.39,USD,CashDeposit,James Torres,UAE,Wire
TXN000149,ACCT00026,2025-01-16 00:00:00,4942.24,USD,WireTransfer,Falcon Freight,North Korea,Wire
TXN000150,ACCT00319,2025-01-16 00:00:00,314.08,USD,Deposit,Arjun Johnson,India,ATM
TXN000151,ACCT00192,2025-01-16 00:00:00,1417.7,USD,ACH,Fatima Taylor,France,Online
TXN000152,ACCT00318,2025-01-17 00:00:00,69.32,USD,CashDeposit,Olga Clark,Ireland,ATM
TXN000153,ACCT00286,2025-01-17 00:00:00,274.45,USD,ACH,Emma Miller,United States,ATM
TXN000154,ACCT00249,2025-01-17 00:00:00,379.2,USD,Deposit,Mary Johnson,Ireland,Branch
TXN000155,ACCT00325,2025-01-17 00:00:00,366.67,USD,Deposit,Global Ventures,Netherlands,Wire
TXN000156,ACCT00116,2025-01-17 00:00:00,147.71,USD,CashDeposit,Prime Exchange,United States,Wire
TXN000157,ACCT00277,2025-01-17 00:00:00,715.65,USD,ACH,Charles Robinson,France,ATM
TXN000158,ACCT00022,2025-01-17 00:00:00,734.17,USD,ACH,Linda Thomas,North Korea,ATM
TXN000159,ACCT00247,2025-01-17 00:00:00,344.83,USD,Deposit,Karen Ramirez,Australia,Online
TXN000160,ACCT00005,2025-01-17 00:00:00,445.69,USD,WireTransfer,Sven White,Syria,Wire
TXN000161,ACCT00064,2025-01-17 00:00:00,995.64,USD,Withdrawal,Global Partners,India,Branch
TXN000162,ACCT00237,2025-01-17 00:00:00,560.06,USD,WireTransfer,Yuki Sanchez,United Kingdom,Wire
TXN000163,ACCT00247,2025-01-18 00:00:00,877.19,USD,CashDeposit,Sven Miller,Switzerland,Online
TXN000164,ACCT00031,2025-01-18 00:00:00,234.51,USD,CashDeposit,Sunrise Imports,Libya,Online
TXN000165,ACCT00129,2025-01-18 00:00:00,377.02,USD,Deposit,Metro Logistics,Singapore,Branch
TXN000166,ACCT00237,2025-01-18 00:00:00,1358.75,USD,WireTransfer,Prime Trading,Japan,Online
TXN000167,ACCT00325,2025-01-18 00:00:00,475.06,USD,CashDeposit,Emma Taylor,Singapore,ATM
TXN000168,ACCT00287,2025-01-18 00:00:00,134.25,USD,Deposit,Lucas Smith,India,Wire
TXN000169,ACCT00159,2025-01-18 00:00:00,724.38,USD,Withdrawal,Lucas Scott,Australia,Branch
TXN000170,ACCT00294,2025-01-18 00:00:00,161.54,USD,ACH,Sofia Robinson,Canada,Wire
TXN000171,ACCT00264,2025-01-18 00:00:00,242.11,USD,CashDeposit,Sofia Lopez,Switzerland,Online
TXN000172,ACCT00079,2025-01-18 00:00:00,6763.73,USD,Deposit,Mia Walker,UAE,Wire
TXN000173,ACCT00223,2025-01-18 00:00:00,181.03,USD,WireTransfer,John Jones,Singapore,Wire
TXN000174,ACCT00319,2025-01-18 00:00:00,366.35,USD,ACH,Atlas Group,United Kingdom,Online
TXN000175,ACCT00317,2025-01-18 00:00:00,98.47,USD,Withdrawal,Ava Jones,Germany,ATM
TXN000176,ACCT00192,2025-01-18 00:00:00,240.64,USD,Withdrawal,Ethan Wright,United States,Wire
TXN000177,ACCT00230,2025-01-19 00:00:00,214.29,USD,CashDeposit,Ahmed Perez,United Kingdom,Branch
TXN000178,ACCT00277,2025-01-19 00:00:00,7983.96,USD,Deposit,Camila Walker,UAE,Branch
TXN000179,ACCT00100,2025-01-19 00:00:00,276.45,USD,ACH,Diego Davis,United Kingdom,ATM
TXN000180,ACCT00241,2025-01-19 00:00:00,2089.35,USD,ACH,Mary White,United States,Online
TXN000181,ACCT00184,2025-01-19 00:00:00,495.33,USD,Withdrawal,Atlas Capital,Singapore,Online
TXN000182,ACCT00242,2025-01-20 00:00:00,893.75,USD,Deposit,David Taylor,France,Branch
TXN000183,ACCT00170,2025-01-20 00:00:00,330.76,USD,ACH,Ava Young,United Kingdom,Wire
TXN000184,ACCT00222,2025-01-20 00:00:00,1278.18,USD,ACH,Prime Holdings,India,Branch
TXN000185,ACCT00002,2025-01-20 00:00:00,10000.0,USD,CashDeposit,Crown Traders,Venezuela,Branch
TXN000186,ACCT00230,2025-01-20 00:00:00,598.11,USD,WireTransfer,Pacific Logistics,Ireland,Wire
TXN000187,ACCT00173,2025-01-20 00:00:00,112.9,USD,WireTransfer,Elizabeth Lopez,Netherlands,Branch
TXN000188,ACCT00202,2025-01-20 00:00:00,263.3,USD,CashDeposit,Charles Miller,Ireland,Branch
TXN000189,ACCT00238,2025-01-20 00:00:00,280.04,USD,Deposit,Chloe White,UAE,ATM
TXN000190,ACCT00219,2025-01-20 00:00:00,1654.68,USD,ACH,Barbara Smith,Spain,Wire
TXN000191,ACCT00142,2025-01-20 00:00:00,5452.37,USD,WireTransfer,Jennifer Garcia,United Kingdom,Online
TXN000192,ACCT00004,2025-01-20 00:00:00,1715.77,USD,Deposit,Priya Jackson,North Korea,ATM
TXN000193,ACCT00114,2025-01-20 00:00:00,286.22,USD,CashDeposit,Horizon Ventures,Australia,Online
TXN000194,ACCT00207,2025-01-20 00:00:00,2314.37,USD,ACH,John Thomas,Canada,Online
TXN000195,ACCT00054,2025-01-21 00:00:00,2991.11,USD,CashDeposit,Nova Logistics,United States,Online
TXN000196,ACCT00107,2025-01-21 00:00:00,2180.67,USD,CashDeposit,Fatima Martin,Canada,Online
TXN000197,ACCT00199,2025-01-21 00:00:00,1167.8,USD,ACH,Diego Hill,Canada,ATM
TXN000198,ACCT00263,2025-01-21 00:00:00,2660.71,USD,Deposit,Joseph Hill,Ireland,Online
TXN000199,ACCT00317,2025-01-21 00:00:00,384.98,USD,WireTransfer,Joseph Garcia,Switzerland,Branch
TXN000200,ACCT00136,2025-01-21 00:00:00,877.76,USD,Withdrawal,Anchor Trading,United Kingdom,ATM
TXN000201,ACCT00209,2025-01-21 00:00:00,1000.85,USD,Withdrawal,William Johnson,India,Wire
TXN000202,ACCT00242,2025-01-21 00:00:00,1664.56,USD,WireTransfer,Sarah Brown,Canada,Wire
TXN000203,ACCT00092,2025-01-21 00:00:00,905.81,USD,Deposit,Silver Enterprises,India,ATM
TXN000204,ACCT00215,2025-01-21 00:00:00,449.23,USD,CashDeposit,David Young,UAE,Branch
TXN000205,ACCT00129,2025-01-21 00:00:00,645.39,USD,Withdrawal,Metro Ventures,Switzerland,Online
TXN000206,ACCT00285,2025-01-22 00:00:00,106.58,USD,ACH,Falcon Holdings,UAE,ATM
TXN000207,ACCT00304,2025-01-22 00:00:00,194.39,USD,Withdrawal,Mia Sanchez,Australia,ATM
TXN000208,ACCT00207,2025-01-22 00:00:00,1722.36,USD,CashDeposit,Horizon Trading,Ireland,Online
TXN000209,ACCT00226,2025-01-22 00:00:00,456.21,USD,Deposit,Sarah Rodriguez,Canada,ATM
TXN000210,ACCT00250,2025-01-22 00:00:00,1965.18,USD,CashDeposit,Sven Wilson,Switzerland,Branch
TXN000211,ACCT00243,2025-01-22 00:00:00,309.25,USD,ACH,Thomas Hernandez,Japan,ATM
TXN000212,ACCT00082,2025-01-22 00:00:00,1081.93,USD,ACH,Ava Robinson,Germany,Branch
TXN000213,ACCT00011,2025-01-22 00:00:00,15000.0,USD,WireTransfer,Richard Wilson,Venezuela,Branch
TXN000214,ACCT00133,2025-01-22 00:00:00,35.15,USD,CashDeposit,Ava Anderson,United Kingdom,Wire
TXN000215,ACCT00021,2025-01-22 00:00:00,321.08,USD,ACH,Jessica Martin,Canada,Online
TXN000216,ACCT00254,2025-01-22 00:00:00,554.8,USD,Withdrawal,Fatima Harris,Singapore,Branch
TXN000217,ACCT00007,2025-01-23 00:00:00,996.07,USD,ACH,Patricia Rodriguez,Myanmar,Wire
TXN000218,ACCT00137,2025-01-23 00:00:00,399.83,USD,Withdrawal,Sunrise Freight,Ireland,Online
TXN000219,ACCT00174,2025-01-23 00:00:00,406.52,USD,WireTransfer,Barbara Smith,UAE,Online
TXN000220,ACCT00245,2025-01-23 00:00:00,849.65,USD,Withdrawal,John Miller,Japan,Wire
TXN000221,ACCT00014,2025-01-23 00:00:00,2051.99,USD,CashDeposit,Diego Miller,Australia,Wire
TXN000222,ACCT00163,2025-01-23 00:00:00,169.7,USD,CashDeposit,Metro Enterprises,Australia,Online
TXN000223,ACCT00299,2025-01-23 00:00:00,3005.04,USD,ACH,Ava Thompson,France,ATM
TXN000224,ACCT00272,2025-01-24 00:00:00,1454.08,USD,ACH,Jennifer Lopez,Australia,Wire
TXN000225,ACCT00001,2025-01-24 00:00:00,198.14,USD,ACH,Charles Jones,Myanmar,Branch
TXN000226,ACCT00005,2025-01-24 00:00:00,277.33,USD,ACH,John Walker,Singapore,ATM
TXN000227,ACCT00136,2025-01-24 00:00:00,547.94,USD,CashDeposit,Richard Sanchez,Ireland,Branch
TXN000228,ACCT00142,2025-01-24 00:00:00,482.95,USD,Deposit,James Thompson,Canada,ATM
TXN000229,ACCT00253,2025-01-24 00:00:00,249.93,USD,CashDeposit,Diego Johnson,Canada,Branch
TXN000230,ACCT00280,2025-01-24 00:00:00,6686.97,USD,ACH,Sarah Garcia,Switzerland,Wire
TXN000231,ACCT00161,2025-01-24 00:00:00,1539.08,USD,Deposit,Global Logistics,Spain,Online
TXN000232,ACCT00027,2025-01-24 00:00:00,1490.09,USD,ACH,Summit Ventures,Spain,Branch
TXN000233,ACCT00294,2025-01-24 00:00:00,827.6,USD,CashDeposit,Linda King,Japan,Online
TXN000234,ACCT00286,2025-01-24 00:00:00,522.87,USD,CashDeposit,Silver Freight,Canada,ATM
TXN000235,ACCT00150,2025-01-25 00:00:00,804.09,USD,WireTransfer,Chloe Harris,France,Branch
TXN000236,ACCT00314,2025-01-25 00:00:00,1165.69,USD,WireTransfer,Diego Ramirez,United Kingdom,ATM
TXN000237,ACCT00277,2025-01-25 00:00:00,1510.44,USD,ACH,Fatima Taylor,Spain,ATM
TXN000238,ACCT00301,2025-01-25 00:00:00,1208.17,USD,Withdrawal,Sarah Ramirez,Spain,Online
TXN000239,ACCT00228,2025-01-25 00:00:00,2131.57,USD,Withdrawal,Jennifer Green,UAE,Branch
TXN000240,ACCT00064,2025-01-26 00:00:00,1266.82,USD,WireTransfer,James Wilson,Netherlands,Online
TXN000241,ACCT00301,2025-01-26 00:00:00,281.8,USD,Withdrawal,Emma Lewis,Switzerland,Branch
TXN000242,ACCT00149,2025-01-26 00:00:00,465.24,USD,ACH,Sven Davis,United States,Wire
TXN000243,ACCT00212,2025-01-26 00:00:00,452.59,USD,Deposit,Richard Walker,Australia,Wire
TXN000244,ACCT00189,2025-01-26 00:00:00,331.37,USD,ACH,Anchor Exchange,Japan,Wire
TXN000245,ACCT00328,2025-01-26 00:00:00,687.05,USD,Deposit,Global Imports,Ireland,Branch
TXN000246,ACCT00249,2025-01-26 00:00:00,358.14,USD,CashDeposit,Jennifer Perez,Germany,Branch
TXN000247,ACCT00128,2025-01-27 00:00:00,1739.62,USD,Deposit,Elizabeth Sanchez,Netherlands,ATM
TXN000248,ACCT00328,2025-01-27 00:00:00,385.28,USD,CashDeposit,Charles Robinson,Canada,ATM
TXN000249,ACCT00079,2025-01-27 00:00:00,1731.43,USD,WireTransfer,David King,France,Branch
TXN000250,ACCT00318,2025-01-27 00:00:00,1238.86,USD,Deposit,Diego Miller,France,Online
TXN000251,ACCT00215,2025-01-27 00:00:00,211.1,USD,Withdrawal,Anchor Imports,United States,Wire
TXN000252,ACCT00162,2025-01-27 00:00:00,495.73,USD,WireTransfer,Mary Flores,Singapore,Branch
TXN000253,ACCT00134,2025-01-27 00:00:00,1480.91,USD,WireTransfer,Diego Walker,Netherlands,Wire
TXN000254,ACCT00292,2025-01-27 00:00:00,105.24,USD,WireTransfer,William Clark,Germany,Online
TXN000255,ACCT00070,2025-01-27 00:00:00,252.56,USD,ACH,Camila Jackson,France,ATM
TXN000256,ACCT00080,2025-01-27 00:00:00,661.12,USD,Withdrawal,Noah Scott,Japan,Wire
TXN000257,ACCT00230,2025-01-27 00:00:00,531.26,USD,CashDeposit,Diego King,India,Branch
TXN000258,ACCT00111,2025-01-27 00:00:00,804.72,USD,WireTransfer,Anchor Exchange,Japan,Wire
TXN000259,ACCT00259,2025-01-27 00:00:00,1157.74,USD,WireTransfer,Fatima Harris,Switzerland,Branch
TXN000260,ACCT00226,2025-01-27 00:00:00,563.67,USD,ACH,Union Exchange,Netherlands,Wire
TXN000261,ACCT00249,2025-01-28 00:00:00,501.25,USD,CashDeposit,David Thomas,Singapore,Online
TXN000262,ACCT00083,2025-01-28 00:00:00,1029.61,USD,Withdrawal,Summit Enterprises,Ireland,Branch
TXN000263,ACCT00140,2025-01-28 00:00:00,2759.34,USD,Deposit,William Johnson,India,Branch
TXN000264,ACCT00066,2025-01-28 00:00:00,750.32,USD,Withdrawal,Charles Smith,Spain,Online
TXN000265,ACCT00049,2025-01-28 00:00:00,528.45,USD,CashDeposit,Charles Jones,Switzerland,Wire
TXN000266,ACCT00046,2025-01-28 00:00:00,552.04,USD,Deposit,Camila Anderson,Germany,ATM
TXN000267,ACCT00011,2025-01-28 00:00:00,607.76,USD,Deposit,Chloe Flores,North Korea,Wire
TXN000268,ACCT00092,2025-01-28 00:00:00,579.14,USD,Deposit,Sunrise Exchange,Switzerland,Wire
TXN000269,ACCT00176,2025-01-28 00:00:00,674.74,USD,Deposit,Wei Robinson,Ireland,ATM
TXN000270,ACCT00156,2025-01-28 00:00:00,811.55,USD,Deposit,Michael Perez,France,Branch
TXN000271,ACCT00045,2025-01-28 00:00:00,445.24,USD,Deposit,William Jackson,France,Online
TXN000272,ACCT00140,2025-01-29 00:00:00,1231.23,USD,Withdrawal,Sofia Flores,United Kingdom,Wire
TXN000273,ACCT00097,2025-01-29 00:00:00,1334.6,USD,Deposit,Prime Exchange,Netherlands,ATM
TXN000274,ACCT00161,2025-01-29 00:00:00,1615.91,USD,Deposit,Ahmed Johnson,Singapore,Online
TXN000275,ACCT00296,2025-01-29 00:00:00,2241.66,USD,WireTransfer,Sarah Miller,Switzerland,Wire
TXN000276,ACCT00019,2025-01-29 00:00:00,5000.0,USD,CashDeposit,John Walker,Libya,Branch
TXN000277,ACCT00256,2025-01-29 00:00:00,301.36,USD,Deposit,Prime Freight,Singapore,Wire
TXN000278,ACCT00005,2025-01-29 00:00:00,784.62,USD,ACH,Sofia Robinson,Libya,Online
TXN000279,ACCT00002,2025-01-29 00:00:00,15000.0,USD,CashDeposit,Silver Imports,Spain,Branch
TXN000280,ACCT00065,2025-01-29 00:00:00,894.83,USD,WireTransfer,Linda Anderson,Spain,ATM
TXN000281,ACCT00085,2025-01-29 00:00:00,559.51,USD,CashDeposit,Horizon Enterprises,United States,ATM
TXN000282,ACCT00028,2025-01-30 00:00:00,475.87,USD,ACH,Michael Thomas,Germany,ATM
TXN000283,ACCT00282,2025-01-30 00:00:00,795.11,USD,Deposit,Ava Lopez,Singapore,Wire
TXN000284,ACCT00253,2025-01-30 00:00:00,1826.97,USD,Deposit,Prime Group,Netherlands,ATM
TXN000285,ACCT00105,2025-01-30 00:00:00,4329.89,USD,CashDeposit,Sofia Martin,Japan,ATM
TXN000286,ACCT00256,2025-01-30 00:00:00,2213.83,USD,ACH,Sven Rodriguez,UAE,Online
TXN000287,ACCT00116,2025-01-30 00:00:00,722.3,USD,WireTransfer,Sven Sanchez,United Kingdom,Branch
TXN000288,ACCT00026,2025-01-30 00:00:00,735.7,USD,Withdrawal,Ethan Brown,Canada,Branch
TXN000289,ACCT00072,2025-01-30 00:00:00,342.78,USD,Deposit,Ethan Jackson,India,Branch
TXN000290,ACCT00063,2025-01-31 00:00:00,583.52,USD,WireTransfer,Michael Rodriguez,UAE,Online
TXN000291,ACCT00081,2025-01-31 00:00:00,659.1,USD,WireTransfer,Emma Gonzalez,United Kingdom,ATM
TXN000292,ACCT00124,2025-01-31 00:00:00,698.95,USD,Withdrawal,Sven Lewis,France,Online
TXN000293,ACCT00039,2025-01-31 00:00:00,396.39,USD,Withdrawal,Camila Lopez,Libya,Branch
TXN000294,ACCT00084,2025-01-31 00:00:00,373.71,USD,WireTransfer,Yuki Clark,Canada,Online
TXN000295,ACCT00224,2025-01-31 00:00:00,4708.73,USD,CashDeposit,Sarah Hill,Canada,Branch
TXN000296,ACCT00106,2025-01-31 00:00:00,475.91,USD,WireTransfer,Linda Brown,Switzerland,ATM
TXN000297,ACCT00189,2025-01-31 00:00:00,223.2,USD,CashDeposit,Robert King,United States,ATM
TXN000298,ACCT00139,2025-01-31 00:00:00,579.77,USD,WireTransfer,David Jackson,Spain,ATM
TXN000299,ACCT00108,2025-01-31 00:00:00,401.51,USD,CashDeposit,Global Ventures,United Kingdom,ATM
TXN000300,ACCT00319,2025-01-31 00:00:00,191.28,USD,Deposit,Anchor Partners,Germany,Wire
TXN000301,ACCT00230,2025-01-31 00:00:00,413.23,USD,Deposit,Mary Lewis,Switzerland,Online
TXN000302,ACCT00269,2025-01-31 00:00:00,312.07,USD,Deposit,Anchor Traders,United States,Branch
TXN000303,ACCT00275,2025-02-01 00:00:00,218.32,USD,Withdrawal,Jessica Clark,Germany,Wire
TXN000304,ACCT00287,2025-02-01 00:00:00,246.2,USD,Withdrawal,Karen Perez,Germany,Online
TXN000305,ACCT00212,2025-02-01 00:00:00,766.06,USD,ACH,Sunrise Imports,Singapore,Online
TXN000306,ACCT00005,2025-02-01 00:00:00,274.56,USD,CashDeposit,Summit Group,Syria,Online
TXN000307,ACCT00306,2025-02-01 00:00:00,3360.43,USD,Deposit,Mateo Perez,Germany,ATM
TXN000308,ACCT00003,2025-02-01 00:00:00,236.84,USD,Withdrawal,Arjun Lopez,Libya,Online
TXN000309,ACCT00105,2025-02-01 00:00:00,340.99,USD,ACH,Elizabeth Nguyen,Switzerland,Branch
TXN000310,ACCT00279,2025-02-01 00:00:00,691.9,USD,Withdrawal,Jennifer Hill,Australia,ATM
TXN000311,ACCT00268,2025-02-01 00:00:00,940.78,USD,ACH,Mia Johnson,Japan,Branch
TXN000312,ACCT00322,2025-02-01 00:00:00,1501.81,USD,Deposit,Jessica Jackson,Singapore,Branch
TXN000313,ACCT00270,2025-02-02 00:00:00,294.31,USD,CashDeposit,Summit Enterprises,Spain,Online
TXN000314,ACCT00159,2025-02-02 00:00:00,517.22,USD,Deposit,Delta Holdings,Canada,ATM
TXN000315,ACCT00104,2025-02-02 00:00:00,516.8,USD,WireTransfer,Linda Torres,Canada,Wire
TXN000316,ACCT00050,2025-02-02 00:00:00,352.62,USD,WireTransfer,Atlas Group,Germany,ATM
TXN000317,ACCT00083,2025-02-02 00:00:00,2953.44,USD,Deposit,William White,United Kingdom,ATM
TXN000318,ACCT00215,2025-02-02 00:00:00,1801.85,USD,Deposit,Sunrise Traders,United Kingdom,Online
TXN000319,ACCT00293,2025-02-02 00:00:00,2679.68,USD,Deposit,Robert Williams,Australia,ATM
TXN000320,ACCT00016,2025-02-02 00:00:00,8689.99,USD,CashDeposit,Horizon Imports,Singapore,Branch
TXN000321,ACCT00061,2025-02-02 00:00:00,38.53,USD,ACH,Ava Garcia,United States,Branch
TXN000322,ACCT00219,2025-02-02 00:00:00,4852.63,USD,Withdrawal,Ahmed Johnson,Canada,Online
TXN000323,ACCT00258,2025-02-02 00:00:00,1102.49,USD,ACH,Ahmed Scott,Netherlands,Wire
TXN000324,ACCT00269,2025-02-03 00:00:00,594.0,USD,WireTransfer,Wei White,Netherlands,Wire
TXN000325,ACCT00114,2025-02-03 00:00:00,1108.99,USD,Withdrawal,Liam White,Ireland,Wire
TXN000326,ACCT00286,2025-02-03 00:00:00,1195.32,USD,Deposit,Crown Partners,Japan,Branch
TXN000327,ACCT00127,2025-02-03 00:00:00,836.3,USD,WireTransfer,Ahmed Torres,UAE,Wire
TXN000328,ACCT00256,2025-02-03 00:00:00,428.25,USD,ACH,Jennifer Jackson,Netherlands,Branch
TXN000329,ACCT00231,2025-02-03 00:00:00,117.47,USD,WireTransfer,Diego Martinez,Japan,Branch
TXN000330,ACCT00088,2025-02-03 00:00:00,1160.06,USD,CashDeposit,Crown Ventures,Canada,Wire
TXN000331,ACCT00068,2025-02-03 00:00:00,550.65,USD,Withdrawal,Arjun Robinson,Spain,Wire
TXN000332,ACCT00092,2025-02-03 00:00:00,114.35,USD,WireTransfer,Summit Exchange,Australia,Online
TXN000333,ACCT00090,2025-02-03 00:00:00,1386.97,USD,WireTransfer,Prime Partners,Ireland,Branch
TXN000334,ACCT00256,2025-02-04 00:00:00,289.67,USD,WireTransfer,Mateo Taylor,Japan,Branch
TXN000335,ACCT00256,2025-02-04 00:00:00,1988.55,USD,Withdrawal,Jennifer Rodriguez,Germany,Online
TXN000336,ACCT00089,2025-02-04 00:00:00,1944.01,USD,CashDeposit,Diego Taylor,Netherlands,ATM
TXN000337,ACCT00112,2025-02-04 00:00:00,1230.74,USD,CashDeposit,Metro Ventures,Netherlands,Online
TXN000338,ACCT00156,2025-02-04 00:00:00,1313.19,USD,Deposit,Ava Miller,Netherlands,Online
TXN000339,ACCT00311,2025-02-04 00:00:00,73.8,USD,Deposit,Patricia White,United States,ATM
TXN000340,ACCT00216,2025-02-04 00:00:00,2221.63,USD,Deposit,Atlas Partners,Netherlands,Online
TXN000341,ACCT00041,2025-02-04 00:00:00,16833.17,USD,WireTransfer,Wei Brown,Switzerland,Wire
TXN000342,ACCT00312,2025-02-04 00:00:00,449.02,USD,WireTransfer,Richard Smith,India,Online
TXN000343,ACCT00118,2025-02-04 00:00:00,109.6,USD,Deposit,David Walker,UAE,Online
TXN000344,ACCT00301,2025-02-04 00:00:00,585.97,USD,CashDeposit,William Hernandez,Canada,Branch
TXN000345,ACCT00085,2025-02-04 00:00:00,168.7,USD,CashDeposit,Jessica Scott,United Kingdom,Online
TXN000346,ACCT00276,2025-02-04 00:00:00,966.18,USD,ACH,Silver Traders,Canada,Branch
TXN000347,ACCT00288,2025-02-04 00:00:00,2146.77,USD,WireTransfer,Emma Smith,Singapore,Branch
TXN000348,ACCT00041,2025-02-04 09:00:00,15647.61,USD,WireTransfer,Horizon Ventures,UAE,Wire
TXN000349,ACCT00215,2025-02-05 00:00:00,1262.03,USD,ACH,Union Freight,Singapore,Wire
TXN000350,ACCT00266,2025-02-05 00:00:00,1070.02,USD,Withdrawal,Nova Partners,Australia,Branch
TXN000351,ACCT00123,2025-02-05 00:00:00,2927.85,USD,ACH,Union Logistics,Switzerland,Wire
TXN000352,ACCT00137,2025-02-05 00:00:00,1920.25,USD,Withdrawal,Nova Freight,Japan,Branch
TXN000353,ACCT00160,2025-02-06 00:00:00,296.41,USD,WireTransfer,Ava Young,Switzerland,Online
TXN000354,ACCT00222,2025-02-06 00:00:00,574.75,USD,Deposit,Diego Thompson,India,ATM
TXN000355,ACCT00235,2025-02-06 00:00:00,91.34,USD,CashDeposit,Falcon Ventures,United Kingdom,ATM
TXN000356,ACCT00201,2025-02-06 00:00:00,625.3,USD,CashDeposit,William Gonzalez,Singapore,Branch
TXN000357,ACCT00207,2025-02-06 00:00:00,96.77,USD,Deposit,Emma Jones,United Kingdom,Branch
TXN000358,ACCT00123,2025-02-06 00:00:00,258.82,USD,WireTransfer,Elizabeth Gonzalez,UAE,Online
TXN000359,ACCT00224,2025-02-07 00:00:00,781.0,USD,CashDeposit,Sven White,Germany,Online
TXN000360,ACCT00084,2025-02-07 00:00:00,109.73,USD,ACH,Elizabeth Wilson,United States,Wire
TXN000361,ACCT00082,2025-02-07 00:00:00,2671.0,USD,Deposit,Emma Martinez,Ireland,ATM
TXN000362,ACCT00030,2025-02-07 00:00:00,1928.64,USD,WireTransfer,David Hernandez,Yemen,Wire
TXN000363,ACCT00099,2025-02-07 00:00:00,3913.75,USD,Deposit,Jessica Walker,United States,Branch
TXN000364,ACCT00287,2025-02-07 00:00:00,780.13,USD,CashDeposit,Thomas Williams,UAE,Wire
TXN000365,ACCT00280,2025-02-07 00:00:00,554.77,USD,Deposit,Prime Traders,Australia,Wire
TXN000366,ACCT00290,2025-02-07 00:00:00,393.6,USD,ACH,Robert Hernandez,Japan,ATM
TXN000367,ACCT00281,2025-02-08 00:00:00,567.16,USD,Deposit,Delta Partners,France,Online
TXN000368,ACCT00210,2025-02-08 00:00:00,79.78,USD,Withdrawal,Anchor Imports,Canada,ATM
TXN000369,ACCT00306,2025-02-08 00:00:00,308.74,USD,Withdrawal,John Williams,United States,Online
TXN000370,ACCT00225,2025-02-08 00:00:00,268.54,USD,ACH,Prime Traders,Japan,Branch
TXN000371,ACCT00257,2025-02-08 00:00:00,801.72,USD,CashDeposit,Global Traders,France,ATM
TXN000372,ACCT00079,2025-02-09 00:00:00,303.08,USD,WireTransfer,Sarah Taylor,United Kingdom,ATM
TXN000373,ACCT00169,2025-02-09 00:00:00,1093.88,USD,Deposit,Summit Group,United States,Wire
TXN000374,ACCT00297,2025-02-09 00:00:00,383.91,USD,CashDeposit,Mary Nguyen,Australia,ATM
TXN000375,ACCT00140,2025-02-09 00:00:00,2216.94,USD,ACH,Olga Harris,Australia,Wire
TXN000376,ACCT00026,2025-02-09 00:00:00,1363.2,USD,ACH,Lucas Hernandez,Iran,Wire
TXN000377,ACCT00132,2025-02-09 00:00:00,1268.02,USD,Withdrawal,Jennifer Jackson,United Kingdom,Branch
TXN000378,ACCT00027,2025-02-09 00:00:00,567.87,USD,CashDeposit,Anchor Group,Iran,ATM
TXN000379,ACCT00242,2025-02-10 00:00:00,3372.01,USD,CashDeposit,Michael Sanchez,Singapore,ATM
TXN000380,ACCT00061,2025-02-10 00:00:00,2148.94,USD,Withdrawal,Charles Moore,Germany,ATM
TXN000381,ACCT00285,2025-02-10 00:00:00,113.17,USD,WireTransfer,Sunrise Traders,United Kingdom,Wire
TXN000382,ACCT00160,2025-02-10 00:00:00,1274.68,USD,Withdrawal,Atlas Trading,Canada,ATM
TXN000383,ACCT00075,2025-02-10 00:00:00,542.63,USD,ACH,Yuki Miller,Canada,Online
TXN000384,ACCT00297,2025-02-10 00:00:00,575.77,USD,CashDeposit,Ahmed Johnson,United Kingdom,Online
TXN000385,ACCT00315,2025-02-10 00:00:00,372.13,USD,Withdrawal,Olga Nguyen,Singapore,ATM
TXN000386,ACCT00056,2025-02-10 00:00:00,5298.93,USD,CashDeposit,Olga Green,UAE,Branch
TXN000387,ACCT00186,2025-02-10 00:00:00,1297.69,USD,Deposit,Jessica Taylor,Netherlands,Wire
TXN000388,ACCT00249,2025-02-11 00:00:00,728.65,USD,WireTransfer,Priya Johnson,United Kingdom,Wire
TXN000389,ACCT00083,2025-02-11 00:00:00,360.18,USD,Deposit,Mia Jackson,United Kingdom,Branch
TXN000390,ACCT00267,2025-02-11 00:00:00,205.64,USD,CashDeposit,Wei Hernandez,Canada,ATM
TXN000391,ACCT00031,2025-02-11 00:00:00,613.75,USD,ACH,Thomas Garcia,Venezuela,Branch
TXN000392,ACCT00319,2025-02-12 00:00:00,90.55,USD,Withdrawal,Delta Enterprises,Netherlands,Branch
TXN000393,ACCT00147,2025-02-12 00:00:00,3223.13,USD,Withdrawal,Jennifer Thompson,France,ATM
TXN000394,ACCT00279,2025-02-12 00:00:00,1016.45,USD,WireTransfer,Jennifer Jackson,Australia,Online
TXN000395,ACCT00251,2025-02-12 00:00:00,724.36,USD,ACH,Ahmed Hernandez,Spain,Branch
TXN000396,ACCT00249,2025-02-12 00:00:00,293.62,USD,Withdrawal,Anchor Group,Ireland,Wire
TXN000397,ACCT00249,2025-02-12 00:00:00,1834.72,USD,WireTransfer,Mia Garcia,Ireland,Online
TXN000398,ACCT00284,2025-02-12 00:00:00,657.8,USD,Withdrawal,Global Logistics,United States,Branch
TXN000399,ACCT00314,2025-02-12 00:00:00,1386.58,USD,Withdrawal,Metro Group,Switzerland,Online
TXN000400,ACCT00199,2025-02-12 00:00:00,936.68,USD,Deposit,Jessica Hill,UAE,Branch
TXN000401,ACCT00177,2025-02-12 00:00:00,3807.16,USD,WireTransfer,James Hernandez,Switzerland,Branch
TXN000402,ACCT00025,2025-02-12 00:00:00,437.84,USD,CashDeposit,Nova Imports,Afghanistan,Online
TXN000403,ACCT00055,2025-02-12 00:00:00,1179.19,USD,WireTransfer,Delta Traders,France,Wire
TXN000404,ACCT00024,2025-02-12 00:00:00,294.03,USD,WireTransfer,Joseph Ramirez,Afghanistan,Online
TXN000405,ACCT00134,2025-02-13 00:00:00,167.4,USD,CashDeposit,Pacific Trading,Japan,Online
TXN000406,ACCT00095,2025-02-13 00:00:00,1011.85,USD,Deposit,Mary Scott,Canada,ATM
TXN000407,ACCT00124,2025-02-13 00:00:00,161.96,USD,ACH,Global Partners,France,Branch
TXN000408,ACCT00292,2025-02-13 00:00:00,3475.93,USD,CashDeposit,Metro Capital,France,Wire
TXN000409,ACCT00291,2025-02-13 00:00:00,322.47,USD,CashDeposit,Karen Hill,Australia,Wire
TXN000410,ACCT00031,2025-02-13 00:00:00,163.18,USD,WireTransfer,Global Exchange,Netherlands,Wire
TXN000411,ACCT00247,2025-02-13 00:00:00,181.72,USD,Withdrawal,Prime Exchange,Canada,Online
TXN000412,ACCT00210,2025-02-13 00:00:00,70.94,USD,WireTransfer,Michael Thomas,United States,Branch
TXN000413,ACCT00138,2025-02-13 00:00:00,479.19,USD,Deposit,Priya Flores,United Kingdom,Online
TXN000414,ACCT00027,2025-02-13 00:00:00,144.89,USD,CashDeposit,Falcon Trading,Venezuela,Branch
TXN000415,ACCT00014,2025-02-13 00:00:00,8719.87,USD,Deposit,Susan Wright,Yemen,Online
TXN000416,ACCT00241,2025-02-13 00:00:00,1682.52,USD,Withdrawal,Linda Hill,Netherlands,Branch
TXN000417,ACCT00292,2025-02-14 00:00:00,143.64,USD,WireTransfer,Elizabeth Lee,Ireland,Online
TXN000418,ACCT00281,2025-02-14 00:00:00,88.37,USD,Withdrawal,Wei Robinson,UAE,Wire
TXN000419,ACCT00002,2025-02-14 00:00:00,22202.94,USD,WireTransfer,Crown Trading,Venezuela,Wire
TXN000420,ACCT00223,2025-02-14 00:00:00,1079.71,USD,WireTransfer,Jessica Rodriguez,India,ATM
TXN000421,ACCT00262,2025-02-14 00:00:00,777.97,USD,WireTransfer,Arjun Jackson,Japan,Online
TXN000422,ACCT00056,2025-02-14 00:00:00,409.98,USD,WireTransfer,Olga Hill,Australia,Wire
TXN000423,ACCT00048,2025-02-14 00:00:00,1632.53,USD,WireTransfer,Mary Walker,Japan,Wire
TXN000424,ACCT00210,2025-02-14 00:00:00,362.54,USD,Deposit,Anchor Capital,UAE,Branch
TXN000425,ACCT00102,2025-02-14 00:00:00,1021.28,USD,Withdrawal,Summit Trading,United States,Online
TXN000426,ACCT00241,2025-02-14 00:00:00,831.93,USD,Deposit,Ava Scott,United Kingdom,Online
TXN000427,ACCT00004,2025-02-14 00:00:00,71.5,USD,ACH,Jessica Smith,Syria,Branch
TXN000428,ACCT00165,2025-02-14 00:00:00,148.93,USD,Withdrawal,Wei Garcia,UAE,ATM
TXN000429,ACCT00002,2025-02-14 21:00:00,21642.09,USD,WireTransfer,Patricia Rodriguez,Netherlands,Wire
TXN000430,ACCT00156,2025-02-15 00:00:00,1614.67,USD,Withdrawal,Metro Capital,Ireland,ATM
TXN000431,ACCT00101,2025-02-15 00:00:00,711.23,USD,Deposit,Olga Jackson,United Kingdom,Online
TXN000432,ACCT00273,2025-02-15 00:00:00,697.1,USD,WireTransfer,Linda Hill,Germany,Branch
TXN000433,ACCT00200,2025-02-15 00:00:00,3848.64,USD,WireTransfer,Joseph Lee,Netherlands,ATM
TXN000434,ACCT00098,2025-02-15 00:00:00,765.77,USD,ACH,William Brown,France,Online
TXN000435,ACCT00287,2025-02-15 00:00:00,187.82,USD,ACH,Sunrise Partners,India,Wire
TXN000436,ACCT00127,2025-02-15 00:00:00,1642.41,USD,WireTransfer,Lucas White,UAE,Online
TXN000437,ACCT00139,2025-02-16 00:00:00,293.17,USD,WireTransfer,Wei Lee,United Kingdom,Online
TXN000438,ACCT00039,2025-02-16 00:00:00,557.27,USD,CashDeposit,Joseph Robinson,Canada,Branch
TXN000439,ACCT00325,2025-02-16 00:00:00,1818.79,USD,CashDeposit,Liam Lewis,United Kingdom,Online
TXN000440,ACCT00280,2025-02-16 00:00:00,598.04,USD,Withdrawal,Mateo Lee,United States,ATM
TXN000441,ACCT00176,2025-02-16 00:00:00,792.2,USD,Withdrawal,Fatima Smith,Switzerland,Online
TXN000442,ACCT00202,2025-02-16 00:00:00,234.62,USD,Withdrawal,Horizon Freight,Japan,ATM
TXN000443,ACCT00110,2025-02-16 00:00:00,4623.6,USD,CashDeposit,Joseph Young,Ireland,ATM
TXN000444,ACCT00002,2025-02-16 00:00:00,15000.0,USD,WireTransfer,Atlas Freight,Switzerland,Branch
TXN000445,ACCT00246,2025-02-17 00:00:00,213.22,USD,WireTransfer,Anchor Ventures,Netherlands,Online
TXN000446,ACCT00072,2025-02-17 00:00:00,698.45,USD,WireTransfer,John Ramirez,Australia,ATM
TXN000447,ACCT00027,2025-02-17 00:00:00,1189.18,USD,Deposit,Fatima Robinson,Singapore,Online
TXN000448,ACCT00073,2025-02-17 00:00:00,694.93,USD,ACH,Liam Martinez,Ireland,Branch
TXN000449,ACCT00267,2025-02-17 00:00:00,2973.31,USD,CashDeposit,Elizabeth Martinez,United Kingdom,Branch
TXN000450,ACCT00264,2025-02-17 00:00:00,1092.47,USD,Deposit,Prime Group,UAE,Wire
TXN000451,ACCT00175,2025-02-17 00:00:00,126.5,USD,ACH,Ava Lewis,Netherlands,ATM
TXN000452,ACCT00237,2025-02-17 00:00:00,173.19,USD,ACH,Sunrise Imports,United Kingdom,ATM
TXN000453,ACCT00031,2025-02-17 00:00:00,1507.92,USD,WireTransfer,William Flores,Japan,Wire
TXN000454,ACCT00230,2025-02-17 00:00:00,457.76,USD,CashDeposit,Robert Williams,France,Wire
TXN000455,ACCT00200,2025-02-17 00:00:00,808.37,USD,Deposit,Delta Capital,Spain,Wire
TXN000456,ACCT00011,2025-02-17 00:00:00,20000.0,USD,WireTransfer,Arjun Scott,Afghanistan,Branch
TXN000457,ACCT00065,2025-02-17 00:00:00,223.72,USD,CashDeposit,John Lee,Netherlands,Wire
TXN000458,ACCT00161,2025-02-17 00:00:00,1013.93,USD,CashDeposit,Mateo Nguyen,Germany,Branch
TXN000459,ACCT00100,2025-02-18 00:00:00,2959.24,USD,WireTransfer,Linda Sanchez,France,Branch
TXN000460,ACCT00089,2025-02-18 00:00:00,5198.92,USD,CashDeposit,Arjun Martin,Singapore,Online
TXN000461,ACCT00325,2025-02-18 00:00:00,226.63,USD,CashDeposit,Michael Torres,Singapore,Online
TXN000462,ACCT00287,2025-02-18 00:00:00,1012.51,USD,Deposit,Lucas Williams,UAE,Branch
TXN000463,ACCT00170,2025-02-18 00:00:00,675.74,USD,CashDeposit,Emma Hill,Germany,Online
TXN000464,ACCT00143,2025-02-18 00:00:00,437.92,USD,ACH,William Jones,United Kingdom,ATM
TXN000465,ACCT00011,2025-02-18 00:00:00,173.91,USD,CashDeposit,Nova Holdings,Libya,Branch
TXN000466,ACCT00305,2025-02-18 00:00:00,753.07,USD,Withdrawal,Liam Davis,Australia,Branch
TXN000467,ACCT00116,2025-02-18 00:00:00,1301.59,USD,ACH,William Moore,Germany,Branch
TXN000468,ACCT00285,2025-02-18 00:00:00,83.46,USD,CashDeposit,Charles Lewis,United Kingdom,Branch
TXN000469,ACCT00111,2025-02-18 00:00:00,389.43,USD,ACH,Robert Harris,Canada,Branch
TXN000470,ACCT00322,2025-02-19 00:00:00,192.41,USD,Withdrawal,Ava Garcia,Canada,Wire
TXN000471,ACCT00144,2025-02-19 00:00:00,3126.19,USD,Deposit,Sven Scott,UAE,Online
TXN000472,ACCT00269,2025-02-19 00:00:00,1734.35,USD,WireTransfer,Global Traders,Canada,Wire
TXN000473,ACCT00064,2025-02-19 00:00:00,278.35,USD,CashDeposit,David Lopez,United States,Branch
TXN000474,ACCT00080,2025-02-19 00:00:00,602.51,USD,CashDeposit,Sarah Perez,Spain,ATM
TXN000475,ACCT00064,2025-02-19 00:00:00,564.56,USD,Deposit,Richard Wright,Singapore,Online
TXN000476,ACCT00167,2025-02-19 00:00:00,1524.97,USD,Withdrawal,Sven Lewis,Ireland,Branch
TXN000477,ACCT00274,2025-02-19 00:00:00,868.54,USD,WireTransfer,Metro Holdings,India,Branch
TXN000478,ACCT00226,2025-02-19 00:00:00,468.9,USD,ACH,Lucas Brown,United States,Online
TXN000479,ACCT00084,2025-02-20 00:00:00,206.41,USD,Withdrawal,Nova Imports,Spain,Wire
TXN000480,ACCT00318,2025-02-20 00:00:00,714.71,USD,Withdrawal,Pacific Trading,Ireland,Online
TXN000481,ACCT00266,2025-02-20 00:00:00,2391.12,USD,Withdrawal,Patricia Torres,Japan,ATM
TXN000482,ACCT00204,2025-02-20 00:00:00,799.38,USD,CashDeposit,Ava Nguyen,Switzerland,Branch
TXN000483,ACCT00091,2025-02-20 00:00:00,991.97,USD,Withdrawal,Barbara Lewis,Australia,Wire
TXN000484,ACCT00200,2025-02-20 00:00:00,846.68,USD,WireTransfer,Pacific Ventures,Ireland,Wire
TXN000485,ACCT00206,2025-02-20 00:00:00,352.29,USD,ACH,John Wilson,Germany,Online
TXN000486,ACCT00130,2025-02-20 00:00:00,156.33,USD,ACH,Linda Lopez,Japan,Online
TXN000487,ACCT00224,2025-02-20 00:00:00,211.17,USD,Withdrawal,Mateo Jones,Singapore,Wire
TXN000488,ACCT00328,2025-02-20 00:00:00,831.53,USD,CashDeposit,Sven Williams,Ireland,Wire
TXN000489,ACCT00146,2025-02-21 00:00:00,172.18,USD,ACH,Union Imports,Switzerland,Branch
TXN000490,ACCT00083,2025-02-21 00:00:00,474.81,USD,CashDeposit,Nova Enterprises,Ireland,Wire
TXN000491,ACCT00166,2025-02-21 00:00:00,243.73,USD,CashDeposit,Robert Smith,Germany,ATM
TXN000492,ACCT00235,2025-02-21 00:00:00,1255.97,USD,Deposit,Richard Hernandez,United States,Branch
TXN000493,ACCT00137,2025-02-21 00:00:00,984.78,USD,ACH,Global Freight,United States,Wire
TXN000494,ACCT00307,2025-02-21 00:00:00,720.36,USD,WireTransfer,Sunrise Enterprises,Ireland,Online
TXN000495,ACCT00165,2025-02-21 00:00:00,2831.32,USD,Withdrawal,William Jones,Spain,Branch
TXN000496,ACCT00135,2025-02-21 00:00:00,488.84,USD,ACH,Fatima Perez,France,Online
TXN000497,ACCT00276,2025-02-21 00:00:00,909.03,USD,Deposit,Thomas Scott,Spain,ATM
TXN000498,ACCT00247,2025-02-21 00:00:00,92.76,USD,Deposit,Union Traders,Netherlands,Online
TXN000499,ACCT00098,2025-02-21 00:00:00,530.34,USD,Withdrawal,Union Partners,Singapore,ATM
TXN000500,ACCT00312,2025-02-21 00:00:00,366.0,USD,CashDeposit,Noah Gonzalez,Australia,Branch
TXN000501,ACCT00125,2025-02-21 00:00:00,4408.93,USD,Deposit,David Johnson,Spain,Wire
TXN000502,ACCT00280,2025-02-21 00:00:00,1800.07,USD,ACH,Robert Wright,Ireland,ATM
TXN000503,ACCT00189,2025-02-21 00:00:00,1553.36,USD,Deposit,Horizon Holdings,Ireland,Branch
TXN000504,ACCT00138,2025-02-22 00:00:00,658.98,USD,WireTransfer,Linda White,Canada,ATM
TXN000505,ACCT00168,2025-02-22 00:00:00,694.91,USD,CashDeposit,William Jackson,Ireland,Wire
TXN000506,ACCT00016,2025-02-22 00:00:00,7500.0,USD,WireTransfer,Camila Anderson,Netherlands,Branch
TXN000507,ACCT00119,2025-02-22 00:00:00,583.32,USD,CashDeposit,Ethan Lee,France,Online
TXN000508,ACCT00050,2025-02-22 00:00:00,504.26,USD,CashDeposit,Mia Scott,Spain,ATM
TXN000509,ACCT00031,2025-02-23 00:00:00,627.72,USD,Deposit,Prime Group,Venezuela,ATM
TXN000510,ACCT00084,2025-02-23 00:00:00,1693.11,USD,Deposit,Emma King,United Kingdom,Online
TXN000511,ACCT00150,2025-02-23 00:00:00,549.55,USD,WireTransfer,Ava King,Spain,Online
TXN000512,ACCT00268,2025-02-23 00:00:00,1602.66,USD,Withdrawal,Silver Trading,United Kingdom,ATM
TXN000513,ACCT00328,2025-02-23 00:00:00,116.49,USD,ACH,Wei Green,Ireland,Online
TXN000514,ACCT00113,2025-02-23 00:00:00,231.9,USD,ACH,Global Freight,India,Branch
TXN000515,ACCT00143,2025-02-23 00:00:00,276.31,USD,WireTransfer,John Anderson,United Kingdom,Wire
TXN000516,ACCT00241,2025-02-23 00:00:00,3891.91,USD,CashDeposit,Falcon Freight,Germany,Wire
TXN000517,ACCT00047,2025-02-23 00:00:00,2042.34,USD,Withdrawal,John Martinez,Switzerland,Wire
TXN000518,ACCT00030,2025-02-23 00:00:00,2407.32,USD,ACH,Horizon Logistics,North Korea,Online
TXN000519,ACCT00293,2025-02-23 00:00:00,565.59,USD,Deposit,Linda Young,Singapore,Branch
TXN000520,ACCT00140,2025-02-23 00:00:00,424.03,USD,Deposit,Priya Johnson,Netherlands,ATM
TXN000521,ACCT00061,2025-02-23 00:00:00,2098.05,USD,WireTransfer,Ahmed Martin,Canada,Online
TXN000522,ACCT00076,2025-02-24 00:00:00,140.35,USD,WireTransfer,Yuki Sanchez,Ireland,Branch
TXN000523,ACCT00308,2025-02-24 00:00:00,2235.36,USD,ACH,Mary Taylor,Ireland,ATM
TXN000524,ACCT00146,2025-02-24 00:00:00,347.23,USD,Withdrawal,Jennifer Jones,France,ATM
TXN000525,ACCT00157,2025-02-24 00:00:00,688.25,USD,ACH,Mary Jackson,Spain,Wire
TXN000526,ACCT00216,2025-02-24 00:00:00,525.02,USD,Withdrawal,Karen Wilson,Ireland,Online
TXN000527,ACCT00309,2025-02-24 00:00:00,286.97,USD,CashDeposit,Jessica Smith,Japan,ATM
TXN000528,ACCT00012,2025-02-24 00:00:00,2368.77,USD,Withdrawal,Chloe Harris,Venezuela,ATM
TXN000529,ACCT00329,2025-02-24 00:00:00,893.62,USD,ACH,Linda Green,Singapore,Branch
TXN000530,ACCT00031,2025-02-24 00:00:00,96.57,USD,CashDeposit,Wei Clark,Spain,Branch
TXN000531,ACCT00257,2025-02-25 00:00:00,368.74,USD,Withdrawal,Liam Hernandez,UAE,Wire
TXN000532,ACCT00276,2025-02-25 00:00:00,189.07,USD,ACH,Sofia Rodriguez,India,Wire
TXN000533,ACCT00027,2025-02-25 00:00:00,274.85,USD,Withdrawal,Linda Scott,Libya,Branch
TXN000534,ACCT00269,2025-02-25 00:00:00,700.41,USD,WireTransfer,Metro Trading,India,Branch
TXN000535,ACCT00086,2025-02-25 00:00:00,1310.19,USD,Withdrawal,Emma Martinez,Canada,ATM
TXN000536,ACCT00236,2025-02-25 00:00:00,1303.92,USD,ACH,Charles Perez,United Kingdom,Online
TXN000537,ACCT00119,2025-02-25 00:00:00,1630.82,USD,WireTransfer,Chloe Wilson,Singapore,ATM
TXN000538,ACCT00143,2025-02-25 00:00:00,116.3,USD,Deposit,Nova Exchange,UAE,Online
TXN000539,ACCT00244,2025-02-26 00:00:00,1133.98,USD,Deposit,Camila Martinez,Canada,Wire
TXN000540,ACCT00228,2025-02-26 00:00:00,3003.8,USD,Withdrawal,Robert Jones,Switzerland,Online
TXN000541,ACCT00303,2025-02-26 00:00:00,826.68,USD,ACH,Nova Enterprises,United Kingdom,Branch
TXN000542,ACCT00105,2025-02-26 00:00:00,555.31,USD,Deposit,Liam Miller,Spain,Branch
TXN000543,ACCT00140,2025-02-26 00:00:00,726.8,USD,Withdrawal,Anchor Logistics,Switzerland,Branch
TXN000544,ACCT00151,2025-02-26 00:00:00,415.7,USD,Withdrawal,Lucas Moore,United States,Branch
TXN000545,ACCT00310,2025-02-27 00:00:00,352.33,USD,Withdrawal,Linda Brown,Australia,Wire
TXN000546,ACCT00207,2025-02-27 00:00:00,521.45,USD,Deposit,Chloe Hernandez,Singapore,Wire
TXN000547,ACCT00249,2025-02-27 00:00:00,366.83,USD,CashDeposit,Mia Rodriguez,Japan,Wire
TXN000548,ACCT00163,2025-02-27 00:00:00,2234.88,USD,CashDeposit,Falcon Capital,Germany,Branch
TXN000549,ACCT00029,2025-02-27 00:00:00,53836.15,USD,WireTransfer,Diego Thomas,Afghanistan,Wire
TXN000550,ACCT00097,2025-02-27 00:00:00,726.62,USD,CashDeposit,Mia Wright,Singapore,Branch
TXN000551,ACCT00267,2025-02-27 00:00:00,192.66,USD,ACH,Sunrise Trading,Canada,Wire
TXN000552,ACCT00292,2025-02-27 00:00:00,899.37,USD,Withdrawal,Sarah Rodriguez,India,Branch
TXN000553,ACCT00029,2025-02-27 02:00:00,48747.44,USD,WireTransfer,Arjun Taylor,Iran,Wire
TXN000554,ACCT00012,2025-02-28 00:00:00,215.85,USD,CashDeposit,Sofia Johnson,Syria,Online
TXN000555,ACCT00167,2025-02-28 00:00:00,210.97,USD,WireTransfer,Nova Enterprises,UAE,Wire
TXN000556,ACCT00047,2025-02-28 00:00:00,194.44,USD,ACH,Mary Wright,Singapore,ATM
TXN000557,ACCT00042,2025-02-28 00:00:00,562.78,USD,Deposit,Charles Torres,Yemen,Online
TXN000558,ACCT00086,2025-02-28 00:00:00,132.48,USD,ACH,Joseph Lee,Ireland,Online
TXN000559,ACCT00325,2025-03-01 00:00:00,310.28,USD,ACH,Crown Capital,Switzerland,Branch
TXN000560,ACCT00204,2025-03-01 00:00:00,464.23,USD,CashDeposit,Sunrise Imports,Australia,Branch
TXN000561,ACCT00292,2025-03-01 00:00:00,273.06,USD,WireTransfer,Anchor Trading,France,ATM
TXN000562,ACCT00084,2025-03-01 00:00:00,169.55,USD,Deposit,Mia Lee,UAE,Online
TXN000563,ACCT00220,2025-03-01 00:00:00,537.96,USD,WireTransfer,Ava Sanchez,Singapore,ATM
TXN000564,ACCT00267,2025-03-01 00:00:00,4262.89,USD,Withdrawal,Yuki Clark,Canada,Online
TXN000565,ACCT00100,2025-03-01 00:00:00,1430.93,USD,WireTransfer,Sarah White,United Kingdom,Branch
TXN000566,ACCT00311,2025-03-01 00:00:00,642.57,USD,CashDeposit,Jennifer Lewis,India,ATM
TXN000567,ACCT00072,2025-03-01 00:00:00,906.71,USD,WireTransfer,Union Holdings,UAE,ATM
TXN000568,ACCT00059,2025-03-01 00:00:00,690.91,USD,CashDeposit,Lucas Taylor,Singapore,ATM
TXN000569,ACCT00001,2025-03-02 00:00:00,697.43,USD,Withdrawal,Fatima Martinez,Yemen,Branch
TXN000570,ACCT00272,2025-03-02 00:00:00,439.13,USD,WireTransfer,Linda Thompson,Ireland,Branch
TXN000571,ACCT00305,2025-03-02 00:00:00,1541.2,USD,CashDeposit,Silver Freight,UAE,Wire
TXN000572,ACCT00107,2025-03-02 00:00:00,551.62,USD,Withdrawal,Sunrise Group,India,Wire
TXN000573,ACCT00072,2025-03-02 00:00:00,332.65,USD,Deposit,Susan Green,Switzerland,Wire
TXN000574,ACCT00055,2025-03-02 00:00:00,1628.14,USD,Withdrawal,William Miller,Ireland,Wire
TXN000575,ACCT00298,2025-03-03 00:00:00,206.95,USD,CashDeposit,Wei Young,Australia,Branch
TXN000576,ACCT00186,2025-03-03 00:00:00,543.76,USD,Withdrawal,James Wright,India,ATM
TXN000577,ACCT00188,2025-03-03 00:00:00,1864.19,USD,ACH,Patricia Wright,Japan,Wire
TXN000578,ACCT00183,2025-03-03 00:00:00,1850.82,USD,CashDeposit,Patricia Jackson,India,Branch
TXN000579,ACCT00267,2025-03-03 00:00:00,5409.13,USD,CashDeposit,Horizon Freight,India,Branch
TXN000580,ACCT00224,2025-03-03 00:00:00,1055.39,USD,Deposit,Richard Lewis,Canada,Online
TXN000581,ACCT00207,2025-03-03 00:00:00,631.18,USD,ACH,Emma Gonzalez,Canada,Online
TXN000582,ACCT00217,2025-03-03 00:00:00,871.36,USD,Deposit,Prime Traders,United Kingdom,Wire
TXN000583,ACCT00201,2025-03-03 00:00:00,1594.82,USD,WireTransfer,Lucas Harris,Canada,Branch
TXN000584,ACCT00135,2025-03-03 00:00:00,275.37,USD,Withdrawal,Atlas Logistics,United States,Wire
TXN000585,ACCT00196,2025-03-03 00:00:00,3079.02,USD,CashDeposit,Karen Lewis,United Kingdom,ATM
TXN000586,ACCT00060,2025-03-03 00:00:00,420.36,USD,CashDeposit,James Wilson,Australia,Wire
TXN000587,ACCT00302,2025-03-03 00:00:00,382.96,USD,CashDeposit,Delta Capital,Singapore,Wire
TXN000588,ACCT00296,2025-03-04 00:00:00,323.56,USD,CashDeposit,Crown Holdings,United Kingdom,ATM
TXN000589,ACCT00240,2025-03-04 00:00:00,1218.31,USD,CashDeposit,Crown Partners,Singapore,Wire
TXN000590,ACCT00156,2025-03-04 00:00:00,996.55,USD,CashDeposit,Sunrise Group,UAE,Branch
TXN000591,ACCT00315,2025-03-04 00:00:00,205.79,USD,Deposit,Sunrise Ventures,Australia,ATM
TXN000592,ACCT00087,2025-03-04 00:00:00,172.93,USD,Deposit,Yuki Lee,India,Wire
TXN000593,ACCT00250,2025-03-04 00:00:00,420.08,USD,ACH,Sofia Wright,Spain,ATM
TXN000594,ACCT00190,2025-03-04 00:00:00,943.55,USD,Withdrawal,Ethan Thompson,Canada,Online
TXN000595,ACCT00092,2025-03-04 00:00:00,1412.82,USD,Withdrawal,Mia Hill,UAE,Wire
TXN000596,ACCT00266,2025-03-04 00:00:00,390.1,USD,ACH,Emma Anderson,UAE,Wire
TXN000597,ACCT00293,2025-03-04 00:00:00,584.02,USD,Withdrawal,Elizabeth Wright,Netherlands,Wire
TXN000598,ACCT00274,2025-03-05 00:00:00,404.67,USD,CashDeposit,Barbara Brown,UAE,Online
TXN000599,ACCT00327,2025-03-05 00:00:00,996.46,USD,Deposit,Metro Holdings,Ireland,Wire
TXN000600,ACCT00312,2025-03-05 00:00:00,603.06,USD,CashDeposit,Anchor Holdings,Japan,Online
TXN000601,ACCT00143,2025-03-05 00:00:00,3127.53,USD,CashDeposit,Charles Sanchez,United States,Wire
TXN000602,ACCT00149,2025-03-05 00:00:00,555.36,USD,ACH,Ahmed Thomas,Netherlands,Online
TXN000603,ACCT00243,2025-03-05 00:00:00,1944.75,USD,ACH,James Davis,Switzerland,ATM
TXN000604,ACCT00226,2025-03-05 00:00:00,2116.13,USD,ACH,Anchor Ventures,United States,Wire
TXN000605,ACCT00146,2025-03-05 00:00:00,1773.75,USD,ACH,Wei Scott,Japan,Wire
TXN000606,ACCT00258,2025-03-06 00:00:00,2301.11,USD,Deposit,Falcon Traders,Ireland,ATM
TXN000607,ACCT00320,2025-03-06 00:00:00,768.99,USD,Withdrawal,James King,Japan,Wire
TXN000608,ACCT00122,2025-03-06 00:00:00,9000.0,USD,Deposit,Susan Thomas,Netherlands,Online
TXN000609,ACCT00314,2025-03-06 00:00:00,338.39,USD,CashDeposit,Summit Capital,France,Wire
TXN000610,ACCT00299,2025-03-06 00:00:00,8116.42,USD,Deposit,Silver Partners,United States,Online
TXN000611,ACCT00134,2025-03-06 00:00:00,1024.46,USD,Withdrawal,Crown Imports,Singapore,ATM
TXN000612,ACCT00264,2025-03-06 00:00:00,537.29,USD,Withdrawal,Karen Green,Spain,Online
TXN000613,ACCT00292,2025-03-06 00:00:00,1719.89,USD,Deposit,Global Group,Australia,Online
TXN000614,ACCT00114,2025-03-06 00:00:00,106.63,USD,CashDeposit,Noah Green,Germany,Wire
TXN000615,ACCT00207,2025-03-07 00:00:00,3655.93,USD,CashDeposit,Linda Anderson,India,Branch
TXN000616,ACCT00156,2025-03-07 00:00:00,436.7,USD,CashDeposit,Olga Rodriguez,United States,ATM
TXN000617,ACCT00127,2025-03-07 00:00:00,142.64,USD,WireTransfer,Karen Brown,Netherlands,Wire
TXN000618,ACCT00028,2025-03-07 00:00:00,661.6,USD,Deposit,Nova Partners,Libya,ATM
TXN000619,ACCT00049,2025-03-07 00:00:00,1369.96,USD,Withdrawal,Richard Lee,France,Branch
TXN000620,ACCT00150,2025-03-08 00:00:00,182.5,USD,Withdrawal,Chloe King,Japan,ATM
TXN000621,ACCT00229,2025-03-08 00:00:00,325.37,USD,ACH,Michael Jackson,Germany,Branch
TXN000622,ACCT00001,2025-03-08 00:00:00,697.91,USD,WireTransfer,Pacific Imports,Libya,Branch
TXN000623,ACCT00251,2025-03-08 00:00:00,283.35,USD,WireTransfer,Anchor Ventures,Germany,Wire
TXN000624,ACCT00081,2025-03-08 00:00:00,1137.41,USD,ACH,Thomas Jackson,Canada,Online
TXN000625,ACCT00135,2025-03-08 00:00:00,293.8,USD,CashDeposit,Richard Gonzalez,United States,Branch
TXN000626,ACCT00072,2025-03-08 00:00:00,3826.01,USD,CashDeposit,Emma Young,Singapore,Wire
TXN000627,ACCT00090,2025-03-08 00:00:00,518.69,USD,Deposit,Linda Jones,UAE,Wire
TXN000628,ACCT00165,2025-03-09 00:00:00,464.16,USD,CashDeposit,Olga Torres,Japan,Wire
TXN000629,ACCT00166,2025-03-09 00:00:00,323.2,USD,Withdrawal,Susan Smith,Singapore,Branch
TXN000630,ACCT00085,2025-03-09 00:00:00,2200.79,USD,WireTransfer,Jennifer Johnson,Germany,ATM
TXN000631,ACCT00100,2025-03-09 00:00:00,899.46,USD,Deposit,Elizabeth Taylor,UAE,ATM
TXN000632,ACCT00012,2025-03-09 00:00:00,371.37,USD,Deposit,Prime Capital,Venezuela,Online
TXN000633,ACCT00289,2025-03-09 00:00:00,252.64,USD,CashDeposit,Fatima Nguyen,Canada,Branch
TXN000634,ACCT00182,2025-03-09 00:00:00,523.79,USD,WireTransfer,Pacific Enterprises,United States,Branch
TXN000635,ACCT00173,2025-03-09 00:00:00,333.49,USD,Deposit,Patricia Lewis,Spain,Wire
TXN000636,ACCT00089,2025-03-09 00:00:00,1503.78,USD,Deposit,Fatima Rodriguez,Australia,Wire
TXN000637,ACCT00066,2025-03-09 00:00:00,123.37,USD,WireTransfer,Patricia Torres,India,Branch
TXN000638,ACCT00129,2025-03-10 00:00:00,463.24,USD,CashDeposit,David Green,Netherlands,Online
TXN000639,ACCT00098,2025-03-10 00:00:00,3112.69,USD,WireTransfer,Arjun Jackson,Switzerland,Online
TXN000640,ACCT00188,2025-03-10 00:00:00,163.11,USD,Deposit,Elizabeth Martinez,Ireland,ATM
TXN000641,ACCT00159,2025-03-10 00:00:00,2758.3,USD,CashDeposit,Pacific Freight,Germany,Online
TXN000642,ACCT00268,2025-03-10 00:00:00,2634.63,USD,Withdrawal,Summit Partners,Japan,ATM
TXN000643,ACCT00068,2025-03-10 00:00:00,1182.6,USD,CashDeposit,Barbara Harris,UAE,Wire
TXN000644,ACCT00228,2025-03-11 00:00:00,530.78,USD,Withdrawal,Sunrise Imports,India,Branch
TXN000645,ACCT00319,2025-03-11 00:00:00,269.83,USD,Deposit,Mateo Hill,Germany,ATM
TXN000646,ACCT00171,2025-03-11 00:00:00,1802.8,USD,Withdrawal,Barbara Martinez,United States,Wire
TXN000647,ACCT00078,2025-03-11 00:00:00,1980.91,USD,Deposit,Yuki Flores,Switzerland,Online
TXN000648,ACCT00300,2025-03-11 00:00:00,394.69,USD,Deposit,Priya Sanchez,UAE,Online
TXN000649,ACCT00038,2025-03-11 00:00:00,31951.83,USD,WireTransfer,Rashid Al-Amin,Afghanistan,Wire
TXN000650,ACCT00241,2025-03-11 00:00:00,1144.62,USD,ACH,Priya Davis,Singapore,Wire
TXN000651,ACCT00243,2025-03-12 00:00:00,1665.64,USD,Deposit,Nova Enterprises,Netherlands,Branch
TXN000652,ACCT00112,2025-03-12 00:00:00,1970.38,USD,Deposit,Diego King,United Kingdom,Branch
TXN000653,ACCT00028,2025-03-12 00:00:00,467.7,USD,ACH,Mateo Johnson,Ireland,Online
TXN000654,ACCT00039,2025-03-12 00:00:00,320.24,USD,Withdrawal,Sarah Garcia,Libya,ATM
TXN000655,ACCT00139,2025-03-12 00:00:00,1594.62,USD,Withdrawal,Mateo Scott,Japan,Wire
TXN000656,ACCT00083,2025-03-12 00:00:00,537.3,USD,WireTransfer,Sunrise Capital,Ireland,Online
TXN000657,ACCT00089,2025-03-12 00:00:00,533.12,USD,CashDeposit,Sven Perez,Australia,ATM
TXN000658,ACCT00139,2025-03-12 00:00:00,599.91,USD,Deposit,Diego White,Japan,Online
TXN000659,ACCT00024,2025-03-12 00:00:00,161.9,USD,ACH,Metro Partners,Switzerland,Online
TXN000660,ACCT00324,2025-03-12 00:00:00,441.73,USD,WireTransfer,Anchor Group,Ireland,Branch
TXN000661,ACCT00269,2025-03-12 00:00:00,839.48,USD,WireTransfer,Global Group,Japan,Wire
TXN000662,ACCT00160,2025-03-12 00:00:00,2701.6,USD,Deposit,John Nguyen,Japan,Wire
TXN000663,ACCT00311,2025-03-12 00:00:00,2535.19,USD,WireTransfer,Michael Hernandez,UAE,ATM
TXN000664,ACCT00065,2025-03-12 00:00:00,1297.78,USD,WireTransfer,Silver Ventures,Netherlands,ATM
TXN000665,ACCT00322,2025-03-13 00:00:00,315.66,USD,ACH,Mia Scott,India,Online
TXN000666,ACCT00199,2025-03-13 00:00:00,667.6,USD,ACH,Elizabeth Wilson,UAE,Branch
TXN000667,ACCT00088,2025-03-13 00:00:00,344.85,USD,CashDeposit,Falcon Imports,France,Branch
TXN000668,ACCT00171,2025-03-13 00:00:00,278.52,USD,CashDeposit,Prime Exchange,Japan,Wire
TXN000669,ACCT00155,2025-03-13 00:00:00,1671.79,USD,Withdrawal,Richard Martin,United Kingdom,ATM
TXN000670,ACCT00014,2025-03-13 00:00:00,527.98,USD,WireTransfer,Ahmed Jones,Syria,Online
TXN000671,ACCT00134,2025-03-13 00:00:00,1725.25,USD,WireTransfer,Richard Davis,United States,Wire
TXN000672,ACCT00225,2025-03-13 00:00:00,1020.06,USD,WireTransfer,Mateo Torres,Switzerland,Online
TXN000673,ACCT00011,2025-03-13 00:00:00,10000.0,USD,WireTransfer,Thomas Rodriguez,Syria,Branch
TXN000674,ACCT00190,2025-03-13 00:00:00,1382.81,USD,ACH,Susan Jackson,United States,Branch
TXN000675,ACCT00188,2025-03-13 00:00:00,268.34,USD,Deposit,Camila Wilson,Spain,ATM
TXN000676,ACCT00023,2025-03-13 00:00:00,468.4,USD,Withdrawal,Sarah Flores,Netherlands,Online
TXN000677,ACCT00109,2025-03-14 00:00:00,2246.57,USD,WireTransfer,Union Group,Ireland,Online
TXN000678,ACCT00001,2025-03-14 00:00:00,862.4,USD,Deposit,Sven Thomas,Venezuela,Branch
TXN000679,ACCT00208,2025-03-14 00:00:00,384.42,USD,ACH,Karen Green,Singapore,Branch
TXN000680,ACCT00251,2025-03-14 00:00:00,8558.55,USD,ACH,Falcon Freight,UAE,ATM
TXN000681,ACCT00082,2025-03-14 00:00:00,92.25,USD,ACH,Chloe Williams,India,Branch
TXN000682,ACCT00070,2025-03-14 00:00:00,1666.23,USD,ACH,Linda Lopez,Canada,Wire
TXN000683,ACCT00265,2025-03-14 00:00:00,2166.01,USD,CashDeposit,Yuki Harris,Singapore,Branch
TXN000684,ACCT00268,2025-03-14 00:00:00,390.94,USD,ACH,Falcon Logistics,Japan,Branch
TXN000685,ACCT00023,2025-03-14 00:00:00,841.05,USD,CashDeposit,Jennifer Sanchez,Japan,ATM
TXN000686,ACCT00171,2025-03-14 00:00:00,492.35,USD,WireTransfer,Fatima Wright,Ireland,Online
TXN000687,ACCT00190,2025-03-14 00:00:00,478.45,USD,Withdrawal,Metro Logistics,Netherlands,Online
TXN000688,ACCT00310,2025-03-14 00:00:00,336.67,USD,Withdrawal,Chloe Flores,Australia,Branch
TXN000689,ACCT00318,2025-03-15 00:00:00,811.43,USD,Withdrawal,Nova Traders,United States,ATM
TXN000690,ACCT00316,2025-03-15 00:00:00,8197.13,USD,ACH,Liam Miller,Germany,Wire
TXN000691,ACCT00032,2025-03-15 00:00:00,1888.51,USD,CashDeposit,Patricia Walker,Yemen,Wire
TXN000692,ACCT00265,2025-03-15 00:00:00,625.78,USD,Withdrawal,Jessica Nguyen,Australia,Online
TXN000693,ACCT00165,2025-03-15 00:00:00,687.32,USD,Deposit,Lucas Green,Japan,Online
TXN000694,ACCT00011,2025-03-15 00:00:00,799.42,USD,ACH,Ahmed Scott,Myanmar,Branch
TXN000695,ACCT00092,2025-03-15 00:00:00,1170.88,USD,ACH,Michael Hernandez,UAE,Wire
TXN000696,ACCT00073,2025-03-15 00:00:00,1743.9,USD,Deposit,Yuki Harris,Germany,Online
TXN000697,ACCT00090,2025-03-16 00:00:00,2150.54,USD,WireTransfer,Metro Traders,Australia,ATM
TXN000698,ACCT00056,2025-03-16 00:00:00,810.46,USD,ACH,Atlas Capital,Canada,Wire
TXN000699,ACCT00157,2025-03-16 00:00:00,941.69,USD,Deposit,Jessica Hernandez,United Kingdom,Online
TXN000700,ACCT00224,2025-03-16 00:00:00,486.67,USD,Withdrawal,Noah King,Spain,Online
TXN000701,ACCT00225,2025-03-16 00:00:00,796.18,USD,Deposit,Yuki Perez,France,ATM
TXN000702,ACCT00050,2025-03-16 00:00:00,1169.93,USD,ACH,Pacific Imports,United States,ATM
TXN000703,ACCT00188,2025-03-16 00:00:00,236.86,USD,WireTransfer,Arjun Lewis,UAE,ATM
TXN000704,ACCT00144,2025-03-16 00:00:00,1907.62,USD,WireTransfer,Pacific Logistics,United States,ATM
TXN000705,ACCT00087,2025-03-17 00:00:00,3170.08,USD,WireTransfer,Chloe Hernandez,India,ATM
TXN000706,ACCT00106,2025-03-17 00:00:00,228.71,USD,ACH,Union Logistics,Canada,Wire
TXN000707,ACCT00214,2025-03-17 00:00:00,547.47,USD,CashDeposit,Yuki Flores,Canada,ATM
TXN000708,ACCT00231,2025-03-17 00:00:00,401.88,USD,CashDeposit,Jessica Robinson,Spain,Online
TXN000709,ACCT00244,2025-03-17 00:00:00,552.46,USD,Deposit,Ahmed Wright,Australia,ATM
TXN000710,ACCT00224,2025-03-17 00:00:00,930.82,USD,WireTransfer,James White,UAE,Online
TXN000711,ACCT00137,2025-03-17 00:00:00,251.25,USD,ACH,Sunrise Logistics,India,Branch
TXN000712,ACCT00031,2025-03-17 00:00:00,512.33,USD,CashDeposit,Metro Exchange,North Korea,ATM
TXN000713,ACCT00178,2025-03-17 00:00:00,2732.12,USD,CashDeposit,Jennifer Perez,Japan,Branch
TXN000714,ACCT00150,2025-03-17 00:00:00,1018.3,USD,CashDeposit,Linda Wright,Switzerland,Wire
TXN000715,ACCT00087,2025-03-17 00:00:00,800.05,USD,WireTransfer,Mateo Martin,Singapore,Wire
TXN000716,ACCT00220,2025-03-17 00:00:00,588.33,USD,ACH,Jennifer Flores,Australia,Wire
TXN000717,ACCT00127,2025-03-17 00:00:00,798.95,USD,CashDeposit,Robert Flores,United Kingdom,ATM
TXN000718,ACCT00140,2025-03-17 00:00:00,1679.44,USD,WireTransfer,Global Partners,Canada,Online
TXN000719,ACCT00106,2025-03-17 00:00:00,711.84,USD,ACH,Metro Partners,Switzerland,Wire
TXN000720,ACCT00038,2025-03-17 15:00:00,9189.05,USD,CashDeposit,Susan Lopez,Syria,Branch
TXN000721,ACCT00297,2025-03-18 00:00:00,1561.53,USD,WireTransfer,Diego Green,Germany,Branch
TXN000722,ACCT00245,2025-03-18 00:00:00,1246.86,USD,Deposit,Sofia Clark,Ireland,ATM
TXN000723,ACCT00177,2025-03-18 00:00:00,739.33,USD,Deposit,Richard King,UAE,ATM
TXN000724,ACCT00250,2025-03-18 00:00:00,301.18,USD,WireTransfer,Liam Jackson,Japan,ATM
TXN000725,ACCT00309,2025-03-18 00:00:00,1408.03,USD,ACH,Atlas Trading,United States,ATM
TXN000726,ACCT00102,2025-03-18 00:00:00,1060.43,USD,Withdrawal,Union Ventures,Spain,ATM
TXN000727,ACCT00258,2025-03-18 00:00:00,2004.05,USD,CashDeposit,Elizabeth Rodriguez,Singapore,Wire
TXN000728,ACCT00271,2025-03-18 00:00:00,1936.0,USD,Withdrawal,Emma Walker,France,Wire
TXN000729,ACCT00038,2025-03-18 01:00:00,9635.55,USD,CashDeposit,Michael Jones,Syria,Branch
TXN000730,ACCT00165,2025-03-19 00:00:00,255.4,USD,Deposit,Ahmed Lee,Switzerland,ATM
TXN000731,ACCT00290,2025-03-19 00:00:00,219.83,USD,CashDeposit,Linda Clark,Ireland,Branch
TXN000732,ACCT00230,2025-03-19 00:00:00,367.27,USD,ACH,Prime Logistics,Germany,ATM
TXN000733,ACCT00120,2025-03-19 00:00:00,602.7,USD,ACH,Nova Traders,Switzerland,Online
TXN000734,ACCT00179,2025-03-19 00:00:00,475.45,USD,ACH,William Harris,Germany,Wire
TXN000735,ACCT00038,2025-03-19 14:00:00,9747.12,USD,CashDeposit,Linda Young,India,Branch
TXN000736,ACCT00135,2025-03-20 00:00:00,945.25,USD,CashDeposit,Prime Ventures,Germany,Online
TXN000737,ACCT00064,2025-03-20 00:00:00,9000.0,USD,CashDeposit,Arjun Davis,Australia,ATM
TXN000738,ACCT00254,2025-03-20 00:00:00,190.43,USD,ACH,Susan Miller,Australia,Branch
TXN000739,ACCT00046,2025-03-20 00:00:00,1745.88,USD,WireTransfer,Chloe Martin,Ireland,Branch
TXN000740,ACCT00208,2025-03-20 00:00:00,2912.99,USD,ACH,Crown Traders,Germany,ATM
TXN000741,ACCT00247,2025-03-20 00:00:00,455.98,USD,Deposit,William White,India,Online
TXN000742,ACCT00306,2025-03-20 00:00:00,266.59,USD,ACH,Michael Hernandez,Netherlands,ATM
TXN000743,ACCT00228,2025-03-20 00:00:00,1303.68,USD,CashDeposit,Arjun Hernandez,Germany,Online
TXN000744,ACCT00231,2025-03-20 00:00:00,938.6,USD,Deposit,Sven Nguyen,Japan,ATM
TXN000745,ACCT00215,2025-03-20 00:00:00,724.3,USD,Withdrawal,Olga Johnson,Australia,ATM
TXN000746,ACCT00038,2025-03-20 03:00:00,9380.64,USD,CashDeposit,Nova Group,Afghanistan,Branch
TXN000747,ACCT00025,2025-03-21 00:00:00,183.38,USD,CashDeposit,Diego Thomas,North Korea,ATM
TXN000748,ACCT00254,2025-03-21 00:00:00,289.06,USD,ACH,Mary Lewis,India,Branch
TXN000749,ACCT00087,2025-03-21 00:00:00,251.74,USD,Deposit,Noah Jackson,Switzerland,ATM
TXN000750,ACCT00072,2025-03-21 00:00:00,879.18,USD,ACH,Sven Brown,India,ATM
TXN000751,ACCT00134,2025-03-21 00:00:00,355.41,USD,WireTransfer,Karen White,India,Online
TXN000752,ACCT00235,2025-03-21 00:00:00,344.65,USD,Deposit,Linda Martinez,United States,Branch
TXN000753,ACCT00143,2025-03-21 00:00:00,214.04,USD,ACH,Falcon Trading,Switzerland,Online
TXN000754,ACCT00294,2025-03-21 00:00:00,285.73,USD,ACH,Sofia Anderson,Australia,Branch
TXN000755,ACCT00289,2025-03-21 00:00:00,160.3,USD,CashDeposit,Sarah Perez,United Kingdom,Wire
TXN000756,ACCT00059,2025-03-21 00:00:00,410.27,USD,Deposit,Emma Green,Canada,Branch
TXN000757,ACCT00116,2025-03-22 00:00:00,154.85,USD,Deposit,John Harris,Singapore,Online
TXN000758,ACCT00187,2025-03-22 00:00:00,3640.8,USD,CashDeposit,Noah Flores,Australia,Online
TXN000759,ACCT00104,2025-03-22 00:00:00,751.95,USD,CashDeposit,Emma Martin,Canada,Wire
TXN000760,ACCT00307,2025-03-22 00:00:00,2896.89,USD,Withdrawal,Michael Scott,UAE,Online
TXN000761,ACCT00171,2025-03-22 00:00:00,163.95,USD,Deposit,Joseph Thompson,Switzerland,ATM
TXN000762,ACCT00235,2025-03-22 00:00:00,361.4,USD,CashDeposit,Charles Williams,India,Branch
TXN000763,ACCT00272,2025-03-22 00:00:00,304.95,USD,CashDeposit,Sarah Hernandez,Switzerland,Wire
TXN000764,ACCT00048,2025-03-22 00:00:00,541.01,USD,CashDeposit,Mateo Jackson,United Kingdom,Online
TXN000765,ACCT00068,2025-03-22 00:00:00,2822.52,USD,WireTransfer,Linda Lopez,Singapore,Branch
TXN000766,ACCT00070,2025-03-23 00:00:00,531.32,USD,ACH,Priya Nguyen,United States,Wire
TXN000767,ACCT00294,2025-03-23 00:00:00,1825.25,USD,Withdrawal,Pacific Holdings,United States,Wire
TXN000768,ACCT00146,2025-03-23 00:00:00,597.31,USD,WireTransfer,Union Trading,Canada,Online
TXN000769,ACCT00062,2025-03-23 00:00:00,844.54,USD,Deposit,Karen Gonzalez,France,Branch
TXN000770,ACCT00244,2025-03-23 00:00:00,2816.61,USD,Deposit,Charles Wilson,UAE,Branch
TXN000771,ACCT00136,2025-03-23 00:00:00,1255.66,USD,CashDeposit,Liam Robinson,Netherlands,Online
TXN000772,ACCT00273,2025-03-23 00:00:00,2196.81,USD,WireTransfer,Sarah Scott,Spain,Online
TXN000773,ACCT00175,2025-03-23 00:00:00,211.55,USD,ACH,Michael Lopez,Australia,Wire
TXN000774,ACCT00001,2025-03-23 00:00:00,269.26,USD,WireTransfer,Liam Robinson,Syria,ATM
TXN000775,ACCT00081,2025-03-24 00:00:00,684.15,USD,Deposit,Union Capital,Ireland,ATM
TXN000776,ACCT00276,2025-03-24 00:00:00,464.04,USD,Withdrawal,Sunrise Enterprises,United Kingdom,Branch
TXN000777,ACCT00134,2025-03-24 00:00:00,1373.47,USD,Withdrawal,Linda Clark,Switzerland,Wire
TXN000778,ACCT00283,2025-03-24 00:00:00,370.21,USD,WireTransfer,Union Holdings,Germany,Wire
TXN000779,ACCT00244,2025-03-24 00:00:00,828.08,USD,ACH,Mary Thomas,India,Online
TXN000780,ACCT00098,2025-03-24 00:00:00,2255.29,USD,ACH,Sven Williams,Ireland,ATM
TXN000781,ACCT00019,2025-03-24 00:00:00,20000.0,USD,WireTransfer,Olga Lee,Yemen,Branch
TXN000782,ACCT00266,2025-03-24 00:00:00,3685.05,USD,ACH,Lucas Perez,Germany,ATM
TXN000783,ACCT00089,2025-03-25 00:00:00,233.97,USD,Deposit,Wei Brown,Australia,ATM
TXN000784,ACCT00089,2025-03-25 00:00:00,504.31,USD,Deposit,Richard Torres,United Kingdom,Online
TXN000785,ACCT00214,2025-03-25 00:00:00,1729.0,USD,CashDeposit,Linda Brown,Australia,Online
TXN000786,ACCT00240,2025-03-25 00:00:00,212.37,USD,WireTransfer,Karen Scott,Ireland,Branch
TXN000787,ACCT00138,2025-03-25 00:00:00,393.83,USD,WireTransfer,Global Group,India,ATM
TXN000788,ACCT00282,2025-03-25 00:00:00,75.41,USD,CashDeposit,Sarah Smith,UAE,ATM
TXN000789,ACCT00289,2025-03-25 00:00:00,446.95,USD,Deposit,Chloe Jackson,United Kingdom,Branch
TXN000790,ACCT00001,2025-03-25 00:00:00,7500.0,USD,WireTransfer,Falcon Logistics,Canada,Branch
TXN000791,ACCT00293,2025-03-25 00:00:00,298.89,USD,Deposit,Elizabeth Anderson,Ireland,Wire
TXN000792,ACCT00306,2025-03-25 00:00:00,205.76,USD,ACH,Barbara Torres,Germany,Wire
TXN000793,ACCT00001,2025-03-25 00:00:00,1819.46,USD,ACH,Karen Walker,Libya,ATM
TXN000794,ACCT00277,2025-03-26 00:00:00,1862.1,USD,ACH,William Brown,United Kingdom,Branch
TXN000795,ACCT00230,2025-03-26 00:00:00,2969.36,USD,Deposit,Sofia Moore,United Kingdom,Branch
TXN000796,ACCT00039,2025-03-26 00:00:00,407.71,USD,Deposit,Patricia King,Yemen,Wire
TXN000797,ACCT00223,2025-03-26 00:00:00,2284.31,USD,Withdrawal,Ethan Nguyen,UAE,Online
TXN000798,ACCT00015,2025-03-26 00:00:00,46920.16,USD,WireTransfer,Anchor Group,Afghanistan,Wire
TXN000799,ACCT00149,2025-03-26 00:00:00,616.49,USD,Withdrawal,Diego Flores,Japan,Wire
TXN000800,ACCT00140,2025-03-26 00:00:00,578.57,USD,Deposit,Sarah Miller,Switzerland,ATM
TXN000801,ACCT00038,2025-03-26 00:00:00,10000.0,USD,CashDeposit,Sarah Brown,Afghanistan,Branch
TXN000802,ACCT00247,2025-03-27 00:00:00,191.41,USD,Deposit,Sven Perez,Spain,Wire
TXN000803,ACCT00016,2025-03-27 00:00:00,204.89,USD,ACH,Chloe Brown,Yemen,ATM
TXN000804,ACCT00146,2025-03-27 00:00:00,524.43,USD,CashDeposit,Richard Nguyen,Germany,Wire
TXN000805,ACCT00172,2025-03-27 00:00:00,2012.16,USD,WireTransfer,Camila Young,Spain,Online
TXN000806,ACCT00105,2025-03-27 00:00:00,9000.0,USD,Deposit,Silver Traders,Australia,Online
TXN000807,ACCT00229,2025-03-27 00:00:00,715.82,USD,CashDeposit,Susan Jones,United Kingdom,Wire
TXN000808,ACCT00064,2025-03-27 00:00:00,644.91,USD,Withdrawal,William Scott,Singapore,Wire
TXN000809,ACCT00326,2025-03-28 00:00:00,805.85,USD,Withdrawal,Crown Logistics,Ireland,ATM
TXN000810,ACCT00199,2025-03-28 00:00:00,275.94,USD,ACH,Jennifer Flores,Germany,ATM
TXN000811,ACCT00008,2025-03-28 00:00:00,112.31,USD,WireTransfer,Nova Group,Libya,Online
TXN000812,ACCT00066,2025-03-28 00:00:00,2415.73,USD,WireTransfer,Global Imports,Netherlands,Wire
TXN000813,ACCT00257,2025-03-28 00:00:00,1067.06,USD,CashDeposit,Union Ventures,United States,ATM
TXN000814,ACCT00192,2025-03-28 00:00:00,521.09,USD,Withdrawal,Joseph Garcia,United States,Branch
TXN000815,ACCT00202,2025-03-28 00:00:00,421.53,USD,Deposit,Karen Johnson,United States,Branch
TXN000816,ACCT00322,2025-03-28 00:00:00,377.47,USD,Deposit,Emma Martinez,Germany,Online
TXN000817,ACCT00183,2025-03-28 00:00:00,1092.44,USD,WireTransfer,Jessica Walker,Switzerland,Wire
TXN000818,ACCT00243,2025-03-28 00:00:00,1234.76,USD,CashDeposit,Metro Ventures,Japan,Online
TXN000819,ACCT00084,2025-03-29 00:00:00,49.85,USD,WireTransfer,Chloe Hernandez,France,Online
TXN000820,ACCT00099,2025-03-29 00:00:00,417.37,USD,CashDeposit,Diego Robinson,United States,Branch
TXN000821,ACCT00061,2025-03-29 00:00:00,462.92,USD,Deposit,Arjun Walker,Switzerland,Branch
TXN000822,ACCT00086,2025-03-29 00:00:00,2444.86,USD,WireTransfer,Charles Brown,India,Online
TXN000823,ACCT00153,2025-03-29 00:00:00,851.94,USD,Deposit,Emma Thomas,India,ATM
TXN000824,ACCT00227,2025-03-29 00:00:00,1841.17,USD,ACH,William Garcia,Singapore,Online
TXN000825,ACCT00288,2025-03-29 00:00:00,203.56,USD,CashDeposit,Global Imports,France,Wire
TXN000826,ACCT00045,2025-03-30 00:00:00,150.0,USD,Withdrawal,Ethan Lee,Japan,Branch
TXN000827,ACCT00048,2025-03-30 00:00:00,10000.0,USD,CashDeposit,Nova Logistics,UAE,Branch
TXN000828,ACCT00128,2025-03-30 00:00:00,560.11,USD,ACH,Ahmed Moore,Ireland,Branch
TXN000829,ACCT00265,2025-03-30 00:00:00,168.6,USD,Withdrawal,William Miller,UAE,Online
TXN000830,ACCT00304,2025-03-30 00:00:00,2089.67,USD,CashDeposit,Barbara Williams,Switzerland,ATM
TXN000831,ACCT00262,2025-03-30 00:00:00,792.57,USD,WireTransfer,Ava Miller,Spain,Online
TXN000832,ACCT00016,2025-03-30 00:00:00,46.56,USD,WireTransfer,Silver Holdings,Australia,Branch
TXN000833,ACCT00208,2025-03-31 00:00:00,206.9,USD,ACH,Mary Ramirez,United Kingdom,ATM
TXN000834,ACCT00287,2025-03-31 00:00:00,240.84,USD,CashDeposit,Jessica White,Australia,ATM
TXN000835,ACCT00079,2025-03-31 00:00:00,106.04,USD,WireTransfer,Metro Trading,India,Online
TXN000836,ACCT00133,2025-03-31 00:00:00,1281.65,USD,Deposit,Horizon Trading,Spain,ATM
TXN000837,ACCT00254,2025-03-31 00:00:00,463.32,USD,Withdrawal,Joseph Wright,Singapore,ATM
TXN000838,ACCT00325,2025-03-31 00:00:00,445.06,USD,Withdrawal,Diego Jones,Netherlands,Online
TXN000839,ACCT00110,2025-03-31 00:00:00,795.99,USD,Deposit,Silver Partners,UAE,Online
TXN000840,ACCT00254,2025-03-31 00:00:00,679.9,USD,Withdrawal,Diego King,Australia,ATM
TXN000841,ACCT00050,2025-03-31 00:00:00,632.85,USD,CashDeposit,Summit Logistics,Spain,Branch
TXN000842,ACCT00250,2025-03-31 00:00:00,922.07,USD,WireTransfer,Robert King,Australia,Branch
TXN000843,ACCT00220,2025-03-31 00:00:00,2374.05,USD,CashDeposit,Wei Jackson,Australia,Wire
TXN000844,ACCT00223,2025-03-31 00:00:00,395.99,USD,ACH,Silver Partners,Spain,ATM
TXN000845,ACCT00202,2025-04-01 00:00:00,440.1,USD,CashDeposit,Mary Green,Spain,Online
TXN000846,ACCT00210,2025-04-01 00:00:00,274.05,USD,Withdrawal,Elizabeth Davis,Switzerland,ATM
TXN000847,ACCT00316,2025-04-01 00:00:00,1641.62,USD,CashDeposit,Thomas Jones,Japan,Branch
TXN000848,ACCT00124,2025-04-01 00:00:00,253.56,USD,WireTransfer,Pacific Logistics,UAE,Online
TXN000849,ACCT00037,2025-04-02 00:00:00,15000.0,USD,WireTransfer,Noah Clark,Venezuela,Branch
TXN000850,ACCT00127,2025-04-02 00:00:00,534.24,USD,ACH,William Johnson,France,Wire
TXN000851,ACCT00070,2025-04-02 00:00:00,247.24,USD,ACH,Horizon Traders,India,Online
TXN000852,ACCT00249,2025-04-02 00:00:00,875.45,USD,Deposit,Susan Rodriguez,India,Wire
TXN000853,ACCT00178,2025-04-02 00:00:00,318.31,USD,WireTransfer,Horizon Ventures,Japan,ATM
TXN000854,ACCT00102,2025-04-02 00:00:00,319.07,USD,Withdrawal,Nova Traders,United States,Wire
TXN000855,ACCT00175,2025-04-02 00:00:00,217.66,USD,WireTransfer,Joseph Gonzalez,Netherlands,Online
TXN000856,ACCT00163,2025-04-02 00:00:00,412.06,USD,ACH,Yuki Williams,United States,Wire
TXN000857,ACCT00089,2025-04-02 00:00:00,1139.44,USD,ACH,Silver Enterprises,United States,Online
TXN000858,ACCT00005,2025-04-02 00:00:00,2315.38,USD,CashDeposit,Mary Martin,Myanmar,Wire
TXN000859,ACCT00147,2025-04-02 00:00:00,2732.56,USD,CashDeposit,Wei Walker,Canada,Branch
TXN000860,ACCT00215,2025-04-02 00:00:00,129.09,USD,WireTransfer,Falcon Partners,Switzerland,Branch
TXN000861,ACCT00283,2025-04-02 00:00:00,424.87,USD,ACH,Arjun Lopez,Spain,Branch
TXN000862,ACCT00310,2025-04-03 00:00:00,48.39,USD,Deposit,Nova Freight,Australia,Branch
TXN000863,ACCT00130,2025-04-03 00:00:00,322.06,USD,WireTransfer,Thomas Smith,India,Wire
TXN000864,ACCT00312,2025-04-03 00:00:00,570.89,USD,Deposit,Arjun Wilson,UAE,Wire
TXN000865,ACCT00072,2025-04-03 00:00:00,191.74,USD,CashDeposit,Atlas Trading,UAE,Online
TXN000866,ACCT00217,2025-04-03 00:00:00,391.91,USD,WireTransfer,Ahmed Lee,India,Online
TXN000867,ACCT00083,2025-04-03 00:00:00,788.72,USD,ACH,Karen Thompson,Switzerland,Branch
TXN000868,ACCT00306,2025-04-03 00:00:00,447.58,USD,Deposit,Elizabeth Lopez,UAE,Online
TXN000869,ACCT00138,2025-04-03 00:00:00,776.81,USD,ACH,Chloe Jackson,Switzerland,Online
TXN000870,ACCT00156,2025-04-04 00:00:00,657.15,USD,ACH,Pacific Traders,Canada,Wire
TXN000871,ACCT00186,2025-04-04 00:00:00,319.2,USD,Withdrawal,Barbara Williams,UAE,Online
TXN000872,ACCT00189,2025-04-04 00:00:00,271.76,USD,CashDeposit,Diego Johnson,India,ATM
TXN000873,ACCT00108,2025-04-04 00:00:00,244.86,USD,WireTransfer,Sven Hernandez,United Kingdom,Branch
TXN000874,ACCT00286,2025-04-04 00:00:00,912.66,USD,WireTransfer,Chloe Perez,India,ATM
TXN000875,ACCT00271,2025-04-04 00:00:00,6658.43,USD,Withdrawal,Linda Green,Netherlands,ATM
TXN000876,ACCT00207,2025-04-04 00:00:00,633.4,USD,CashDeposit,Thomas Sanchez,United Kingdom,ATM
TXN000877,ACCT00016,2025-04-04 00:00:00,83.23,USD,WireTransfer,Lucas Harris,Venezuela,Online
TXN000878,ACCT00265,2025-04-04 00:00:00,695.91,USD,ACH,John Robinson,Switzerland,Branch
TXN000879,ACCT00049,2025-04-05 00:00:00,871.02,USD,Withdrawal,Crown Partners,Germany,ATM
TXN000880,ACCT00129,2025-04-05 00:00:00,2053.62,USD,ACH,Mateo Wright,Japan,Branch
TXN000881,ACCT00064,2025-04-05 00:00:00,1970.15,USD,Deposit,Arjun Jones,Ireland,ATM
TXN000882,ACCT00243,2025-04-05 00:00:00,499.61,USD,CashDeposit,Delta Trading,Switzerland,Branch
TXN000883,ACCT00068,2025-04-05 00:00:00,1373.55,USD,Deposit,Joseph Flores,Netherlands,ATM
TXN000884,ACCT00188,2025-04-05 00:00:00,3039.0,USD,WireTransfer,Priya Gonzalez,Germany,Wire
TXN000885,ACCT00085,2025-04-05 00:00:00,261.58,USD,WireTransfer,John Harris,UAE,Wire
TXN000886,ACCT00009,2025-04-05 00:00:00,13305.14,USD,WireTransfer,Viktor Kessler,Venezuela,Wire
TXN000887,ACCT00224,2025-04-05 00:00:00,551.81,USD,CashDeposit,Joseph Gonzalez,Canada,Wire
TXN000888,ACCT00287,2025-04-05 00:00:00,1496.37,USD,WireTransfer,Barbara Hill,India,Branch
TXN000889,ACCT00146,2025-04-06 00:00:00,1138.07,USD,Withdrawal,Summit Imports,France,Online
TXN000890,ACCT00273,2025-04-06 00:00:00,288.78,USD,Withdrawal,Liam Miller,France,Branch
TXN000891,ACCT00261,2025-04-06 00:00:00,379.7,USD,CashDeposit,Noah Lopez,UAE,ATM
TXN000892,ACCT00259,2025-04-06 00:00:00,197.09,USD,Withdrawal,Lucas Moore,Switzerland,Online
TXN000893,ACCT00088,2025-04-06 00:00:00,5796.46,USD,ACH,Karen Hill,Singapore,ATM
TXN000894,ACCT00134,2025-04-06 00:00:00,251.73,USD,ACH,Pacific Imports,United States,ATM
TXN000895,ACCT00005,2025-04-06 00:00:00,27354.63,USD,WireTransfer,Vantage Import Group,Venezuela,Wire
TXN000896,ACCT00257,2025-04-06 00:00:00,1547.33,USD,Deposit,Prime Enterprises,Spain,Branch
TXN000897,ACCT00064,2025-04-06 00:00:00,764.59,USD,CashDeposit,Sarah Flores,Australia,ATM
TXN000898,ACCT00174,2025-04-06 00:00:00,761.83,USD,WireTransfer,Global Imports,Ireland,Branch
TXN000899,ACCT00212,2025-04-06 00:00:00,2666.01,USD,Deposit,Joseph Wilson,United States,Branch
TXN000900,ACCT00317,2025-04-06 00:00:00,1945.45,USD,CashDeposit,Silver Logistics,Japan,Online
TXN000901,ACCT00092,2025-04-07 00:00:00,846.2,USD,Deposit,James Young,Switzerland,Wire
TXN000902,ACCT00313,2025-04-07 00:00:00,120.53,USD,CashDeposit,Priya Hill,Canada,Wire
TXN000903,ACCT00272,2025-04-07 00:00:00,301.6,USD,ACH,Jennifer Garcia,France,Branch
TXN000904,ACCT00137,2025-04-07 00:00:00,1071.01,USD,CashDeposit,Silver Trading,UAE,Wire
TXN000905,ACCT00086,2025-04-07 00:00:00,362.96,USD,Deposit,Ava Perez,Spain,Branch
TXN000906,ACCT00288,2025-04-07 00:00:00,340.32,USD,ACH,Ethan Hernandez,Canada,Online
TXN000907,ACCT00061,2025-04-07 00:00:00,405.96,USD,Deposit,Crown Enterprises,United Kingdom,Online
TXN000908,ACCT00212,2025-04-07 00:00:00,1433.98,USD,Withdrawal,William Sanchez,Ireland,ATM
TXN000909,ACCT00123,2025-04-07 00:00:00,2145.75,USD,ACH,Karen King,Spain,Online
TXN000910,ACCT00240,2025-04-07 00:00:00,1906.06,USD,CashDeposit,Nova Partners,UAE,ATM
TXN000911,ACCT00266,2025-04-07 00:00:00,72.47,USD,Withdrawal,Metro Enterprises,United States,Branch
TXN000912,ACCT00038,2025-04-07 00:00:00,1252.54,USD,Withdrawal,David Wilson,Myanmar,Wire
TXN000913,ACCT00134,2025-04-08 00:00:00,1111.08,USD,WireTransfer,Priya Williams,United Kingdom,Branch
TXN000914,ACCT00016,2025-04-08 00:00:00,7500.0,USD,CashDeposit,Joseph Perez,Canada,Branch
TXN000915,ACCT00008,2025-04-08 00:00:00,1587.01,USD,Deposit,Susan Sanchez,UAE,Wire
TXN000916,ACCT00217,2025-04-08 00:00:00,376.02,USD,ACH,Crown Trading,Canada,ATM
TXN000917,ACCT00114,2025-04-08 00:00:00,44.56,USD,Withdrawal,Ethan Ramirez,UAE,Wire
TXN000918,ACCT00160,2025-04-08 00:00:00,1010.7,USD,Withdrawal,Chloe Torres,Singapore,Wire
TXN000919,ACCT00073,2025-04-08 00:00:00,574.21,USD,WireTransfer,Karen Lee,UAE,Wire
TXN000920,ACCT00300,2025-04-08 00:00:00,1036.42,USD,ACH,Robert Thomas,Switzerland,Online
TXN000921,ACCT00159,2025-04-09 00:00:00,1770.22,USD,Deposit,Michael Wilson,Switzerland,Branch
TXN000922,ACCT00064,2025-04-09 00:00:00,369.16,USD,Deposit,Thomas Williams,Australia,Wire
TXN000923,ACCT00080,2025-04-09 00:00:00,341.01,USD,Deposit,Falcon Freight,Netherlands,Branch
TXN000924,ACCT00004,2025-04-09 00:00:00,2443.17,USD,Deposit,Barbara Smith,Libya,ATM
TXN000925,ACCT00256,2025-04-09 00:00:00,307.74,USD,CashDeposit,Mary Brown,Spain,ATM
TXN000926,ACCT00174,2025-04-09 00:00:00,330.55,USD,CashDeposit,Sunrise Enterprises,UAE,Online
TXN000927,ACCT00031,2025-04-09 00:00:00,2387.32,USD,Withdrawal,Summit Freight,Venezuela,Branch
TXN000928,ACCT00047,2025-04-09 00:00:00,1272.37,USD,WireTransfer,Anchor Group,Canada,Branch
TXN000929,ACCT00147,2025-04-09 00:00:00,459.63,USD,CashDeposit,Metro Logistics,Singapore,Branch
TXN000930,ACCT00210,2025-04-09 00:00:00,551.52,USD,ACH,Pacific Freight,France,ATM
TXN000931,ACCT00108,2025-04-09 00:00:00,2482.73,USD,CashDeposit,Noah King,Netherlands,Branch
TXN000932,ACCT00299,2025-04-09 00:00:00,518.34,USD,WireTransfer,Mia Rodriguez,Australia,Wire
TXN000933,ACCT00136,2025-04-09 00:00:00,308.23,USD,ACH,Sofia Thompson,Ireland,ATM
TXN000934,ACCT00314,2025-04-10 00:00:00,128.14,USD,Withdrawal,Linda Davis,United States,Wire
TXN000935,ACCT00300,2025-04-10 00:00:00,121.25,USD,WireTransfer,Union Imports,France,Wire
TXN000936,ACCT00268,2025-04-10 00:00:00,909.72,USD,WireTransfer,John Smith,UAE,ATM
TXN000937,ACCT00277,2025-04-10 00:00:00,2190.11,USD,Withdrawal,Chloe Young,France,Wire
TXN000938,ACCT00303,2025-04-10 00:00:00,229.47,USD,Deposit,Charles Martin,Germany,Online
TXN000939,ACCT00306,2025-04-10 00:00:00,1168.1,USD,CashDeposit,James Lee,Germany,Wire
TXN000940,ACCT00187,2025-04-10 00:00:00,1056.99,USD,Deposit,Karen Lee,Germany,Online
TXN000941,ACCT00241,2025-04-10 00:00:00,178.73,USD,ACH,Ahmed Ramirez,United States,ATM
TXN000942,ACCT00279,2025-04-10 00:00:00,178.43,USD,WireTransfer,Mia Lee,Japan,ATM
TXN000943,ACCT00052,2025-04-10 00:00:00,7500.0,USD,WireTransfer,Charles Williams,Canada,Branch
TXN000944,ACCT00290,2025-04-10 00:00:00,1522.68,USD,Deposit,Horizon Trading,Singapore,Online
TXN000945,ACCT00291,2025-04-11 00:00:00,423.29,USD,WireTransfer,Union Capital,UAE,Online
TXN000946,ACCT00128,2025-04-11 00:00:00,707.06,USD,Deposit,Michael Martinez,UAE,ATM
TXN000947,ACCT00111,2025-04-11 00:00:00,2012.39,USD,Withdrawal,Crown Holdings,France,ATM
TXN000948,ACCT00276,2025-04-11 00:00:00,1382.13,USD,Deposit,Wei Lewis,Netherlands,Online
TXN000949,ACCT00248,2025-04-11 00:00:00,286.66,USD,ACH,Yuki Garcia,Japan,ATM
TXN000950,ACCT00262,2025-04-12 00:00:00,4435.03,USD,CashDeposit,Anchor Trading,Netherlands,ATM
TXN000951,ACCT00001,2025-04-12 00:00:00,281.35,USD,CashDeposit,Delta Capital,Iran,Wire
TXN000952,ACCT00212,2025-04-12 00:00:00,975.54,USD,ACH,Crown Partners,India,Online
TXN000953,ACCT00098,2025-04-12 00:00:00,407.95,USD,Deposit,Nova Exchange,Australia,Wire
TXN000954,ACCT00187,2025-04-12 00:00:00,2725.64,USD,Deposit,Lucas Smith,Netherlands,Online
TXN000955,ACCT00023,2025-04-12 00:00:00,30000.0,USD,CashDeposit,Chloe Taylor,Iran,Branch
TXN000956,ACCT00193,2025-04-12 00:00:00,979.27,USD,Withdrawal,Jessica Hernandez,United Kingdom,Branch
TXN000957,ACCT00270,2025-04-12 00:00:00,289.47,USD,Withdrawal,Camila Taylor,United Kingdom,Wire
TXN000958,ACCT00223,2025-04-12 00:00:00,351.89,USD,ACH,Anchor Traders,Germany,Wire
TXN000959,ACCT00020,2025-04-12 01:00:00,9881.3,USD,CashDeposit,Thomas Hernandez,Switzerland,Branch
TXN000960,ACCT00292,2025-04-13 00:00:00,317.55,USD,WireTransfer,Noah Moore,Japan,Online
TXN000961,ACCT00294,2025-04-13 00:00:00,609.45,USD,WireTransfer,Sunrise Imports,Ireland,Wire
TXN000962,ACCT00096,2025-04-13 00:00:00,799.95,USD,WireTransfer,Delta Freight,United Kingdom,Wire
TXN000963,ACCT00312,2025-04-13 00:00:00,744.21,USD,WireTransfer,Susan Williams,Spain,ATM
TXN000964,ACCT00056,2025-04-13 00:00:00,482.82,USD,CashDeposit,Jennifer Torres,UAE,Branch
TXN000965,ACCT00301,2025-04-13 00:00:00,684.89,USD,Withdrawal,James Rodriguez,Netherlands,Online
TXN000966,ACCT00066,2025-04-13 00:00:00,512.14,USD,WireTransfer,Jennifer Davis,Ireland,Online
TXN000967,ACCT00102,2025-04-13 00:00:00,391.88,USD,ACH,Lucas Flores,Japan,Wire
TXN000968,ACCT00098,2025-04-13 00:00:00,1975.84,USD,WireTransfer,Sunrise Imports,Netherlands,ATM
TXN000969,ACCT00037,2025-04-13 00:00:00,716.2,USD,WireTransfer,Richard Johnson,Ireland,Branch
TXN000970,ACCT00020,2025-04-13 09:00:00,9763.68,USD,CashDeposit,Metro Imports,UAE,Branch
TXN000971,ACCT00118,2025-04-14 00:00:00,410.32,USD,Withdrawal,Global Exchange,Germany,ATM
TXN000972,ACCT00267,2025-04-14 00:00:00,371.75,USD,Deposit,Union Freight,France,ATM
TXN000973,ACCT00219,2025-04-14 00:00:00,2353.61,USD,WireTransfer,Summit Imports,Switzerland,Branch
TXN000974,ACCT00003,2025-04-14 00:00:00,745.26,USD,CashDeposit,Prime Partners,UAE,ATM
TXN000975,ACCT00097,2025-04-14 00:00:00,561.05,USD,Withdrawal,Anchor Ventures,United Kingdom,ATM
TXN000976,ACCT00328,2025-04-14 00:00:00,393.22,USD,Deposit,Chloe Flores,Singapore,Wire
TXN000977,ACCT00216,2025-04-14 00:00:00,257.52,USD,CashDeposit,Nova Ventures,Australia,ATM
TXN000978,ACCT00292,2025-04-14 00:00:00,165.63,USD,Deposit,Summit Capital,Canada,Online
TXN000979,ACCT00150,2025-04-14 00:00:00,255.59,USD,ACH,Sunrise Freight,Canada,Online
TXN000980,ACCT00209,2025-04-14 00:00:00,807.63,USD,Withdrawal,Fatima Green,France,Online
TXN000981,ACCT00020,2025-04-14 18:00:00,9123.26,USD,CashDeposit,Joseph Johnson,Afghanistan,Branch
TXN000982,ACCT00277,2025-04-15 00:00:00,1591.31,USD,CashDeposit,Noah Perez,Germany,ATM
TXN000983,ACCT00165,2025-04-15 00:00:00,104.98,USD,WireTransfer,David Robinson,UAE,Wire
TXN000984,ACCT00086,2025-04-15 00:00:00,408.34,USD,CashDeposit,Mateo Rodriguez,France,Branch
TXN000985,ACCT00046,2025-04-15 00:00:00,697.82,USD,CashDeposit,Michael Green,Australia,Branch
TXN000986,ACCT00130,2025-04-15 00:00:00,205.9,USD,Deposit,Richard White,Switzerland,ATM
TXN000987,ACCT00137,2025-04-15 00:00:00,1490.88,USD,CashDeposit,Diego White,United Kingdom,Wire
TXN000988,ACCT00020,2025-04-15 00:00:00,9271.28,USD,CashDeposit,John Smith,Venezuela,Branch
TXN000989,ACCT00301,2025-04-15 00:00:00,598.17,USD,Deposit,Silver Exchange,United States,Online
TXN000990,ACCT00278,2025-04-15 00:00:00,532.34,USD,CashDeposit,Ava Thomas,Netherlands,Online
TXN000991,ACCT00139,2025-04-15 00:00:00,1557.59,USD,Deposit,David Davis,Singapore,ATM
TXN000992,ACCT00005,2025-04-16 00:00:00,408.55,USD,Deposit,Patricia Thomas,Libya,Branch
TXN000993,ACCT00116,2025-04-16 00:00:00,488.23,USD,Withdrawal,Noah Hernandez,France,Online
TXN000994,ACCT00244,2025-04-16 00:00:00,717.57,USD,ACH,Jessica Young,Germany,ATM
TXN000995,ACCT00155,2025-04-16 00:00:00,674.7,USD,Deposit,Sarah Scott,Japan,Online
TXN000996,ACCT00090,2025-04-16 00:00:00,1290.62,USD,CashDeposit,Mary Garcia,United Kingdom,Online
TXN000997,ACCT00167,2025-04-16 00:00:00,872.62,USD,Deposit,Mary Johnson,United Kingdom,ATM
TXN000998,ACCT00306,2025-04-16 00:00:00,598.97,USD,CashDeposit,Susan Wilson,Switzerland,Wire
TXN000999,ACCT00298,2025-04-16 00:00:00,122.8,USD,Deposit,James Lopez,Netherlands,ATM
TXN001000,ACCT00027,2025-04-16 00:00:00,158.48,USD,CashDeposit,Elizabeth Moore,Iran,Online
TXN001001,ACCT00001,2025-04-16 06:00:00,9653.97,USD,CashDeposit,David Thompson,Japan,Branch
TXN001002,ACCT00020,2025-04-16 10:00:00,9772.34,USD,CashDeposit,John Harris,North Korea,Branch
TXN001003,ACCT00301,2025-04-17 00:00:00,385.25,USD,WireTransfer,Anchor Capital,United Kingdom,Branch
TXN001004,ACCT00188,2025-04-17 00:00:00,534.83,USD,WireTransfer,Arjun Ramirez,Spain,ATM
TXN001005,ACCT00142,2025-04-17 00:00:00,3301.9,USD,CashDeposit,Emma Miller,United Kingdom,Branch
TXN001006,ACCT00104,2025-04-17 00:00:00,256.38,USD,WireTransfer,Barbara Gonzalez,Switzerland,Branch
TXN001007,ACCT00001,2025-04-17 19:00:00,9112.84,USD,CashDeposit,Noah Flores,Japan,Branch
TXN001008,ACCT00023,2025-04-18 00:00:00,583.86,USD,CashDeposit,William Green,Netherlands,ATM
TXN001009,ACCT00267,2025-04-18 00:00:00,545.7,USD,CashDeposit,Lucas Hernandez,United States,Branch
TXN001010,ACCT00278,2025-04-18 00:00:00,1539.89,USD,CashDeposit,Falcon Partners,UAE,ATM
TXN001011,ACCT00183,2025-04-18 00:00:00,695.25,USD,WireTransfer,John Robinson,Australia,Branch
TXN001012,ACCT00312,2025-04-18 00:00:00,558.46,USD,ACH,Thomas Harris,Netherlands,Online
TXN001013,ACCT00214,2025-04-18 00:00:00,733.68,USD,WireTransfer,Noah Moore,Spain,Online
TXN001014,ACCT00096,2025-04-18 00:00:00,144.65,USD,WireTransfer,Liam Martin,Switzerland,Branch
TXN001015,ACCT00109,2025-04-18 00:00:00,204.58,USD,ACH,David Smith,United States,ATM
TXN001016,ACCT00113,2025-04-18 00:00:00,263.13,USD,WireTransfer,Fatima Hernandez,Germany,Wire
TXN001017,ACCT00001,2025-04-18 01:00:00,9365.79,USD,CashDeposit,Ava Wright,United States,Branch
TXN001018,ACCT00119,2025-04-19 00:00:00,538.54,USD,ACH,Sarah Green,Canada,Online
TXN001019,ACCT00268,2025-04-19 00:00:00,641.73,USD,Deposit,Elizabeth Johnson,Canada,ATM
TXN001020,ACCT00238,2025-04-19 00:00:00,281.6,USD,Withdrawal,Liam Moore,Switzerland,ATM
TXN001021,ACCT00150,2025-04-19 00:00:00,4041.41,USD,Deposit,Richard Young,India,Online
TXN001022,ACCT00050,2025-04-19 00:00:00,171.01,USD,Deposit,Mateo Walker,Singapore,ATM
TXN001023,ACCT00101,2025-04-19 00:00:00,1389.7,USD,Deposit,John Torres,Australia,ATM
TXN001024,ACCT00282,2025-04-19 00:00:00,554.74,USD,Withdrawal,Barbara King,Spain,ATM
TXN001025,ACCT00315,2025-04-19 00:00:00,120.92,USD,ACH,Horizon Traders,Japan,Online
TXN001026,ACCT00001,2025-04-19 12:00:00,9532.19,USD,CashDeposit,Fatima Thomas,Iran,Branch
TXN001027,ACCT00329,2025-04-20 00:00:00,443.92,USD,ACH,Linda Sanchez,United Kingdom,Online
TXN001028,ACCT00268,2025-04-20 00:00:00,1322.22,USD,CashDeposit,Mia Young,United Kingdom,ATM
TXN001029,ACCT00133,2025-04-20 00:00:00,451.01,USD,Deposit,Liam Williams,Germany,Wire
TXN001030,ACCT00091,2025-04-20 00:00:00,392.05,USD,CashDeposit,Horizon Holdings,Japan,Online
TXN001031,ACCT00097,2025-04-20 00:00:00,548.04,USD,WireTransfer,Falcon Trading,Japan,Wire
TXN001032,ACCT00144,2025-04-20 00:00:00,47.52,USD,Deposit,Anchor Freight,Spain,Online
TXN001033,ACCT00056,2025-04-20 00:00:00,1255.35,USD,CashDeposit,Sofia Green,Ireland,Wire
TXN001034,ACCT00001,2025-04-20 08:00:00,9005.42,USD,CashDeposit,Ethan Martinez,Switzerland,Branch
TXN001035,ACCT00301,2025-04-21 00:00:00,310.93,USD,WireTransfer,Silver Enterprises,United States,Online
TXN001036,ACCT00297,2025-04-21 00:00:00,732.87,USD,Deposit,Noah Anderson,Japan,Online
TXN001037,ACCT00028,2025-04-21 00:00:00,30000.0,USD,CashDeposit,Fatima Garcia,Spain,Branch
TXN001038,ACCT00286,2025-04-21 00:00:00,440.36,USD,WireTransfer,Mia Davis,Germany,Branch
TXN001039,ACCT00054,2025-04-21 00:00:00,533.27,USD,ACH,Joseph Clark,Spain,Wire
TXN001040,ACCT00085,2025-04-21 00:00:00,799.0,USD,CashDeposit,James Ramirez,Spain,Wire
TXN001041,ACCT00295,2025-04-21 00:00:00,1150.92,USD,Withdrawal,Liam Johnson,United Kingdom,Online
TXN001042,ACCT00099,2025-04-21 00:00:00,390.45,USD,WireTransfer,Anchor Logistics,Japan,Online
TXN001043,ACCT00045,2025-04-21 00:00:00,992.68,USD,ACH,Sven Williams,UAE,Online
TXN001044,ACCT00172,2025-04-21 00:00:00,1431.48,USD,Deposit,Summit Trading,United Kingdom,Online
TXN001045,ACCT00229,2025-04-21 00:00:00,1973.85,USD,ACH,David Martin,India,Online
TXN001046,ACCT00201,2025-04-21 00:00:00,500.26,USD,ACH,Karen Perez,Singapore,ATM
TXN001047,ACCT00147,2025-04-21 00:00:00,181.61,USD,WireTransfer,Sunrise Imports,Germany,Branch
TXN001048,ACCT00155,2025-04-22 00:00:00,139.18,USD,WireTransfer,James Ramirez,United States,Branch
TXN001049,ACCT00246,2025-04-22 00:00:00,774.67,USD,WireTransfer,Nova Partners,United States,Branch
TXN001050,ACCT00081,2025-04-22 00:00:00,1793.71,USD,CashDeposit,Jennifer Flores,UAE,Branch
TXN001051,ACCT00090,2025-04-22 00:00:00,181.85,USD,Withdrawal,Mateo Smith,United Kingdom,ATM
TXN001052,ACCT00278,2025-04-22 00:00:00,2248.9,USD,ACH,Arjun Thomas,United States,Branch
TXN001053,ACCT00243,2025-04-22 00:00:00,539.68,USD,WireTransfer,Atlas Traders,Netherlands,Branch
TXN001054,ACCT00264,2025-04-22 00:00:00,479.61,USD,Withdrawal,Summit Holdings,UAE,Branch
TXN001055,ACCT00287,2025-04-22 00:00:00,1111.67,USD,Withdrawal,Fatima Anderson,France,ATM
TXN001056,ACCT00300,2025-04-22 00:00:00,291.2,USD,Deposit,Karen Gonzalez,UAE,ATM
TXN001057,ACCT00175,2025-04-22 00:00:00,417.05,USD,ACH,Ava Lopez,United States,ATM
TXN001058,ACCT00077,2025-04-22 00:00:00,328.65,USD,Withdrawal,Sunrise Enterprises,Ireland,Branch
TXN001059,ACCT00008,2025-04-22 00:00:00,264.5,USD,ACH,James Wilson,Australia,Online
TXN001060,ACCT00298,2025-04-23 00:00:00,611.6,USD,ACH,Ahmed Moore,United States,Online
TXN001061,ACCT00047,2025-04-23 00:00:00,755.82,USD,Withdrawal,Sven Scott,Ireland,Branch
TXN001062,ACCT00061,2025-04-23 00:00:00,184.38,USD,WireTransfer,Ava Green,Japan,Branch
TXN001063,ACCT00220,2025-04-23 00:00:00,256.74,USD,CashDeposit,Michael Anderson,UAE,ATM
TXN001064,ACCT00118,2025-04-23 00:00:00,3334.98,USD,Deposit,Union Group,UAE,Online
TXN001065,ACCT00038,2025-04-23 00:00:00,55771.67,USD,WireTransfer,Silver Freight,North Korea,Wire
TXN001066,ACCT00296,2025-04-23 00:00:00,3037.28,USD,ACH,Liam Jackson,Japan,Online
TXN001067,ACCT00256,2025-04-23 00:00:00,1163.95,USD,ACH,Arjun Rodriguez,Spain,Online
TXN001068,ACCT00249,2025-04-23 00:00:00,1937.12,USD,Deposit,Diego Scott,Netherlands,Online
TXN001069,ACCT00282,2025-04-23 00:00:00,245.88,USD,WireTransfer,Yuki Hernandez,France,Wire
TXN001070,ACCT00299,2025-04-24 00:00:00,940.71,USD,WireTransfer,Nova Ventures,Ireland,ATM
TXN001071,ACCT00166,2025-04-24 00:00:00,347.23,USD,Deposit,Sarah Robinson,United Kingdom,ATM
TXN001072,ACCT00090,2025-04-24 00:00:00,882.34,USD,Withdrawal,Sunrise Imports,UAE,Online
TXN001073,ACCT00252,2025-04-24 00:00:00,939.24,USD,Withdrawal,Falcon Enterprises,Canada,Branch
TXN001074,ACCT00317,2025-04-24 00:00:00,3011.25,USD,Withdrawal,Pacific Enterprises,Japan,Online
TXN001075,ACCT00110,2025-04-24 00:00:00,754.74,USD,Deposit,Wei Gonzalez,Switzerland,ATM
TXN001076,ACCT00261,2025-04-25 00:00:00,206.1,USD,Deposit,Linda King,France,Online
TXN001077,ACCT00170,2025-04-25 00:00:00,3559.81,USD,CashDeposit,Camila White,Japan,Branch
TXN001078,ACCT00104,2025-04-25 00:00:00,496.8,USD,ACH,Robert Torres,Australia,ATM
TXN001079,ACCT00041,2025-04-25 00:00:00,1567.83,USD,ACH,Fatima Lewis,Libya,ATM
TXN001080,ACCT00258,2025-04-25 00:00:00,921.35,USD,WireTransfer,Union Freight,Switzerland,ATM
TXN001081,ACCT00261,2025-04-25 00:00:00,1975.88,USD,CashDeposit,Fatima White,Singapore,Branch
TXN001082,ACCT00146,2025-04-25 00:00:00,1300.13,USD,ACH,Pacific Holdings,Canada,Wire
TXN001083,ACCT00040,2025-04-25 00:00:00,1889.68,USD,CashDeposit,Pacific Partners,Myanmar,Wire
TXN001084,ACCT00164,2025-04-25 00:00:00,2023.71,USD,CashDeposit,Ava Brown,Singapore,Wire
TXN001085,ACCT00113,2025-04-25 00:00:00,228.65,USD,Withdrawal,Pacific Traders,Netherlands,Wire
TXN001086,ACCT00305,2025-04-25 00:00:00,841.61,USD,CashDeposit,Metro Imports,United States,Branch
TXN001087,ACCT00254,2025-04-25 00:00:00,110.31,USD,WireTransfer,Olga Nguyen,Ireland,Online
TXN001088,ACCT00182,2025-04-25 00:00:00,954.74,USD,Withdrawal,Sven Johnson,Netherlands,Branch
TXN001089,ACCT00200,2025-04-25 00:00:00,1248.29,USD,Withdrawal,Susan Martinez,Germany,Online
TXN001090,ACCT00207,2025-04-25 00:00:00,3381.11,USD,Deposit,Noah Nguyen,United States,Branch
TXN001091,ACCT00294,2025-04-26 00:00:00,162.91,USD,Withdrawal,Liam Thompson,Japan,Online
TXN001092,ACCT00095,2025-04-26 00:00:00,832.71,USD,CashDeposit,Michael Hill,UAE,Branch
TXN001093,ACCT00029,2025-04-26 00:00:00,48387.52,USD,WireTransfer,Union Group,Syria,Wire
TXN001094,ACCT00192,2025-04-26 00:00:00,1962.09,USD,Deposit,Chloe Miller,UAE,Branch
TXN001095,ACCT00274,2025-04-26 00:00:00,473.84,USD,WireTransfer,Thomas Scott,Japan,Online
TXN001096,ACCT00224,2025-04-26 00:00:00,701.56,USD,WireTransfer,Robert Lee,United States,Wire
TXN001097,ACCT00198,2025-04-26 00:00:00,752.61,USD,Withdrawal,Global Exchange,Spain,Wire
TXN001098,ACCT00115,2025-04-27 00:00:00,3622.98,USD,Withdrawal,Falcon Group,India,Online
TXN001099,ACCT00111,2025-04-27 00:00:00,1002.07,USD,CashDeposit,Mary Scott,Germany,ATM
TXN001100,ACCT00032,2025-04-27 00:00:00,1194.52,USD,Withdrawal,Arjun Moore,India,ATM
TXN001101,ACCT00277,2025-04-27 00:00:00,212.08,USD,ACH,Ahmed Scott,UAE,ATM
TXN001102,ACCT00020,2025-04-27 00:00:00,57564.49,USD,WireTransfer,Crown Capital,Yemen,Wire
TXN001103,ACCT00153,2025-04-27 00:00:00,735.48,USD,CashDeposit,Prime Holdings,Ireland,Online
TXN001104,ACCT00138,2025-04-27 00:00:00,2040.66,USD,ACH,Charles Anderson,United Kingdom,Wire
TXN001105,ACCT00186,2025-04-27 00:00:00,660.82,USD,Withdrawal,Crown Holdings,Switzerland,ATM
TXN001106,ACCT00228,2025-04-28 00:00:00,2332.77,USD,WireTransfer,William Anderson,France,ATM
TXN001107,ACCT00051,2025-04-28 00:00:00,1851.07,USD,Deposit,Sunrise Capital,Germany,ATM
TXN001108,ACCT00228,2025-04-28 00:00:00,1280.08,USD,ACH,Joseph Garcia,United Kingdom,ATM
TXN001109,ACCT00251,2025-04-28 00:00:00,6492.49,USD,WireTransfer,Charles Gonzalez,Singapore,ATM
TXN001110,ACCT00247,2025-04-28 00:00:00,311.73,USD,Withdrawal,Sofia Wright,UAE,ATM
TXN001111,ACCT00061,2025-04-28 00:00:00,116.78,USD,Withdrawal,David Wright,India,ATM
TXN001112,ACCT00316,2025-04-28 00:00:00,849.13,USD,CashDeposit,Global Partners,Ireland,ATM
TXN001113,ACCT00258,2025-04-28 00:00:00,1180.49,USD,CashDeposit,Thomas King,UAE,Wire
TXN001114,ACCT00243,2025-04-29 00:00:00,80.25,USD,Withdrawal,Union Logistics,UAE,Branch
TXN001115,ACCT00068,2025-04-29 00:00:00,1312.87,USD,Withdrawal,Anchor Enterprises,Australia,Branch
TXN001116,ACCT00242,2025-04-29 00:00:00,3599.11,USD,Deposit,Sofia Scott,France,ATM
TXN001117,ACCT00320,2025-04-29 00:00:00,291.7,USD,ACH,Global Enterprises,Netherlands,Branch
TXN001118,ACCT00159,2025-04-29 00:00:00,1055.81,USD,Deposit,Noah Lee,India,Branch
TXN001119,ACCT00310,2025-04-29 00:00:00,3584.41,USD,WireTransfer,Thomas Rodriguez,France,ATM
TXN001120,ACCT00052,2025-04-29 00:00:00,20000.0,USD,WireTransfer,Anchor Holdings,Canada,Branch
TXN001121,ACCT00142,2025-04-29 00:00:00,506.22,USD,Withdrawal,Liam Wright,Ireland,Online
TXN001122,ACCT00301,2025-04-29 00:00:00,134.88,USD,CashDeposit,Jessica Johnson,Spain,ATM
TXN001123,ACCT00159,2025-04-29 00:00:00,1455.92,USD,Withdrawal,Ahmed Clark,United Kingdom,Branch
TXN001124,ACCT00311,2025-04-29 00:00:00,1078.62,USD,CashDeposit,Summit Holdings,Australia,Online
TXN001125,ACCT00080,2025-04-30 00:00:00,1538.39,USD,ACH,Metro Exchange,India,Wire
TXN001126,ACCT00277,2025-04-30 00:00:00,715.42,USD,CashDeposit,Sarah Brown,France,ATM
TXN001127,ACCT00257,2025-04-30 00:00:00,187.79,USD,ACH,Jessica Davis,Spain,Online
TXN001128,ACCT00201,2025-04-30 00:00:00,514.82,USD,CashDeposit,Mia Lee,United Kingdom,Wire
TXN001129,ACCT00176,2025-04-30 00:00:00,1929.23,USD,CashDeposit,Sarah Nguyen,Japan,Branch
TXN001130,ACCT00273,2025-04-30 00:00:00,257.78,USD,Withdrawal,James Perez,UAE,Wire
TXN001131,ACCT00247,2025-04-30 00:00:00,886.37,USD,Deposit,Richard Rodriguez,Germany,Online
TXN001132,ACCT00111,2025-04-30 00:00:00,1352.15,USD,CashDeposit,Diego Green,India,Branch
TXN001133,ACCT00304,2025-04-30 00:00:00,806.38,USD,ACH,Elizabeth Clark,India,Online
TXN001134,ACCT00011,2025-04-30 00:00:00,50309.91,USD,WireTransfer,Horizon Freight,North Korea,Wire
TXN001135,ACCT00327,2025-04-30 00:00:00,834.67,USD,WireTransfer,Charles King,Australia,Online
TXN001136,ACCT00285,2025-04-30 00:00:00,194.72,USD,Deposit,Liam Harris,Canada,Branch
TXN001137,ACCT00025,2025-04-30 11:00:00,9688.57,USD,CashDeposit,Thomas Martinez,North Korea,Branch
TXN001138,ACCT00231,2025-05-01 00:00:00,239.97,USD,ACH,Olga Ramirez,Japan,Wire
TXN001139,ACCT00215,2025-05-01 00:00:00,417.17,USD,Deposit,Sven Perez,Australia,ATM
TXN001140,ACCT00235,2025-05-01 00:00:00,657.91,USD,WireTransfer,Sunrise Traders,Germany,ATM
TXN001141,ACCT00296,2025-05-01 00:00:00,1068.42,USD,Deposit,Sofia Martin,Switzerland,Wire
TXN001142,ACCT00018,2025-05-01 00:00:00,44096.53,USD,WireTransfer,Summit Trading,Iran,Wire
TXN001143,ACCT00104,2025-05-01 00:00:00,3376.78,USD,Withdrawal,Thomas Thompson,United States,Branch
TXN001144,ACCT00326,2025-05-01 00:00:00,1704.76,USD,WireTransfer,Sven Scott,Canada,Wire
TXN001145,ACCT00219,2025-05-01 00:00:00,285.34,USD,ACH,Falcon Exchange,Switzerland,Branch
TXN001146,ACCT00306,2025-05-01 00:00:00,606.08,USD,CashDeposit,William Clark,Australia,Branch
TXN001147,ACCT00271,2025-05-01 00:00:00,1820.99,USD,WireTransfer,Jennifer Lewis,United Kingdom,Wire
TXN001148,ACCT00218,2025-05-01 00:00:00,169.3,USD,ACH,Falcon Enterprises,France,ATM
TXN001149,ACCT00161,2025-05-01 00:00:00,661.43,USD,ACH,Summit Trading,Canada,Wire
TXN001150,ACCT00232,2025-05-01 00:00:00,1693.29,USD,WireTransfer,Priya Hernandez,Netherlands,Online
TXN001151,ACCT00258,2025-05-01 00:00:00,496.01,USD,ACH,Fatima Smith,Spain,Online
TXN001152,ACCT00039,2025-05-01 00:00:00,929.32,USD,Deposit,Emma Martinez,Canada,Branch
TXN001153,ACCT00096,2025-05-01 00:00:00,5226.53,USD,ACH,Global Imports,Canada,Online
TXN001154,ACCT00124,2025-05-01 00:00:00,2237.95,USD,ACH,James Brown,Switzerland,Wire
TXN001155,ACCT00160,2025-05-01 00:00:00,9000.0,USD,ACH,Chloe Williams,Ireland,Branch
TXN001156,ACCT00061,2025-05-01 00:00:00,1438.99,USD,WireTransfer,Prime Holdings,Germany,Branch
TXN001157,ACCT00228,2025-05-01 00:00:00,6975.82,USD,Deposit,John Miller,Netherlands,Online
TXN001158,ACCT00025,2025-05-01 12:00:00,9768.67,USD,CashDeposit,Ethan Robinson,Ireland,Branch
TXN001159,ACCT00278,2025-05-02 00:00:00,1929.8,USD,CashDeposit,Sofia Young,United Kingdom,Branch
TXN001160,ACCT00311,2025-05-02 00:00:00,2008.1,USD,Withdrawal,Anchor Ventures,India,Wire
TXN001161,ACCT00263,2025-05-02 00:00:00,174.74,USD,ACH,Mary Green,Spain,Wire
TXN001162,ACCT00108,2025-05-02 00:00:00,523.78,USD,ACH,Horizon Enterprises,Canada,Wire
TXN001163,ACCT00289,2025-05-02 00:00:00,1874.48,USD,ACH,Ahmed Flores,Canada,Online
TXN001164,ACCT00087,2025-05-02 00:00:00,762.45,USD,Deposit,Camila Taylor,Australia,Branch
TXN001165,ACCT00129,2025-05-02 00:00:00,3901.5,USD,Deposit,Summit Imports,United Kingdom,Online
TXN001166,ACCT00026,2025-05-02 00:00:00,25000.0,USD,CashDeposit,Emma Hill,Singapore,Branch
TXN001167,ACCT00025,2025-05-02 05:00:00,9204.37,USD,CashDeposit,Silver Exchange,Syria,Branch
TXN001168,ACCT00292,2025-05-03 00:00:00,792.77,USD,WireTransfer,Prime Ventures,France,Branch
TXN001169,ACCT00008,2025-05-03 00:00:00,2580.24,USD,CashDeposit,Wei Martin,Japan,ATM
TXN001170,ACCT00240,2025-05-03 00:00:00,541.14,USD,Deposit,Pacific Capital,United Kingdom,ATM
TXN001171,ACCT00292,2025-05-03 00:00:00,765.01,USD,Withdrawal,Barbara White,India,ATM
TXN001172,ACCT00141,2025-05-03 00:00:00,157.36,USD,WireTransfer,Atlas Partners,Singapore,Online
TXN001173,ACCT00151,2025-05-03 00:00:00,867.73,USD,Deposit,Falcon Traders,France,Branch
TXN001174,ACCT00318,2025-05-03 00:00:00,1201.61,USD,CashDeposit,Chloe Martin,United States,Branch
TXN001175,ACCT00025,2025-05-03 11:00:00,9694.53,USD,CashDeposit,Robert Thompson,Libya,Branch
TXN001176,ACCT00007,2025-05-04 00:00:00,399.41,USD,Withdrawal,Patricia Torres,United Kingdom,ATM
TXN001177,ACCT00165,2025-05-04 00:00:00,176.61,USD,WireTransfer,Priya Hill,Australia,Branch
TXN001178,ACCT00251,2025-05-04 00:00:00,4773.64,USD,CashDeposit,Priya Rodriguez,Spain,Online
TXN001179,ACCT00151,2025-05-04 00:00:00,486.36,USD,Deposit,Pacific Freight,United Kingdom,Wire
TXN001180,ACCT00146,2025-05-04 00:00:00,555.78,USD,CashDeposit,Olga Brown,Germany,Wire
TXN001181,ACCT00142,2025-05-04 00:00:00,2287.29,USD,WireTransfer,Lucas Walker,Netherlands,Branch
TXN001182,ACCT00227,2025-05-04 00:00:00,496.58,USD,Withdrawal,Sarah Torres,Netherlands,Online
TXN001183,ACCT00288,2025-05-04 00:00:00,445.9,USD,ACH,Delta Logistics,Ireland,Online
TXN001184,ACCT00250,2025-05-04 00:00:00,1401.12,USD,ACH,Mary Green,Netherlands,Wire
TXN001185,ACCT00025,2025-05-04 02:00:00,9397.39,USD,CashDeposit,Metro Enterprises,Myanmar,Branch
TXN001186,ACCT00277,2025-05-05 00:00:00,217.12,USD,WireTransfer,Atlas Group,India,Online
TXN001187,ACCT00178,2025-05-05 00:00:00,82.1,USD,CashDeposit,Horizon Trading,United States,Wire
TXN001188,ACCT00082,2025-05-05 00:00:00,260.0,USD,Withdrawal,Karen Miller,United Kingdom,Branch
TXN001189,ACCT00103,2025-05-05 00:00:00,1642.43,USD,Withdrawal,Olga Brown,Netherlands,ATM
TXN001190,ACCT00053,2025-05-05 00:00:00,1073.71,USD,Deposit,David King,Netherlands,Online
TXN001191,ACCT00126,2025-05-05 00:00:00,463.21,USD,Withdrawal,Jennifer Miller,Ireland,Online
TXN001192,ACCT00014,2025-05-05 00:00:00,649.29,USD,CashDeposit,Yuki Anderson,Yemen,Online
TXN001193,ACCT00025,2025-05-05 03:00:00,9325.49,USD,CashDeposit,Mateo Anderson,Ireland,Branch
TXN001194,ACCT00027,2025-05-06 00:00:00,469.65,USD,Withdrawal,Horizon Freight,United States,Branch
TXN001195,ACCT00105,2025-05-06 00:00:00,434.26,USD,ACH,Jennifer Moore,France,ATM
TXN001196,ACCT00200,2025-05-06 00:00:00,1239.81,USD,CashDeposit,Mary Young,Switzerland,Online
TXN001197,ACCT00052,2025-05-06 00:00:00,10000.0,USD,WireTransfer,Falcon Logistics,Ireland,Branch
TXN001198,ACCT00315,2025-05-06 00:00:00,513.84,USD,Withdrawal,Patricia Smith,Germany,ATM
TXN001199,ACCT00113,2025-05-06 00:00:00,713.41,USD,Withdrawal,Silver Holdings,United States,Online
TXN001200,ACCT00250,2025-05-06 00:00:00,1343.3,USD,ACH,Fatima Wright,Switzerland,ATM
TXN001201,ACCT00182,2025-05-06 00:00:00,2779.86,USD,CashDeposit,Yuki King,Germany,Wire
TXN001202,ACCT00122,2025-05-06 00:00:00,93.75,USD,ACH,Silver Partners,Netherlands,Online
TXN001203,ACCT00166,2025-05-06 00:00:00,818.33,USD,Withdrawal,Richard Taylor,Spain,Wire
TXN001204,ACCT00265,2025-05-06 00:00:00,389.43,USD,ACH,Delta Group,India,ATM
TXN001205,ACCT00128,2025-05-06 00:00:00,107.26,USD,Deposit,Karen Flores,Germany,Branch
TXN001206,ACCT00070,2025-05-06 00:00:00,220.61,USD,CashDeposit,Union Group,UAE,Wire
TXN001207,ACCT00245,2025-05-06 00:00:00,245.26,USD,WireTransfer,Noah Thomas,Spain,Branch
TXN001208,ACCT00222,2025-05-06 00:00:00,102.97,USD,Deposit,Jessica Flores,Japan,Wire
TXN001209,ACCT00008,2025-05-06 00:00:00,191.59,USD,ACH,Emma Robinson,Libya,ATM
TXN001210,ACCT00123,2025-05-07 00:00:00,332.56,USD,CashDeposit,Prime Freight,United States,Online
TXN001211,ACCT00068,2025-05-07 00:00:00,1156.41,USD,ACH,Delta Exchange,Ireland,Wire
TXN001212,ACCT00156,2025-05-07 00:00:00,2191.86,USD,Withdrawal,Metro Enterprises,India,Branch
TXN001213,ACCT00201,2025-05-07 00:00:00,396.85,USD,CashDeposit,Liam Walker,Canada,Online
TXN001214,ACCT00293,2025-05-07 00:00:00,259.16,USD,WireTransfer,Chloe Thompson,UAE,Online
TXN001215,ACCT00062,2025-05-07 00:00:00,1022.54,USD,Deposit,Michael Wright,India,Online
TXN001216,ACCT00290,2025-05-07 00:00:00,2431.01,USD,CashDeposit,Olga Hernandez,Canada,ATM
TXN001217,ACCT00277,2025-05-07 00:00:00,2273.82,USD,Deposit,Richard Williams,Australia,ATM
TXN001218,ACCT00011,2025-05-07 00:00:00,1123.22,USD,Deposit,Elizabeth Harris,Venezuela,Branch
TXN001219,ACCT00085,2025-05-07 00:00:00,655.04,USD,Withdrawal,Mia Martinez,Japan,ATM
TXN001220,ACCT00170,2025-05-08 00:00:00,609.87,USD,Deposit,Noah Wright,Japan,Online
TXN001221,ACCT00116,2025-05-08 00:00:00,566.72,USD,Withdrawal,Barbara Nguyen,India,Wire
TXN001222,ACCT00201,2025-05-08 00:00:00,1074.32,USD,CashDeposit,Crown Enterprises,Spain,Online
TXN001223,ACCT00178,2025-05-08 00:00:00,744.38,USD,Withdrawal,Delta Logistics,Singapore,Branch
TXN001224,ACCT00062,2025-05-08 00:00:00,640.84,USD,Withdrawal,Priya Brown,Canada,Wire
TXN001225,ACCT00273,2025-05-08 00:00:00,4437.15,USD,WireTransfer,Sven Miller,Spain,Online
TXN001226,ACCT00269,2025-05-08 00:00:00,1262.11,USD,Deposit,Olga Young,United States,Branch
TXN001227,ACCT00155,2025-05-08 00:00:00,175.86,USD,ACH,Michael Taylor,Japan,Wire
TXN001228,ACCT00193,2025-05-08 00:00:00,179.07,USD,Withdrawal,Karen Perez,United Kingdom,ATM
TXN001229,ACCT00025,2025-05-08 00:00:00,644.87,USD,CashDeposit,Summit Freight,UAE,ATM
TXN001230,ACCT00161,2025-05-09 00:00:00,221.37,USD,CashDeposit,Wei Anderson,India,Online
TXN001231,ACCT00097,2025-05-09 00:00:00,2914.72,USD,ACH,Arjun Perez,Germany,Branch
TXN001232,ACCT00048,2025-05-09 00:00:00,593.13,USD,CashDeposit,Thomas Clark,Netherlands,Branch
TXN001233,ACCT00049,2025-05-09 00:00:00,1349.81,USD,Deposit,Priya Thompson,UAE,Online
TXN001234,ACCT00275,2025-05-09 00:00:00,432.19,USD,Withdrawal,Ahmed Moore,France,Branch
TXN001235,ACCT00329,2025-05-09 00:00:00,778.31,USD,ACH,Atlas Enterprises,Ireland,Wire
TXN001236,ACCT00270,2025-05-10 00:00:00,2470.03,USD,ACH,Global Capital,Germany,Branch
TXN001237,ACCT00309,2025-05-10 00:00:00,2746.93,USD,WireTransfer,Metro Group,Ireland,Branch
TXN001238,ACCT00220,2025-05-10 00:00:00,730.24,USD,Withdrawal,Camila Scott,Australia,ATM
TXN001239,ACCT00201,2025-05-10 00:00:00,407.01,USD,Deposit,David Sanchez,Japan,Wire
TXN001240,ACCT00149,2025-05-10 00:00:00,288.55,USD,CashDeposit,Ava Thompson,France,Wire
TXN001241,ACCT00289,2025-05-10 00:00:00,972.4,USD,Deposit,Sarah Wilson,France,ATM
TXN001242,ACCT00071,2025-05-10 00:00:00,915.79,USD,Deposit,Mateo Smith,India,Wire
TXN001243,ACCT00102,2025-05-11 00:00:00,2131.84,USD,CashDeposit,Linda Robinson,Ireland,Branch
TXN001244,ACCT00254,2025-05-11 00:00:00,4879.67,USD,CashDeposit,Lucas Green,Japan,Online
TXN001245,ACCT00060,2025-05-11 00:00:00,988.12,USD,ACH,Thomas White,India,Branch
TXN001246,ACCT00222,2025-05-11 00:00:00,526.41,USD,ACH,Michael Ramirez,Ireland,Wire
TXN001247,ACCT00278,2025-05-11 00:00:00,1133.83,USD,WireTransfer,Global Group,France,ATM
TXN001248,ACCT00098,2025-05-11 00:00:00,4247.53,USD,WireTransfer,Karen Wilson,Spain,Branch
TXN001249,ACCT00291,2025-05-11 00:00:00,536.14,USD,Withdrawal,Summit Traders,Switzerland,Wire
TXN001250,ACCT00045,2025-05-11 00:00:00,1010.55,USD,CashDeposit,Summit Exchange,Germany,Online
TXN001251,ACCT00240,2025-05-11 00:00:00,211.47,USD,ACH,Robert Anderson,United States,ATM
TXN001252,ACCT00179,2025-05-11 00:00:00,302.04,USD,ACH,Jennifer Young,Switzerland,Branch
TXN001253,ACCT00127,2025-05-12 00:00:00,466.39,USD,ACH,Metro Freight,Switzerland,Branch
TXN001254,ACCT00032,2025-05-12 00:00:00,87207.3,USD,WireTransfer,Sunrise Freight,Libya,Wire
TXN001255,ACCT00108,2025-05-12 00:00:00,650.1,USD,Deposit,Charles Martinez,Canada,Branch
TXN001256,ACCT00067,2025-05-12 00:00:00,70.17,USD,ACH,Joseph Martinez,Singapore,Branch
TXN001257,ACCT00326,2025-05-13 00:00:00,126.33,USD,WireTransfer,Nova Ventures,UAE,Wire
TXN001258,ACCT00163,2025-05-13 00:00:00,449.43,USD,ACH,Elizabeth Green,Germany,Online
TXN001259,ACCT00159,2025-05-13 00:00:00,249.34,USD,Withdrawal,Wei Hill,Netherlands,ATM
TXN001260,ACCT00163,2025-05-13 00:00:00,1317.6,USD,WireTransfer,Wei Scott,Switzerland,Branch
TXN001261,ACCT00106,2025-05-13 00:00:00,1863.03,USD,Withdrawal,Liam Davis,UAE,ATM
TXN001262,ACCT00276,2025-05-13 00:00:00,957.32,USD,ACH,Crown Logistics,Ireland,Wire
TXN001263,ACCT00293,2025-05-13 00:00:00,1191.03,USD,WireTransfer,Atlas Freight,United States,Wire
TXN001264,ACCT00089,2025-05-13 00:00:00,287.38,USD,Withdrawal,David Thompson,United Kingdom,Branch
TXN001265,ACCT00273,2025-05-13 00:00:00,945.28,USD,ACH,Ava Lewis,United Kingdom,Wire
TXN001266,ACCT00300,2025-05-13 00:00:00,310.97,USD,WireTransfer,Prime Imports,Japan,Wire
TXN001267,ACCT00008,2025-05-14 00:00:00,1005.7,USD,WireTransfer,Arjun Wilson,Libya,Wire
TXN001268,ACCT00115,2025-05-14 00:00:00,1154.57,USD,Deposit,Olga Sanchez,France,ATM
TXN001269,ACCT00033,2025-05-14 00:00:00,243.2,USD,WireTransfer,Ethan Sanchez,Myanmar,Online
TXN001270,ACCT00164,2025-05-14 00:00:00,569.13,USD,WireTransfer,Union Exchange,Australia,ATM
TXN001271,ACCT00215,2025-05-14 00:00:00,919.71,USD,Withdrawal,Sofia Johnson,United States,Online
TXN001272,ACCT00004,2025-05-14 00:00:00,1903.77,USD,ACH,Karen Hill,Afghanistan,Online
TXN001273,ACCT00266,2025-05-14 00:00:00,115.86,USD,WireTransfer,Linda Lopez,Netherlands,Wire
TXN001274,ACCT00167,2025-05-14 00:00:00,265.73,USD,Deposit,Priya Williams,India,ATM
TXN001275,ACCT00162,2025-05-14 00:00:00,1620.33,USD,Withdrawal,Jessica Rodriguez,India,Wire
TXN001276,ACCT00193,2025-05-15 00:00:00,1851.42,USD,CashDeposit,Liam Perez,Canada,Wire
TXN001277,ACCT00316,2025-05-15 00:00:00,638.71,USD,WireTransfer,Anchor Partners,India,ATM
TXN001278,ACCT00212,2025-05-15 00:00:00,79.0,USD,Withdrawal,Anchor Holdings,UAE,Online
TXN001279,ACCT00089,2025-05-15 00:00:00,1682.17,USD,WireTransfer,Charles Clark,Canada,Wire
TXN001280,ACCT00031,2025-05-15 00:00:00,1614.08,USD,ACH,Elizabeth Miller,Afghanistan,Wire
TXN001281,ACCT00201,2025-05-15 00:00:00,643.16,USD,ACH,Jessica Lee,Australia,ATM
TXN001282,ACCT00316,2025-05-16 00:00:00,205.2,USD,Deposit,Crown Group,Canada,ATM
TXN001283,ACCT00136,2025-05-16 00:00:00,32.48,USD,Withdrawal,Global Freight,Netherlands,Wire
TXN001284,ACCT00240,2025-05-16 00:00:00,1424.11,USD,WireTransfer,Nova Partners,Spain,Branch
TXN001285,ACCT00031,2025-05-16 00:00:00,347.03,USD,ACH,Silver Exchange,Libya,Wire
TXN001286,ACCT00059,2025-05-16 00:00:00,1270.54,USD,Withdrawal,Chloe Thompson,Germany,Online
TXN001287,ACCT00263,2025-05-17 00:00:00,422.19,USD,Withdrawal,Jennifer Williams,France,Branch
TXN001288,ACCT00161,2025-05-17 00:00:00,1449.45,USD,WireTransfer,Sven Green,United States,Branch
TXN001289,ACCT00214,2025-05-17 00:00:00,623.79,USD,Deposit,Sarah Martinez,Japan,Wire
TXN001290,ACCT00277,2025-05-17 00:00:00,284.14,USD,CashDeposit,Karen Smith,Australia,Online
TXN001291,ACCT00124,2025-05-17 00:00:00,572.15,USD,Deposit,Anchor Trading,Canada,Branch
TXN001292,ACCT00179,2025-05-17 00:00:00,1151.57,USD,ACH,Global Traders,Canada,ATM
TXN001293,ACCT00130,2025-05-17 00:00:00,59.16,USD,Deposit,Ethan Clark,UAE,ATM
TXN001294,ACCT00062,2025-05-17 00:00:00,5306.82,USD,ACH,Richard Taylor,Singapore,Branch
TXN001295,ACCT00104,2025-05-17 00:00:00,139.32,USD,Withdrawal,Pacific Enterprises,UAE,Branch
TXN001296,ACCT00255,2025-05-17 00:00:00,800.2,USD,ACH,Karen King,Germany,Online
TXN001297,ACCT00032,2025-05-18 00:00:00,172.52,USD,WireTransfer,Emma Miller,Afghanistan,Branch
TXN001298,ACCT00032,2025-05-18 00:00:00,910.38,USD,ACH,Noah Rodriguez,Ireland,Branch
TXN001299,ACCT00228,2025-05-18 00:00:00,46.32,USD,Withdrawal,Fatima Lopez,Ireland,Branch
TXN001300,ACCT00018,2025-05-18 00:00:00,33078.58,USD,WireTransfer,Delta Ventures,Venezuela,Wire
TXN001301,ACCT00055,2025-05-18 00:00:00,25000.0,USD,WireTransfer,Camila Perez,Canada,Branch
TXN001302,ACCT00062,2025-05-18 00:00:00,469.35,USD,Withdrawal,Prime Logistics,UAE,Wire
TXN001303,ACCT00059,2025-05-18 00:00:00,991.5,USD,Withdrawal,Jessica Thomas,India,Online
TXN001304,ACCT00151,2025-05-18 00:00:00,622.58,USD,ACH,Wei Jackson,United Kingdom,Online
TXN001305,ACCT00150,2025-05-19 00:00:00,343.1,USD,Withdrawal,David Lee,Netherlands,Online
TXN001306,ACCT00162,2025-05-19 00:00:00,1298.21,USD,WireTransfer,Jennifer Brown,France,Wire
TXN001307,ACCT00187,2025-05-19 00:00:00,2706.39,USD,ACH,Liam Jackson,Australia,Online
TXN001308,ACCT00080,2025-05-19 00:00:00,1667.49,USD,WireTransfer,Olga Robinson,France,Branch
TXN001309,ACCT00213,2025-05-19 00:00:00,424.11,USD,WireTransfer,William Martin,United States,Online
TXN001310,ACCT00327,2025-05-19 00:00:00,136.7,USD,CashDeposit,Jennifer Hernandez,India,ATM
TXN001311,ACCT00089,2025-05-19 00:00:00,220.7,USD,WireTransfer,Elizabeth Smith,Singapore,Branch
TXN001312,ACCT00169,2025-05-20 00:00:00,595.99,USD,Deposit,Sarah Garcia,Switzerland,Wire
TXN001313,ACCT00175,2025-05-20 00:00:00,734.81,USD,Withdrawal,Pacific Ventures,France,Online
TXN001314,ACCT00228,2025-05-20 00:00:00,113.91,USD,CashDeposit,Patricia Sanchez,Singapore,Branch
TXN001315,ACCT00149,2025-05-20 00:00:00,483.07,USD,WireTransfer,Richard Nguyen,Netherlands,Branch
TXN001316,ACCT00255,2025-05-20 00:00:00,2672.4,USD,Deposit,Noah Anderson,Spain,Branch
TXN001317,ACCT00140,2025-05-20 00:00:00,484.89,USD,Deposit,Olga Green,United Kingdom,Wire
TXN001318,ACCT00092,2025-05-20 00:00:00,973.75,USD,ACH,Olga Young,India,ATM
TXN001319,ACCT00250,2025-05-21 00:00:00,1873.8,USD,CashDeposit,Linda Thomas,Japan,Online
TXN001320,ACCT00188,2025-05-21 00:00:00,346.51,USD,Deposit,Delta Enterprises,Germany,Branch
TXN001321,ACCT00098,2025-05-21 00:00:00,1190.46,USD,Deposit,Priya Ramirez,India,Wire
TXN001322,ACCT00028,2025-05-21 00:00:00,122.79,USD,WireTransfer,Chloe Thomas,United States,Wire
TXN001323,ACCT00073,2025-05-21 00:00:00,8775.41,USD,Deposit,Michael Wilson,Netherlands,Branch
TXN001324,ACCT00144,2025-05-21 00:00:00,675.21,USD,ACH,Camila Clark,France,Branch
TXN001325,ACCT00214,2025-05-21 00:00:00,273.35,USD,ACH,Yuki Jackson,Germany,ATM
TXN001326,ACCT00129,2025-05-21 00:00:00,1635.11,USD,Deposit,Diego Martin,Japan,Online
TXN001327,ACCT00169,2025-05-21 00:00:00,280.23,USD,ACH,Crown Partners,Canada,Online
TXN001328,ACCT00313,2025-05-22 00:00:00,219.66,USD,CashDeposit,Chloe Robinson,Netherlands,ATM
TXN001329,ACCT00188,2025-05-22 00:00:00,459.2,USD,CashDeposit,Linda Walker,India,ATM
TXN001330,ACCT00189,2025-05-22 00:00:00,205.29,USD,ACH,Horizon Holdings,UAE,Wire
TXN001331,ACCT00005,2025-05-22 00:00:00,722.02,USD,Withdrawal,Mary Thomas,Venezuela,Branch
TXN001332,ACCT00285,2025-05-22 00:00:00,311.16,USD,Deposit,Priya Thompson,Australia,Wire
TXN001333,ACCT00172,2025-05-22 00:00:00,775.75,USD,CashDeposit,Anchor Imports,Germany,Wire
TXN001334,ACCT00327,2025-05-22 00:00:00,634.37,USD,Deposit,Camila King,Japan,Wire
TXN001335,ACCT00269,2025-05-22 00:00:00,832.42,USD,ACH,Barbara Davis,Germany,ATM
TXN001336,ACCT00169,2025-05-23 00:00:00,912.82,USD,ACH,Jessica Harris,UAE,ATM
TXN001337,ACCT00162,2025-05-23 00:00:00,1333.47,USD,CashDeposit,Union Exchange,India,Wire
TXN001338,ACCT00248,2025-05-23 00:00:00,734.46,USD,WireTransfer,Delta Trading,Netherlands,ATM
TXN001339,ACCT00240,2025-05-23 00:00:00,2029.27,USD,Deposit,Sunrise Exchange,Ireland,ATM
TXN001340,ACCT00003,2025-05-23 00:00:00,727.34,USD,CashDeposit,Susan Young,Afghanistan,ATM
TXN001341,ACCT00118,2025-05-23 00:00:00,136.44,USD,Withdrawal,Prime Logistics,Spain,Online
TXN001342,ACCT00181,2025-05-23 00:00:00,309.52,USD,WireTransfer,Nova Freight,Switzerland,ATM
TXN001343,ACCT00071,2025-05-23 00:00:00,652.21,USD,CashDeposit,Global Freight,United States,Online
TXN001344,ACCT00301,2025-05-23 00:00:00,601.86,USD,WireTransfer,Nova Logistics,United States,Online
TXN001345,ACCT00318,2025-05-24 00:00:00,323.38,USD,Deposit,Emma Hill,United States,Branch
TXN001346,ACCT00060,2025-05-24 00:00:00,153.8,USD,ACH,Patricia Wright,Ireland,Online
TXN001347,ACCT00143,2025-05-24 00:00:00,1949.2,USD,CashDeposit,Sunrise Traders,Australia,ATM
TXN001348,ACCT00227,2025-05-24 00:00:00,947.24,USD,Deposit,Diego Hill,Germany,Branch
TXN001349,ACCT00149,2025-05-24 00:00:00,1785.29,USD,ACH,Mia Martin,Netherlands,Branch
TXN001350,ACCT00013,2025-05-24 00:00:00,26657.16,USD,WireTransfer,Barbara Hernandez,Iran,Wire
TXN001351,ACCT00172,2025-05-24 00:00:00,552.78,USD,Withdrawal,Anchor Group,Netherlands,ATM
TXN001352,ACCT00188,2025-05-24 00:00:00,303.46,USD,CashDeposit,Crown Capital,United States,Wire
TXN001353,ACCT00038,2025-05-25 00:00:00,451.37,USD,Deposit,Ava Gonzalez,Myanmar,Branch
TXN001354,ACCT00013,2025-05-25 00:00:00,24578.47,USD,WireTransfer,Global Logistics,Germany,Wire
TXN001355,ACCT00142,2025-05-25 00:00:00,447.35,USD,ACH,Wei Rodriguez,Australia,Online
TXN001356,ACCT00213,2025-05-25 00:00:00,1320.16,USD,WireTransfer,David White,Ireland,ATM
TXN001357,ACCT00033,2025-05-25 00:00:00,297.44,USD,WireTransfer,Arjun Moore,Yemen,Branch
TXN001358,ACCT00176,2025-05-25 00:00:00,220.74,USD,ACH,Pacific Freight,Singapore,Wire
TXN001359,ACCT00060,2025-05-26 00:00:00,383.64,USD,WireTransfer,Camila Garcia,Switzerland,ATM
TXN001360,ACCT00272,2025-05-26 00:00:00,743.5,USD,CashDeposit,Wei Miller,Australia,Online
TXN001361,ACCT00207,2025-05-26 00:00:00,163.17,USD,CashDeposit,Thomas Miller,France,ATM
TXN001362,ACCT00176,2025-05-26 00:00:00,1399.42,USD,WireTransfer,Robert Taylor,Switzerland,Wire
TXN001363,ACCT00240,2025-05-26 00:00:00,416.07,USD,WireTransfer,John Walker,Japan,Branch
TXN001364,ACCT00059,2025-05-26 00:00:00,1016.55,USD,CashDeposit,Sarah Anderson,Australia,ATM
TXN001365,ACCT00116,2025-05-26 00:00:00,1422.34,USD,Withdrawal,John Robinson,France,Online
TXN001366,ACCT00113,2025-05-26 00:00:00,561.82,USD,Withdrawal,Priya Torres,France,Online
TXN001367,ACCT00306,2025-05-26 00:00:00,1427.53,USD,Withdrawal,Prime Ventures,Singapore,ATM
TXN001368,ACCT00269,2025-05-26 00:00:00,181.41,USD,ACH,Summit Holdings,Germany,Online
TXN001369,ACCT00308,2025-05-26 00:00:00,356.07,USD,ACH,Richard Flores,Canada,ATM
TXN001370,ACCT00084,2025-05-26 00:00:00,51.73,USD,Withdrawal,Yuki Williams,France,Wire
TXN001371,ACCT00130,2025-05-27 00:00:00,507.9,USD,WireTransfer,Joseph Martin,Singapore,Wire
TXN001372,ACCT00291,2025-05-27 00:00:00,547.09,USD,WireTransfer,Union Exchange,Switzerland,ATM
TXN001373,ACCT00056,2025-05-27 00:00:00,810.71,USD,Withdrawal,Ava Anderson,Ireland,Branch
TXN001374,ACCT00312,2025-05-27 00:00:00,323.42,USD,CashDeposit,John Lee,United Kingdom,Wire
TXN001375,ACCT00159,2025-05-27 00:00:00,3785.37,USD,Withdrawal,Summit Group,UAE,Online
TXN001376,ACCT00301,2025-05-27 00:00:00,645.65,USD,Deposit,Global Ventures,France,Wire
TXN001377,ACCT00182,2025-05-27 00:00:00,1538.0,USD,ACH,Silver Trading,Spain,Online
TXN001378,ACCT00045,2025-05-27 00:00:00,868.34,USD,ACH,Union Logistics,Singapore,Branch
TXN001379,ACCT00099,2025-05-28 00:00:00,1111.65,USD,ACH,Susan Flores,United Kingdom,Wire
TXN001380,ACCT00155,2025-05-28 00:00:00,739.44,USD,Deposit,Elizabeth Robinson,India,Branch
TXN001381,ACCT00263,2025-05-28 00:00:00,80.99,USD,Withdrawal,Linda Garcia,France,Online
TXN001382,ACCT00003,2025-05-28 00:00:00,590.02,USD,Deposit,Pacific Imports,Switzerland,ATM
TXN001383,ACCT00293,2025-05-28 00:00:00,2503.47,USD,WireTransfer,Joseph Thompson,UAE,Wire
TXN001384,ACCT00088,2025-05-28 00:00:00,517.58,USD,Withdrawal,David Hill,UAE,Wire
TXN001385,ACCT00240,2025-05-28 00:00:00,2169.72,USD,Deposit,Priya Lopez,Japan,Online
TXN001386,ACCT00309,2025-05-29 00:00:00,406.2,USD,WireTransfer,Liam Sanchez,Ireland,Branch
TXN001387,ACCT00089,2025-05-29 00:00:00,93.1,USD,WireTransfer,Crown Logistics,Singapore,Branch
TXN001388,ACCT00134,2025-05-29 00:00:00,1414.16,USD,WireTransfer,Jessica Green,Canada,Wire
TXN001389,ACCT00102,2025-05-29 00:00:00,171.3,USD,ACH,Noah Martin,Canada,Wire
TXN001390,ACCT00050,2025-05-29 00:00:00,317.08,USD,Withdrawal,Olga White,Singapore,Wire
TXN001391,ACCT00254,2025-05-29 00:00:00,263.02,USD,Deposit,Sofia Smith,Germany,Branch
TXN001392,ACCT00206,2025-05-29 00:00:00,482.39,USD,Deposit,Priya Lopez,Switzerland,Online
TXN001393,ACCT00207,2025-05-30 00:00:00,263.89,USD,CashDeposit,Atlas Capital,Germany,Branch
TXN001394,ACCT00258,2025-05-30 00:00:00,145.24,USD,Withdrawal,Chloe King,Netherlands,ATM
TXN001395,ACCT00302,2025-05-30 00:00:00,193.39,USD,Deposit,Prime Partners,Netherlands,Online
TXN001396,ACCT00161,2025-05-30 00:00:00,380.58,USD,Withdrawal,John Jones,India,Wire
TXN001397,ACCT00310,2025-05-30 00:00:00,208.87,USD,Deposit,Camila Scott,Ireland,ATM
TXN001398,ACCT00250,2025-05-30 00:00:00,446.26,USD,WireTransfer,Elizabeth Flores,Canada,Online
TXN001399,ACCT00320,2025-05-30 00:00:00,1317.2,USD,CashDeposit,Robert Brown,Canada,Online
TXN001400,ACCT00312,2025-05-30 00:00:00,408.43,USD,WireTransfer,Pacific Enterprises,India,Wire
TXN001401,ACCT00077,2025-05-31 00:00:00,1139.97,USD,Deposit,James Torres,Singapore,ATM
TXN001402,ACCT00171,2025-05-31 00:00:00,3659.25,USD,WireTransfer,Lucas Hernandez,Netherlands,ATM
TXN001403,ACCT00079,2025-05-31 00:00:00,571.08,USD,WireTransfer,Ethan Martin,United States,Online
TXN001404,ACCT00164,2025-05-31 00:00:00,3083.21,USD,Withdrawal,Fatima Anderson,Germany,ATM
TXN001405,ACCT00267,2025-05-31 00:00:00,1311.53,USD,CashDeposit,Susan Scott,Japan,Online
TXN001406,ACCT00163,2025-05-31 00:00:00,767.69,USD,CashDeposit,Charles Martinez,United Kingdom,Branch
TXN001407,ACCT00118,2025-05-31 00:00:00,868.81,USD,Deposit,Anchor Trading,United Kingdom,Wire
TXN001408,ACCT00253,2025-05-31 00:00:00,204.7,USD,Withdrawal,Horizon Freight,UAE,Wire
TXN001409,ACCT00114,2025-05-31 00:00:00,345.82,USD,Withdrawal,Anchor Ventures,Germany,ATM
TXN001410,ACCT00125,2025-05-31 00:00:00,600.57,USD,CashDeposit,Metro Partners,UAE,Online
TXN001411,ACCT00107,2025-05-31 00:00:00,8862.32,USD,ACH,Anchor Partners,Ireland,Branch
TXN001412,ACCT00138,2025-06-01 00:00:00,292.24,USD,Deposit,Atlas Trading,United Kingdom,Wire
TXN001413,ACCT00039,2025-06-01 00:00:00,299.38,USD,WireTransfer,Charles White,Syria,Wire
TXN001414,ACCT00247,2025-06-01 00:00:00,3087.6,USD,ACH,Chloe Rodriguez,Switzerland,Branch
TXN001415,ACCT00285,2025-06-01 00:00:00,2449.18,USD,Withdrawal,Anchor Imports,India,ATM
TXN001416,ACCT00165,2025-06-01 00:00:00,262.56,USD,Deposit,Emma Taylor,India,Branch
TXN001417,ACCT00198,2025-06-01 00:00:00,4694.55,USD,ACH,David Martin,India,Wire
TXN001418,ACCT00200,2025-06-01 00:00:00,423.41,USD,CashDeposit,John Gonzalez,Japan,Online
TXN001419,ACCT00328,2025-06-02 00:00:00,339.51,USD,ACH,Delta Enterprises,Germany,Branch
TXN001420,ACCT00214,2025-06-02 00:00:00,1781.93,USD,WireTransfer,Global Freight,United Kingdom,Online
TXN001421,ACCT00071,2025-06-02 00:00:00,832.07,USD,WireTransfer,Sunrise Logistics,United States,Branch
TXN001422,ACCT00102,2025-06-02 00:00:00,295.82,USD,WireTransfer,Chloe Taylor,Ireland,Wire
TXN001423,ACCT00312,2025-06-02 00:00:00,2350.75,USD,ACH,Yuki Davis,Canada,ATM
TXN001424,ACCT00033,2025-06-02 00:00:00,6699.06,USD,ACH,Atlas Capital,United Kingdom,Branch
TXN001425,ACCT00035,2025-06-02 00:00:00,30000.0,USD,WireTransfer,Joseph Harris,North Korea,Branch
TXN001426,ACCT00011,2025-06-02 00:00:00,86170.1,USD,WireTransfer,Metro Capital,North Korea,Wire
TXN001427,ACCT00217,2025-06-02 00:00:00,107.71,USD,Deposit,Pacific Imports,France,Branch
TXN001428,ACCT00208,2025-06-03 00:00:00,826.15,USD,Withdrawal,Mateo Anderson,India,Branch
TXN001429,ACCT00123,2025-06-03 00:00:00,4189.0,USD,CashDeposit,Thomas Harris,Singapore,Online
TXN001430,ACCT00082,2025-06-03 00:00:00,551.71,USD,ACH,Emma Garcia,Switzerland,Branch
TXN001431,ACCT00115,2025-06-03 00:00:00,360.77,USD,WireTransfer,David Martinez,Netherlands,Branch
TXN001432,ACCT00109,2025-06-03 00:00:00,649.24,USD,Deposit,Sunrise Traders,UAE,Wire
TXN001433,ACCT00096,2025-06-03 00:00:00,3109.17,USD,ACH,John Wilson,Australia,Wire
TXN001434,ACCT00319,2025-06-04 00:00:00,196.16,USD,WireTransfer,Jennifer Sanchez,United Kingdom,Online
TXN001435,ACCT00176,2025-06-04 00:00:00,1551.53,USD,WireTransfer,Atlas Exchange,United Kingdom,Branch
TXN001436,ACCT00115,2025-06-04 00:00:00,752.35,USD,WireTransfer,David Scott,UAE,Online
TXN001437,ACCT00169,2025-06-04 00:00:00,515.0,USD,Deposit,Jessica Williams,Switzerland,Online
TXN001438,ACCT00111,2025-06-04 00:00:00,927.02,USD,CashDeposit,Global Group,Canada,Wire
TXN001439,ACCT00106,2025-06-04 00:00:00,1080.02,USD,Deposit,David Wright,Singapore,Branch
TXN001440,ACCT00100,2025-06-04 00:00:00,421.11,USD,ACH,Sofia Williams,United Kingdom,ATM
TXN001441,ACCT00155,2025-06-04 00:00:00,550.53,USD,CashDeposit,Arjun Hill,United Kingdom,ATM
TXN001442,ACCT00025,2025-06-04 00:00:00,475.46,USD,Withdrawal,Jessica Young,France,Online
TXN001443,ACCT00136,2025-06-04 00:00:00,310.22,USD,ACH,Robert Rodriguez,Singapore,Online
TXN001444,ACCT00209,2025-06-05 00:00:00,1079.09,USD,Deposit,Prime Group,United Kingdom,Online
TXN001445,ACCT00135,2025-06-05 00:00:00,100.12,USD,Deposit,Metro Logistics,Switzerland,Branch
TXN001446,ACCT00178,2025-06-05 00:00:00,1970.27,USD,CashDeposit,Fatima Nguyen,UAE,Online
TXN001447,ACCT00088,2025-06-05 00:00:00,349.49,USD,ACH,Global Logistics,Germany,Wire
TXN001448,ACCT00181,2025-06-05 00:00:00,184.12,USD,WireTransfer,Mary Martinez,India,ATM
TXN001449,ACCT00153,2025-06-05 00:00:00,1197.19,USD,WireTransfer,Mateo Taylor,India,Wire
TXN001450,ACCT00102,2025-06-05 00:00:00,707.46,USD,CashDeposit,Olga Martin,UAE,ATM
TXN001451,ACCT00068,2025-06-05 00:00:00,6826.85,USD,ACH,Michael Rodriguez,United Kingdom,ATM
TXN001452,ACCT00230,2025-06-05 00:00:00,400.51,USD,Deposit,Richard Clark,Germany,Online
TXN001453,ACCT00225,2025-06-05 00:00:00,1082.92,USD,CashDeposit,Noah King,France,ATM
TXN001454,ACCT00245,2025-06-06 00:00:00,228.69,USD,ACH,Mia Gonzalez,UAE,ATM
TXN001455,ACCT00161,2025-06-06 00:00:00,3549.25,USD,CashDeposit,Elizabeth Williams,Canada,Online
TXN001456,ACCT00306,2025-06-06 00:00:00,442.58,USD,Deposit,Crown Group,Canada,Branch
TXN001457,ACCT00156,2025-06-06 00:00:00,155.84,USD,Deposit,Yuki Scott,Netherlands,ATM
TXN001458,ACCT00305,2025-06-06 00:00:00,402.93,USD,Withdrawal,Barbara Nguyen,United States,Branch
TXN001459,ACCT00319,2025-06-06 00:00:00,137.9,USD,Withdrawal,Elizabeth Anderson,United States,Wire
TXN001460,ACCT00200,2025-06-06 00:00:00,3206.77,USD,Deposit,Chloe Young,Switzerland,Branch
TXN001461,ACCT00065,2025-06-06 00:00:00,516.78,USD,CashDeposit,Elizabeth Lee,Australia,Branch
TXN001462,ACCT00082,2025-06-07 00:00:00,619.86,USD,ACH,Global Capital,United States,Wire
TXN001463,ACCT00188,2025-06-07 00:00:00,990.22,USD,ACH,Olga Brown,Ireland,Wire
TXN001464,ACCT00151,2025-06-07 00:00:00,1066.79,USD,CashDeposit,Michael Davis,United Kingdom,Branch
TXN001465,ACCT00167,2025-06-07 00:00:00,1840.26,USD,ACH,William Scott,Germany,Wire
TXN001466,ACCT00312,2025-06-07 00:00:00,2489.0,USD,CashDeposit,Karen Moore,France,Branch
TXN001467,ACCT00019,2025-06-08 00:00:00,20000.0,USD,WireTransfer,Global Exchange,Syria,Branch
TXN001468,ACCT00030,2025-06-08 00:00:00,2088.36,USD,Withdrawal,Atlas Trading,Iran,Wire
TXN001469,ACCT00026,2025-06-08 00:00:00,130.37,USD,Withdrawal,William Young,Syria,Branch
TXN001470,ACCT00137,2025-06-08 00:00:00,1102.65,USD,Withdrawal,Ethan Gonzalez,Spain,Online
TXN001471,ACCT00096,2025-06-08 00:00:00,2226.9,USD,ACH,Diego Williams,Singapore,Wire
TXN001472,ACCT00293,2025-06-08 00:00:00,1021.82,USD,Withdrawal,Richard Davis,India,ATM
TXN001473,ACCT00160,2025-06-09 00:00:00,453.06,USD,ACH,Linda Hill,Singapore,Branch
TXN001474,ACCT00172,2025-06-09 00:00:00,507.94,USD,CashDeposit,Falcon Imports,Singapore,ATM
TXN001475,ACCT00199,2025-06-09 00:00:00,409.4,USD,CashDeposit,Noah Anderson,Ireland,Branch
TXN001476,ACCT00289,2025-06-09 00:00:00,252.11,USD,Deposit,Delta Enterprises,Singapore,Branch
TXN001477,ACCT00270,2025-06-09 00:00:00,5567.89,USD,WireTransfer,Prime Trading,Ireland,Branch
TXN001478,ACCT00328,2025-06-09 00:00:00,877.08,USD,Withdrawal,Barbara Thomas,Canada,ATM
TXN001479,ACCT00201,2025-06-09 00:00:00,199.7,USD,WireTransfer,Thomas Young,UAE,Online
TXN001480,ACCT00174,2025-06-09 00:00:00,1144.48,USD,WireTransfer,Lucas Garcia,Canada,ATM
TXN001481,ACCT00105,2025-06-10 00:00:00,1958.72,USD,WireTransfer,Metro Partners,Spain,Branch
TXN001482,ACCT00149,2025-06-10 00:00:00,800.1,USD,Deposit,Priya Wilson,Australia,Branch
TXN001483,ACCT00070,2025-06-10 00:00:00,247.5,USD,ACH,Pacific Trading,Singapore,Branch
TXN001484,ACCT00111,2025-06-10 00:00:00,607.57,USD,Deposit,Camila Brown,United States,Online
TXN001485,ACCT00186,2025-06-10 00:00:00,2380.05,USD,CashDeposit,Emma Hernandez,Japan,ATM
TXN001486,ACCT00289,2025-06-10 00:00:00,543.2,USD,CashDeposit,William Miller,UAE,Wire
TXN001487,ACCT00256,2025-06-10 00:00:00,1026.08,USD,WireTransfer,Olga Miller,Germany,Online
TXN001488,ACCT00286,2025-06-10 00:00:00,1058.25,USD,CashDeposit,James Hernandez,Spain,ATM
TXN001489,ACCT00226,2025-06-10 00:00:00,337.18,USD,Deposit,Anchor Trading,United Kingdom,Online
TXN001490,ACCT00156,2025-06-10 00:00:00,190.11,USD,CashDeposit,Yuki Clark,India,ATM
TXN001491,ACCT00327,2025-06-10 00:00:00,86.82,USD,WireTransfer,Delta Exchange,France,Online
TXN001492,ACCT00165,2025-06-10 00:00:00,311.53,USD,Deposit,Silver Ventures,France,ATM
TXN001493,ACCT00150,2025-06-10 00:00:00,1366.16,USD,WireTransfer,Metro Holdings,Switzerland,Wire
TXN001494,ACCT00100,2025-06-10 00:00:00,601.75,USD,ACH,Emma Martinez,Australia,Online
TXN001495,ACCT00153,2025-06-11 00:00:00,173.45,USD,Deposit,Yuki Martinez,United Kingdom,Online
TXN001496,ACCT00127,2025-06-11 00:00:00,86.58,USD,Withdrawal,Crown Enterprises,Spain,ATM
TXN001497,ACCT00319,2025-06-11 00:00:00,1702.03,USD,WireTransfer,Pacific Holdings,Ireland,Wire
TXN001498,ACCT00209,2025-06-11 00:00:00,391.03,USD,CashDeposit,Barbara Jackson,India,Wire
TXN001499,ACCT00278,2025-06-11 00:00:00,375.5,USD,ACH,Sarah Lewis,Spain,Online
TXN001500,ACCT00190,2025-06-12 00:00:00,139.1,USD,ACH,Liam White,Germany,Online
TXN001501,ACCT00259,2025-06-12 00:00:00,2698.36,USD,CashDeposit,Jessica White,Japan,Branch
TXN001502,ACCT00146,2025-06-12 00:00:00,299.76,USD,CashDeposit,Delta Logistics,Japan,Online
TXN001503,ACCT00012,2025-06-12 00:00:00,1941.07,USD,WireTransfer,Sarah Miller,Afghanistan,Branch
TXN001504,ACCT00323,2025-06-12 00:00:00,354.24,USD,Deposit,Metro Logistics,UAE,ATM
TXN001505,ACCT00025,2025-06-12 00:00:00,5740.14,USD,Withdrawal,Mateo Lopez,Netherlands,Wire
TXN001506,ACCT00003,2025-06-12 00:00:00,1083.6,USD,ACH,Falcon Freight,Afghanistan,ATM
TXN001507,ACCT00114,2025-06-12 00:00:00,717.26,USD,WireTransfer,Atlas Ventures,United States,Wire
TXN001508,ACCT00068,2025-06-12 00:00:00,107.33,USD,Withdrawal,Sven Clark,Ireland,Branch
TXN001509,ACCT00242,2025-06-12 00:00:00,1638.64,USD,Deposit,Anchor Holdings,Netherlands,Online
TXN001510,ACCT00027,2025-06-12 00:00:00,2543.54,USD,ACH,Anchor Partners,Myanmar,ATM
TXN001511,ACCT00120,2025-06-12 00:00:00,787.34,USD,ACH,Nova Partners,Australia,Branch
TXN001512,ACCT00270,2025-06-12 00:00:00,714.26,USD,Withdrawal,Liam Williams,France,Branch
TXN001513,ACCT00026,2025-06-12 00:00:00,5000.0,USD,CashDeposit,Crown Holdings,Syria,Branch
TXN001514,ACCT00322,2025-06-13 00:00:00,472.87,USD,WireTransfer,Summit Trading,United Kingdom,Wire
TXN001515,ACCT00127,2025-06-13 00:00:00,204.32,USD,WireTransfer,Lucas Walker,France,Branch
TXN001516,ACCT00177,2025-06-13 00:00:00,502.19,USD,Withdrawal,Emma Sanchez,Switzerland,Wire
TXN001517,ACCT00259,2025-06-13 00:00:00,4606.95,USD,CashDeposit,Robert Scott,India,Online
TXN001518,ACCT00204,2025-06-14 00:00:00,604.58,USD,CashDeposit,Emma Jackson,Netherlands,Wire
TXN001519,ACCT00225,2025-06-14 00:00:00,139.58,USD,Withdrawal,Linda Jackson,Netherlands,Wire
TXN001520,ACCT00028,2025-06-14 00:00:00,796.2,USD,ACH,Mary Moore,Yemen,ATM
TXN001521,ACCT00204,2025-06-14 00:00:00,943.69,USD,Withdrawal,Crown Exchange,Ireland,Wire
TXN001522,ACCT00207,2025-06-14 00:00:00,492.83,USD,WireTransfer,Joseph Smith,United Kingdom,Branch
TXN001523,ACCT00028,2025-06-14 00:00:00,25000.0,USD,WireTransfer,Anchor Logistics,Libya,Branch
TXN001524,ACCT00192,2025-06-15 00:00:00,928.77,USD,CashDeposit,Michael Walker,Netherlands,ATM
TXN001525,ACCT00119,2025-06-15 00:00:00,324.03,USD,Withdrawal,James Harris,Japan,Branch
TXN001526,ACCT00066,2025-06-15 00:00:00,1368.49,USD,CashDeposit,Diego White,Canada,Branch
TXN001527,ACCT00172,2025-06-15 00:00:00,119.37,USD,Deposit,Camila Ramirez,United Kingdom,Branch
TXN001528,ACCT00213,2025-06-15 00:00:00,951.89,USD,ACH,Pacific Imports,United Kingdom,ATM
TXN001529,ACCT00030,2025-06-15 00:00:00,530.47,USD,Deposit,Ava White,Syria,Branch
TXN001530,ACCT00252,2025-06-15 00:00:00,2607.52,USD,Withdrawal,John Garcia,Japan,Branch
TXN001531,ACCT00316,2025-06-15 00:00:00,6506.12,USD,Withdrawal,Karen Clark,Singapore,ATM
TXN001532,ACCT00200,2025-06-16 00:00:00,978.8,USD,ACH,Susan Torres,Ireland,ATM
TXN001533,ACCT00182,2025-06-16 00:00:00,932.95,USD,CashDeposit,Noah Garcia,United Kingdom,Online
TXN001534,ACCT00322,2025-06-16 00:00:00,2219.63,USD,Withdrawal,Union Ventures,Singapore,ATM
TXN001535,ACCT00179,2025-06-16 00:00:00,6119.29,USD,Withdrawal,Delta Partners,Netherlands,Branch
TXN001536,ACCT00167,2025-06-16 00:00:00,1497.27,USD,Withdrawal,Horizon Freight,Canada,Wire
TXN001537,ACCT00117,2025-06-16 00:00:00,1950.82,USD,ACH,Metro Trading,United Kingdom,Wire
TXN001538,ACCT00095,2025-06-16 00:00:00,273.83,USD,Deposit,Lucas King,Switzerland,Wire
TXN001539,ACCT00264,2025-06-16 00:00:00,623.79,USD,WireTransfer,Horizon Enterprises,Germany,Branch
TXN001540,ACCT00287,2025-06-17 00:00:00,92.9,USD,Deposit,James Jones,United Kingdom,Online
TXN001541,ACCT00312,2025-06-17 00:00:00,3005.64,USD,Withdrawal,Liam Brown,Ireland,Wire
TXN001542,ACCT00027,2025-06-17 00:00:00,976.15,USD,Deposit,Anchor Ventures,Myanmar,Wire
TXN001543,ACCT00189,2025-06-17 00:00:00,1620.11,USD,CashDeposit,John Jones,France,Wire
TXN001544,ACCT00189,2025-06-17 00:00:00,193.93,USD,WireTransfer,Silver Logistics,Switzerland,Online
TXN001545,ACCT00266,2025-06-17 00:00:00,1016.78,USD,Withdrawal,Anchor Freight,United Kingdom,Online
TXN001546,ACCT00214,2025-06-17 00:00:00,1597.26,USD,CashDeposit,Summit Traders,Australia,Wire
TXN001547,ACCT00274,2025-06-17 00:00:00,1051.32,USD,WireTransfer,Patricia Davis,Australia,ATM
TXN001548,ACCT00012,2025-06-18 00:00:00,293.4,USD,ACH,Ethan Gonzalez,Syria,ATM
TXN001549,ACCT00072,2025-06-18 00:00:00,329.64,USD,CashDeposit,Atlas Partners,Singapore,Wire
TXN001550,ACCT00313,2025-06-18 00:00:00,4602.65,USD,CashDeposit,Ava Davis,Ireland,ATM
TXN001551,ACCT00101,2025-06-18 00:00:00,1610.09,USD,Deposit,Lucas Rodriguez,Australia,Wire
TXN001552,ACCT00186,2025-06-18 00:00:00,1210.51,USD,CashDeposit,Mateo Scott,France,Branch
TXN001553,ACCT00134,2025-06-18 00:00:00,999.3,USD,WireTransfer,Nova Traders,Canada,ATM
TXN001554,ACCT00011,2025-06-19 00:00:00,735.17,USD,ACH,Liam Thompson,UAE,Online
TXN001555,ACCT00292,2025-06-19 00:00:00,151.88,USD,ACH,Sarah Perez,Netherlands,Wire
TXN001556,ACCT00223,2025-06-19 00:00:00,226.32,USD,ACH,Summit Holdings,Switzerland,Branch
TXN001557,ACCT00135,2025-06-19 00:00:00,823.28,USD,WireTransfer,Ava Flores,UAE,ATM
TXN001558,ACCT00298,2025-06-19 00:00:00,1198.29,USD,Deposit,Horizon Traders,Japan,Branch
TXN001559,ACCT00121,2025-06-19 00:00:00,1257.14,USD,WireTransfer,Jessica Anderson,Germany,Online
TXN001560,ACCT00033,2025-06-19 00:00:00,563.56,USD,WireTransfer,Noah Brown,Libya,ATM
TXN001561,ACCT00113,2025-06-19 00:00:00,1720.39,USD,ACH,Global Capital,Japan,Online
TXN001562,ACCT00075,2025-06-19 00:00:00,347.49,USD,WireTransfer,Pacific Holdings,India,Wire
TXN001563,ACCT00231,2025-06-19 00:00:00,617.47,USD,WireTransfer,Pacific Freight,Germany,Branch
TXN001564,ACCT00115,2025-06-19 00:00:00,640.96,USD,CashDeposit,Union Holdings,Japan,Wire
TXN001565,ACCT00254,2025-06-19 00:00:00,7666.25,USD,CashDeposit,Metro Ventures,France,Branch
TXN001566,ACCT00047,2025-06-19 00:00:00,1958.76,USD,WireTransfer,Anchor Partners,France,ATM
TXN001567,ACCT00073,2025-06-20 00:00:00,380.89,USD,ACH,Karen Johnson,Canada,Branch
TXN001568,ACCT00103,2025-06-20 00:00:00,62.62,USD,Deposit,Diego Clark,Switzerland,Branch
TXN001569,ACCT00111,2025-06-20 00:00:00,1552.19,USD,CashDeposit,Chloe Lewis,Canada,Online
TXN001570,ACCT00127,2025-06-20 00:00:00,854.45,USD,Withdrawal,Joseph Brown,Spain,Online
TXN001571,ACCT00130,2025-06-20 00:00:00,1892.96,USD,WireTransfer,Sarah Smith,Spain,Online
TXN001572,ACCT00269,2025-06-20 00:00:00,1947.53,USD,Deposit,Fatima Wright,Spain,Branch
TXN001573,ACCT00312,2025-06-20 00:00:00,2092.63,USD,Withdrawal,Joseph Gonzalez,Singapore,Wire
TXN001574,ACCT00151,2025-06-20 00:00:00,1217.45,USD,Deposit,Patricia Harris,France,Wire
TXN001575,ACCT00111,2025-06-21 00:00:00,75.74,USD,WireTransfer,Priya Brown,Canada,Online
TXN001576,ACCT00105,2025-06-21 00:00:00,313.63,USD,Withdrawal,Union Trading,Spain,Branch
TXN001577,ACCT00281,2025-06-21 00:00:00,588.72,USD,CashDeposit,Yuki Jackson,Canada,ATM
TXN001578,ACCT00160,2025-06-21 00:00:00,4893.52,USD,Deposit,Priya Brown,Germany,Online
TXN001579,ACCT00253,2025-06-22 00:00:00,69.67,USD,ACH,Global Traders,Canada,Branch
TXN001580,ACCT00285,2025-06-22 00:00:00,1292.98,USD,Withdrawal,Summit Ventures,Singapore,Wire
TXN001581,ACCT00096,2025-06-22 00:00:00,1690.18,USD,WireTransfer,Noah Ramirez,Netherlands,Branch
TXN001582,ACCT00296,2025-06-22 00:00:00,202.86,USD,Withdrawal,Union Imports,Switzerland,ATM
TXN001583,ACCT00162,2025-06-22 00:00:00,619.18,USD,WireTransfer,Delta Partners,Ireland,Online
TXN001584,ACCT00114,2025-06-22 00:00:00,1397.06,USD,ACH,Fatima Young,India,Wire
TXN001585,ACCT00170,2025-06-22 00:00:00,2417.21,USD,Withdrawal,Ethan Clark,Australia,Branch
TXN001586,ACCT00162,2025-06-22 00:00:00,1097.36,USD,CashDeposit,Fatima Moore,United States,Wire
TXN001587,ACCT00322,2025-06-22 00:00:00,3462.63,USD,WireTransfer,Sofia Ramirez,Spain,Branch
TXN001588,ACCT00238,2025-06-22 00:00:00,3190.06,USD,Deposit,Liam Gonzalez,India,Branch
TXN001589,ACCT00193,2025-06-22 00:00:00,853.47,USD,Withdrawal,Emma Torres,Australia,ATM
TXN001590,ACCT00004,2025-06-22 00:00:00,338.18,USD,WireTransfer,Liam Lee,Venezuela,Online
TXN001591,ACCT00329,2025-06-23 00:00:00,793.29,USD,Withdrawal,Sofia Miller,India,Branch
TXN001592,ACCT00277,2025-06-23 00:00:00,572.35,USD,Withdrawal,Linda Rodriguez,Spain,Online
TXN001593,ACCT00106,2025-06-23 00:00:00,255.92,USD,Withdrawal,Crown Traders,Australia,Online
TXN001594,ACCT00072,2025-06-23 00:00:00,202.84,USD,ACH,Barbara Flores,Netherlands,Online
TXN001595,ACCT00103,2025-06-23 00:00:00,2630.36,USD,CashDeposit,Ahmed Clark,United Kingdom,Wire
TXN001596,ACCT00314,2025-06-24 00:00:00,1309.21,USD,ACH,Atlas Partners,Ireland,Branch
TXN001597,ACCT00102,2025-06-24 00:00:00,812.87,USD,Withdrawal,Falcon Ventures,United Kingdom,Online
TXN001598,ACCT00165,2025-06-24 00:00:00,633.56,USD,Deposit,Arjun Lopez,France,Wire
TXN001599,ACCT00220,2025-06-24 00:00:00,7418.09,USD,CashDeposit,David Wilson,Spain,Online
TXN001600,ACCT00067,2025-06-24 00:00:00,335.97,USD,ACH,Ava Green,Canada,Online
TXN001601,ACCT00261,2025-06-24 00:00:00,585.43,USD,ACH,Crown Capital,France,Online
TXN001602,ACCT00106,2025-06-24 00:00:00,349.48,USD,Withdrawal,Mateo Hill,United States,Branch
TXN001603,ACCT00072,2025-06-24 00:00:00,2316.34,USD,ACH,Horizon Capital,Spain,Branch
TXN001604,ACCT00313,2025-06-24 00:00:00,251.6,USD,ACH,Nova Imports,Netherlands,Online
TXN001605,ACCT00112,2025-06-24 00:00:00,531.94,USD,Withdrawal,Yuki Flores,UAE,Wire
TXN001606,ACCT00033,2025-06-25 00:00:00,198.86,USD,Withdrawal,Karen Hernandez,Switzerland,Wire
TXN001607,ACCT00005,2025-06-25 00:00:00,45836.29,USD,WireTransfer,Susan Lopez,France,Wire
TXN001608,ACCT00079,2025-06-25 00:00:00,1105.43,USD,Deposit,Elizabeth Young,Netherlands,Online
TXN001609,ACCT00059,2025-06-25 00:00:00,125.39,USD,Deposit,Susan Nguyen,India,Online
TXN001610,ACCT00268,2025-06-25 00:00:00,105.63,USD,WireTransfer,Nova Freight,Spain,ATM
TXN001611,ACCT00291,2025-06-25 00:00:00,458.58,USD,CashDeposit,Michael King,France,ATM
TXN001612,ACCT00066,2025-06-25 00:00:00,237.78,USD,Deposit,Priya Wilson,India,ATM
TXN001613,ACCT00175,2025-06-25 00:00:00,1898.79,USD,CashDeposit,Susan Taylor,Canada,ATM
TXN001614,ACCT00261,2025-06-25 00:00:00,35.54,USD,ACH,Falcon Imports,Netherlands,Online
TXN001615,ACCT00186,2025-06-25 00:00:00,213.22,USD,Withdrawal,Silver Partners,Germany,ATM
TXN001616,ACCT00144,2025-06-25 00:00:00,637.99,USD,WireTransfer,Sven Walker,Germany,Online
TXN001617,ACCT00307,2025-06-25 00:00:00,1009.69,USD,WireTransfer,Union Freight,Netherlands,Online
TXN001618,ACCT00117,2025-06-25 00:00:00,4452.36,USD,ACH,Silver Holdings,Japan,Online
TXN001619,ACCT00325,2025-06-26 00:00:00,2253.6,USD,ACH,Sunrise Partners,United States,Branch
TXN001620,ACCT00103,2025-06-26 00:00:00,553.97,USD,ACH,Nova Freight,Singapore,Online
TXN001621,ACCT00036,2025-06-26 00:00:00,52130.05,USD,WireTransfer,Anchor Imports,Yemen,Wire
TXN001622,ACCT00290,2025-06-26 00:00:00,418.66,USD,CashDeposit,Yuki Thompson,Spain,Online
TXN001623,ACCT00049,2025-06-26 00:00:00,646.18,USD,Withdrawal,Elizabeth Hernandez,Switzerland,Wire
TXN001624,ACCT00288,2025-06-26 00:00:00,798.31,USD,Withdrawal,James Lopez,UAE,Online
TXN001625,ACCT00077,2025-06-26 00:00:00,717.67,USD,Deposit,Olga Rodriguez,Netherlands,Branch
TXN001626,ACCT00255,2025-06-26 00:00:00,721.11,USD,ACH,Lucas Green,United Kingdom,Branch
TXN001627,ACCT00005,2025-06-26 04:00:00,43635.3,USD,WireTransfer,Silver Exchange,United Kingdom,Wire
TXN001628,ACCT00315,2025-06-27 00:00:00,770.09,USD,Deposit,Union Freight,Japan,Branch
TXN001629,ACCT00026,2025-06-27 00:00:00,1155.01,USD,CashDeposit,Sarah Davis,Syria,ATM
TXN001630,ACCT00116,2025-06-27 00:00:00,746.22,USD,WireTransfer,Barbara Clark,Netherlands,Wire
TXN001631,ACCT00160,2025-06-27 00:00:00,1220.14,USD,Deposit,Jennifer Torres,Netherlands,Wire
TXN001632,ACCT00325,2025-06-27 00:00:00,1874.89,USD,CashDeposit,Olga Davis,France,Branch
TXN001633,ACCT00328,2025-06-27 00:00:00,291.6,USD,Deposit,Sunrise Capital,United States,Branch
TXN001634,ACCT00125,2025-06-28 00:00:00,413.35,USD,ACH,Michael Harris,Switzerland,Wire
TXN001635,ACCT00203,2025-06-28 00:00:00,644.56,USD,Withdrawal,Ethan Martinez,Canada,Online
TXN001636,ACCT00247,2025-06-28 00:00:00,1351.16,USD,WireTransfer,Mary Miller,Singapore,Wire
TXN001637,ACCT00138,2025-06-28 00:00:00,1517.92,USD,Deposit,Thomas Jones,India,ATM
TXN001638,ACCT00157,2025-06-28 00:00:00,210.86,USD,CashDeposit,Crown Logistics,Singapore,Wire
TXN001639,ACCT00100,2025-06-28 00:00:00,960.42,USD,Deposit,Summit Logistics,Spain,Online
TXN001640,ACCT00066,2025-06-28 00:00:00,1255.64,USD,Withdrawal,Mary Martin,Australia,ATM
TXN001641,ACCT00037,2025-06-28 00:00:00,10000.0,USD,CashDeposit,Delta Imports,France,Branch
TXN001642,ACCT00315,2025-06-28 00:00:00,138.16,USD,Deposit,Lucas Brown,UAE,Online
TXN001643,ACCT00071,2025-06-28 00:00:00,1155.73,USD,Deposit,Falcon Partners,Spain,Online
TXN001644,ACCT00207,2025-06-29 00:00:00,121.04,USD,ACH,Union Logistics,Switzerland,Online
TXN001645,ACCT00325,2025-06-29 00:00:00,1314.7,USD,Deposit,Thomas Scott,United States,Online
TXN001646,ACCT00275,2025-06-29 00:00:00,295.6,USD,Deposit,Crown Traders,India,Branch
TXN001647,ACCT00030,2025-06-29 00:00:00,422.53,USD,WireTransfer,Sven Hernandez,United States,Branch
TXN001648,ACCT00146,2025-06-29 00:00:00,1308.93,USD,ACH,Olga Smith,Spain,Wire
TXN001649,ACCT00030,2025-06-29 00:00:00,42710.2,USD,WireTransfer,Ethan Anderson,Singapore,Wire
TXN001650,ACCT00095,2025-06-29 00:00:00,589.37,USD,Deposit,Silver Partners,Germany,Online
TXN001651,ACCT00200,2025-06-29 00:00:00,572.01,USD,WireTransfer,William Lee,Australia,Wire
TXN001652,ACCT00135,2025-06-29 00:00:00,575.64,USD,ACH,Barbara Williams,Australia,Online
TXN001653,ACCT00076,2025-06-29 00:00:00,195.6,USD,ACH,Anchor Capital,Spain,Wire
TXN001654,ACCT00030,2025-06-29 16:00:00,40518.43,USD,WireTransfer,Emma Lopez,Syria,Wire
TXN001655,ACCT00129,2025-06-30 00:00:00,867.73,USD,CashDeposit,Summit Trading,UAE,Online
TXN001656,ACCT00110,2025-06-30 00:00:00,1589.69,USD,ACH,Anchor Traders,Japan,ATM
TXN001657,ACCT00329,2025-06-30 00:00:00,158.75,USD,ACH,Mary Harris,Japan,ATM
TXN001658,ACCT00157,2025-06-30 00:00:00,1295.06,USD,CashDeposit,David Moore,India,ATM
TXN001659,ACCT00045,2025-06-30 00:00:00,823.56,USD,CashDeposit,Sven Scott,Netherlands,Wire
TXN001660,ACCT00155,2025-06-30 00:00:00,3351.67,USD,Deposit,Nova Ventures,France,Branch
TXN001661,ACCT00161,2025-06-30 00:00:00,1294.56,USD,Withdrawal,Jessica Anderson,Japan,ATM
TXN001662,ACCT00086,2025-06-30 00:00:00,340.67,USD,WireTransfer,Horizon Capital,France,Wire
TXN001663,ACCT00285,2025-06-30 00:00:00,250.79,USD,CashDeposit,John Robinson,Germany,Wire
TXN001664,ACCT00227,2025-06-30 00:00:00,944.77,USD,ACH,Joseph Harris,Germany,ATM
TXN001665,ACCT00307,2025-06-30 00:00:00,541.25,USD,CashDeposit,Jessica Scott,Netherlands,Wire
TXN001666,ACCT00149,2025-06-30 00:00:00,774.14,USD,WireTransfer,Global Group,India,Branch
TXN001667,ACCT00009,2025-06-30 00:00:00,25000.0,USD,WireTransfer,Karen Lewis,Switzerland,Branch
TXN001668,ACCT00151,2025-07-01 00:00:00,190.49,USD,ACH,Diego King,United Kingdom,Online
TXN001669,ACCT00251,2025-07-01 00:00:00,2165.68,USD,WireTransfer,Barbara Sanchez,Spain,ATM
TXN001670,ACCT00099,2025-07-01 00:00:00,3502.59,USD,CashDeposit,Falcon Exchange,United States,Branch
TXN001671,ACCT00227,2025-07-01 00:00:00,775.19,USD,Withdrawal,Arjun Anderson,United States,Online
TXN001672,ACCT00296,2025-07-01 00:00:00,1411.89,USD,ACH,Nova Partners,Japan,Branch
TXN001673,ACCT00198,2025-07-01 00:00:00,1243.28,USD,CashDeposit,Ava Brown,Netherlands,Online
TXN001674,ACCT00112,2025-07-01 00:00:00,261.01,USD,ACH,Barbara Thomas,UAE,Wire
TXN001675,ACCT00252,2025-07-01 00:00:00,844.57,USD,Withdrawal,Linda Sanchez,Netherlands,ATM
TXN001676,ACCT00263,2025-07-01 00:00:00,534.51,USD,Withdrawal,Linda Hill,Japan,Wire
TXN001677,ACCT00028,2025-07-02 00:00:00,731.66,USD,ACH,Barbara Johnson,France,Branch
TXN001678,ACCT00267,2025-07-02 00:00:00,54.97,USD,Withdrawal,Patricia Williams,Switzerland,Online
TXN001679,ACCT00011,2025-07-02 00:00:00,8422.75,USD,CashDeposit,Falcon Ventures,Venezuela,Wire
TXN001680,ACCT00312,2025-07-02 00:00:00,103.34,USD,CashDeposit,Lucas Robinson,UAE,ATM
TXN001681,ACCT00300,2025-07-02 00:00:00,1104.2,USD,CashDeposit,Priya Walker,Germany,Wire
TXN001682,ACCT00214,2025-07-02 00:00:00,855.97,USD,CashDeposit,Silver Capital,Singapore,Wire
TXN001683,ACCT00163,2025-07-03 00:00:00,280.68,USD,ACH,Prime Ventures,Japan,Online
TXN001684,ACCT00077,2025-07-03 00:00:00,264.89,USD,Deposit,Union Traders,Spain,ATM
TXN001685,ACCT00149,2025-07-03 00:00:00,133.26,USD,Withdrawal,Fatima Martinez,Germany,Branch
TXN001686,ACCT00018,2025-07-03 00:00:00,815.42,USD,Deposit,Liam Young,Venezuela,Wire
TXN001687,ACCT00048,2025-07-03 00:00:00,3498.67,USD,CashDeposit,Karen Flores,France,Branch
TXN001688,ACCT00200,2025-07-03 00:00:00,210.39,USD,WireTransfer,Anchor Trading,Germany,ATM
TXN001689,ACCT00175,2025-07-03 00:00:00,170.14,USD,WireTransfer,Mary Lewis,India,Online
TXN001690,ACCT00027,2025-07-03 00:00:00,1180.82,USD,Withdrawal,Jennifer Hernandez,Afghanistan,Wire
TXN001691,ACCT00038,2025-07-03 00:00:00,885.25,USD,ACH,Noah Perez,Libya,ATM
TXN001692,ACCT00050,2025-07-04 00:00:00,1800.38,USD,ACH,Robert Lee,India,Wire
TXN001693,ACCT00012,2025-07-04 00:00:00,1246.56,USD,WireTransfer,Richard Robinson,India,Online
TXN001694,ACCT00200,2025-07-04 00:00:00,1057.1,USD,CashDeposit,Robert Thompson,Spain,Wire
TXN001695,ACCT00125,2025-07-04 00:00:00,2374.37,USD,ACH,Horizon Capital,Netherlands,Wire
TXN001696,ACCT00142,2025-07-04 00:00:00,1756.26,USD,CashDeposit,Ahmed Thomas,United States,Wire
TXN001697,ACCT00060,2025-07-04 00:00:00,1090.11,USD,CashDeposit,Prime Capital,Australia,ATM
TXN001698,ACCT00078,2025-07-04 00:00:00,318.77,USD,ACH,David Rodriguez,France,Online
TXN001699,ACCT00062,2025-07-04 00:00:00,513.35,USD,Deposit,Union Capital,Canada,Online
TXN001700,ACCT00293,2025-07-05 00:00:00,1329.9,USD,WireTransfer,Liam Robinson,Japan,Online
TXN001701,ACCT00123,2025-07-05 00:00:00,107.84,USD,Deposit,Elizabeth Taylor,France,Online
TXN001702,ACCT00164,2025-07-05 00:00:00,120.62,USD,Deposit,Fatima Walker,Singapore,ATM
TXN001703,ACCT00296,2025-07-05 00:00:00,1578.52,USD,WireTransfer,Sunrise Freight,Netherlands,ATM
TXN001704,ACCT00213,2025-07-05 00:00:00,635.55,USD,CashDeposit,Summit Capital,Netherlands,Branch
TXN001705,ACCT00111,2025-07-05 00:00:00,4446.54,USD,CashDeposit,Silver Exchange,UAE,Branch
TXN001706,ACCT00110,2025-07-05 00:00:00,244.61,USD,Deposit,Ethan Wilson,India,ATM
TXN001707,ACCT00176,2025-07-05 00:00:00,247.69,USD,WireTransfer,Olga Jones,Netherlands,Branch
TXN001708,ACCT00070,2025-07-05 00:00:00,249.01,USD,Deposit,Liam Green,UAE,Wire
TXN001709,ACCT00177,2025-07-06 00:00:00,498.75,USD,Deposit,Ahmed Garcia,Japan,Online
TXN001710,ACCT00214,2025-07-06 00:00:00,729.06,USD,Deposit,Global Capital,Germany,Wire
TXN001711,ACCT00242,2025-07-06 00:00:00,447.59,USD,Deposit,Sven Johnson,France,Wire
TXN001712,ACCT00097,2025-07-06 00:00:00,1729.01,USD,Deposit,David Thomas,Spain,Wire
TXN001713,ACCT00060,2025-07-06 00:00:00,1609.47,USD,ACH,Sunrise Partners,India,ATM
TXN001714,ACCT00210,2025-07-06 00:00:00,82.51,USD,WireTransfer,Metro Trading,Singapore,Online
TXN001715,ACCT00127,2025-07-06 00:00:00,1128.85,USD,Withdrawal,Mateo Robinson,Canada,Online
TXN001716,ACCT00219,2025-07-06 00:00:00,812.25,USD,Deposit,Mateo Hernandez,India,ATM
TXN001717,ACCT00301,2025-07-06 00:00:00,7264.58,USD,Deposit,Noah Green,Spain,Wire
TXN001718,ACCT00315,2025-07-07 00:00:00,1022.56,USD,WireTransfer,Crown Capital,Switzerland,Wire
TXN001719,ACCT00326,2025-07-07 00:00:00,484.27,USD,ACH,Elizabeth Taylor,UAE,Online
TXN001720,ACCT00213,2025-07-07 00:00:00,438.7,USD,Deposit,Barbara Martinez,Ireland,Wire
TXN001721,ACCT00281,2025-07-07 00:00:00,325.49,USD,WireTransfer,Wei Jackson,Canada,Online
TXN001722,ACCT00060,2025-07-07 00:00:00,559.68,USD,Withdrawal,Delta Capital,Japan,Wire
TXN001723,ACCT00136,2025-07-07 00:00:00,259.85,USD,ACH,Union Group,Japan,Branch
TXN001724,ACCT00298,2025-07-08 00:00:00,807.0,USD,WireTransfer,Yuki Clark,United Kingdom,Branch
TXN001725,ACCT00173,2025-07-08 00:00:00,86.87,USD,WireTransfer,Crown Ventures,Netherlands,Branch
TXN001726,ACCT00119,2025-07-08 00:00:00,247.85,USD,Deposit,Ethan Young,Germany,Branch
TXN001727,ACCT00026,2025-07-08 00:00:00,416.07,USD,Withdrawal,Linda Anderson,Netherlands,ATM
TXN001728,ACCT00008,2025-07-09 00:00:00,4345.06,USD,WireTransfer,Mary Taylor,Myanmar,Wire
TXN001729,ACCT00281,2025-07-09 00:00:00,1568.72,USD,CashDeposit,John Nguyen,United Kingdom,Wire
TXN001730,ACCT00292,2025-07-09 00:00:00,221.99,USD,ACH,Sarah Young,UAE,Wire
TXN001731,ACCT00107,2025-07-09 00:00:00,1782.42,USD,Deposit,Falcon Ventures,Canada,Wire
TXN001732,ACCT00087,2025-07-09 00:00:00,461.59,USD,Withdrawal,Arjun Thompson,Singapore,Online
TXN001733,ACCT00182,2025-07-09 00:00:00,82.61,USD,Deposit,Richard Hernandez,Singapore,Wire
TXN001734,ACCT00231,2025-07-10 00:00:00,686.14,USD,ACH,Priya Lee,Netherlands,ATM
TXN001735,ACCT00190,2025-07-10 00:00:00,929.88,USD,CashDeposit,Sunrise Logistics,Spain,Wire
TXN001736,ACCT00135,2025-07-10 00:00:00,665.94,USD,Withdrawal,Jennifer Miller,Germany,ATM
TXN001737,ACCT00105,2025-07-10 00:00:00,2097.38,USD,ACH,Elizabeth Wright,Switzerland,ATM
TXN001738,ACCT00039,2025-07-10 00:00:00,643.47,USD,WireTransfer,Sarah Harris,Venezuela,Online
TXN001739,ACCT00311,2025-07-10 00:00:00,859.39,USD,CashDeposit,William Miller,Netherlands,Online
TXN001740,ACCT00292,2025-07-10 00:00:00,546.6,USD,CashDeposit,Camila Lopez,Japan,Wire
TXN001741,ACCT00282,2025-07-10 00:00:00,1120.22,USD,ACH,Liam Rodriguez,Australia,Branch
TXN001742,ACCT00014,2025-07-10 09:00:00,9241.38,USD,CashDeposit,Sunrise Holdings,Myanmar,Branch
TXN001743,ACCT00114,2025-07-11 00:00:00,2477.28,USD,WireTransfer,Charles Lewis,United Kingdom,Branch
TXN001744,ACCT00047,2025-07-11 00:00:00,556.83,USD,CashDeposit,Nova Freight,India,Wire
TXN001745,ACCT00008,2025-07-11 00:00:00,629.18,USD,Deposit,Metro Exchange,United States,Wire
TXN001746,ACCT00146,2025-07-11 00:00:00,76.59,USD,Withdrawal,Charles Ramirez,Singapore,Online
TXN001747,ACCT00193,2025-07-11 00:00:00,2512.25,USD,Withdrawal,Ahmed Brown,UAE,Branch
TXN001748,ACCT00222,2025-07-11 00:00:00,491.94,USD,Withdrawal,Noah Green,Japan,ATM
TXN001749,ACCT00115,2025-07-11 00:00:00,316.57,USD,Withdrawal,James Young,France,Online
TXN001750,ACCT00259,2025-07-11 00:00:00,367.78,USD,WireTransfer,Olga Robinson,United Kingdom,ATM
TXN001751,ACCT00198,2025-07-11 00:00:00,367.84,USD,Withdrawal,Crown Partners,Switzerland,Branch
TXN001752,ACCT00143,2025-07-11 00:00:00,806.17,USD,Deposit,Robert Green,Singapore,Wire
TXN001753,ACCT00100,2025-07-11 00:00:00,507.19,USD,CashDeposit,Mary Garcia,Spain,Branch
TXN001754,ACCT00004,2025-07-11 00:00:00,523.65,USD,ACH,Susan Thomas,Ireland,Wire
TXN001755,ACCT00176,2025-07-11 00:00:00,671.18,USD,CashDeposit,Karen Williams,India,ATM
TXN001756,ACCT00219,2025-07-11 00:00:00,866.12,USD,WireTransfer,Wei Clark,Australia,Online
TXN001757,ACCT00146,2025-07-11 00:00:00,68.48,USD,Withdrawal,Thomas Martin,France,ATM
TXN001758,ACCT00123,2025-07-11 00:00:00,509.91,USD,ACH,Mia Jones,France,Wire
TXN001759,ACCT00229,2025-07-11 00:00:00,237.8,USD,Deposit,Diego Jones,India,ATM
TXN001760,ACCT00254,2025-07-11 00:00:00,1737.07,USD,CashDeposit,Horizon Enterprises,United States,Branch
TXN001761,ACCT00326,2025-07-11 00:00:00,209.83,USD,Deposit,Arjun Anderson,UAE,Wire
TXN001762,ACCT00146,2025-07-11 00:00:00,447.72,USD,CashDeposit,Falcon Exchange,Australia,ATM
TXN001763,ACCT00014,2025-07-11 13:00:00,9859.82,USD,CashDeposit,Nova Logistics,Syria,Branch
TXN001764,ACCT00065,2025-07-12 00:00:00,711.59,USD,CashDeposit,Camila Sanchez,Australia,ATM
TXN001765,ACCT00147,2025-07-12 00:00:00,985.62,USD,WireTransfer,Silver Trading,Ireland,Wire
TXN001766,ACCT00258,2025-07-12 00:00:00,156.11,USD,CashDeposit,William Lopez,Canada,Online
TXN001767,ACCT00124,2025-07-12 00:00:00,325.79,USD,CashDeposit,Priya Flores,India,ATM
TXN001768,ACCT00303,2025-07-12 00:00:00,1837.38,USD,WireTransfer,Ahmed Gonzalez,Netherlands,ATM
TXN001769,ACCT00108,2025-07-12 00:00:00,1149.1,USD,Deposit,Falcon Partners,Germany,Branch
TXN001770,ACCT00128,2025-07-12 00:00:00,1090.02,USD,ACH,Pacific Logistics,United States,Online
TXN001771,ACCT00032,2025-07-12 00:00:00,114.59,USD,WireTransfer,Ava Green,Libya,Wire
TXN001772,ACCT00214,2025-07-12 00:00:00,2900.59,USD,CashDeposit,Arjun Sanchez,Switzerland,Branch
TXN001773,ACCT00229,2025-07-12 00:00:00,2397.94,USD,WireTransfer,Richard Johnson,United States,ATM
TXN001774,ACCT00014,2025-07-12 13:00:00,9895.41,USD,CashDeposit,Michael Moore,Ireland,Branch
TXN001775,ACCT00146,2025-07-13 00:00:00,700.38,USD,WireTransfer,Sunrise Freight,France,Branch
TXN001776,ACCT00046,2025-07-13 00:00:00,792.06,USD,Deposit,David Hernandez,France,Wire
TXN001777,ACCT00095,2025-07-13 00:00:00,1369.75,USD,CashDeposit,Emma Miller,Australia,Wire
TXN001778,ACCT00181,2025-07-13 00:00:00,45.39,USD,CashDeposit,Susan Davis,Canada,Branch
TXN001779,ACCT00206,2025-07-13 00:00:00,961.73,USD,WireTransfer,Thomas Flores,Spain,Online
TXN001780,ACCT00298,2025-07-13 00:00:00,1119.41,USD,WireTransfer,Charles Walker,Netherlands,ATM
TXN001781,ACCT00228,2025-07-13 00:00:00,332.9,USD,Withdrawal,Emma Sanchez,France,Branch
TXN001782,ACCT00312,2025-07-13 00:00:00,1053.4,USD,Withdrawal,Karen Anderson,Netherlands,Wire
TXN001783,ACCT00030,2025-07-13 00:00:00,1505.23,USD,WireTransfer,Lucas Sanchez,Iran,ATM
TXN001784,ACCT00327,2025-07-13 00:00:00,697.49,USD,CashDeposit,Horizon Freight,Canada,Online
TXN001785,ACCT00014,2025-07-13 05:00:00,9610.75,USD,CashDeposit,Metro Trading,North Korea,Branch
TXN001786,ACCT00130,2025-07-14 00:00:00,982.92,USD,Deposit,Metro Holdings,Canada,Online
TXN001787,ACCT00242,2025-07-14 00:00:00,1195.52,USD,Withdrawal,John Wright,Australia,ATM
TXN001788,ACCT00060,2025-07-14 00:00:00,1956.05,USD,CashDeposit,Thomas Lopez,Australia,Branch
TXN001789,ACCT00167,2025-07-14 00:00:00,1154.56,USD,Deposit,Sofia Jones,Australia,ATM
TXN001790,ACCT00319,2025-07-14 00:00:00,4679.06,USD,CashDeposit,John Harris,UAE,Branch
TXN001791,ACCT00227,2025-07-14 00:00:00,2777.92,USD,Deposit,Emma Ramirez,Germany,ATM
TXN001792,ACCT00003,2025-07-14 00:00:00,7584.39,USD,Withdrawal,Pacific Capital,North Korea,Online
TXN001793,ACCT00062,2025-07-15 00:00:00,974.51,USD,Deposit,Ahmed Lewis,Ireland,Branch
TXN001794,ACCT00207,2025-07-15 00:00:00,4465.5,USD,Deposit,Lucas Davis,Spain,Branch
TXN001795,ACCT00259,2025-07-15 00:00:00,141.97,USD,CashDeposit,Robert Johnson,Switzerland,ATM
TXN001796,ACCT00028,2025-07-15 00:00:00,847.69,USD,WireTransfer,Lucas King,Libya,Wire
TXN001797,ACCT00188,2025-07-15 00:00:00,284.96,USD,WireTransfer,Metro Enterprises,Ireland,Online
TXN001798,ACCT00289,2025-07-15 00:00:00,392.17,USD,CashDeposit,Anchor Capital,UAE,Branch
TXN001799,ACCT00217,2025-07-15 00:00:00,946.25,USD,CashDeposit,Atlas Freight,Canada,Online
TXN001800,ACCT00297,2025-07-15 00:00:00,198.7,USD,WireTransfer,Metro Freight,Germany,ATM
TXN001801,ACCT00005,2025-07-15 00:00:00,1106.97,USD,ACH,Wei Davis,Syria,Wire
TXN001802,ACCT00061,2025-07-15 00:00:00,339.81,USD,CashDeposit,Elizabeth Hernandez,India,ATM
TXN001803,ACCT00255,2025-07-15 00:00:00,858.34,USD,CashDeposit,John Wilson,Australia,Wire
TXN001804,ACCT00307,2025-07-16 00:00:00,781.94,USD,Withdrawal,David Lee,Netherlands,ATM
TXN001805,ACCT00020,2025-07-16 00:00:00,21342.49,USD,WireTransfer,Amara Solis,North Korea,Wire
TXN001806,ACCT00326,2025-07-16 00:00:00,84.49,USD,Deposit,Atlas Trading,Netherlands,Branch
TXN001807,ACCT00026,2025-07-16 00:00:00,3362.81,USD,Withdrawal,Anchor Traders,Spain,Online
TXN001808,ACCT00078,2025-07-16 00:00:00,223.11,USD,WireTransfer,James Nguyen,United Kingdom,Online
TXN001809,ACCT00076,2025-07-16 00:00:00,1530.77,USD,Deposit,Mia Ramirez,Germany,ATM
TXN001810,ACCT00075,2025-07-16 00:00:00,3389.36,USD,Deposit,Ethan Hill,Japan,Branch
TXN001811,ACCT00025,2025-07-16 00:00:00,1757.81,USD,WireTransfer,Crown Holdings,Syria,Wire
TXN001812,ACCT00182,2025-07-16 00:00:00,759.01,USD,CashDeposit,Mary Green,Japan,Wire
TXN001813,ACCT00025,2025-07-17 00:00:00,2555.6,USD,Deposit,James White,North Korea,Online
TXN001814,ACCT00296,2025-07-17 00:00:00,103.5,USD,Deposit,Pacific Trading,UAE,ATM
TXN001815,ACCT00291,2025-07-17 00:00:00,660.47,USD,Withdrawal,Silver Logistics,Spain,Wire
TXN001816,ACCT00088,2025-07-17 00:00:00,2984.94,USD,WireTransfer,Karen Lewis,France,Branch
TXN001817,ACCT00315,2025-07-17 00:00:00,1551.45,USD,ACH,Barbara Thompson,Netherlands,Online
TXN001818,ACCT00054,2025-07-17 00:00:00,86.34,USD,Withdrawal,Summit Group,United States,Branch
TXN001819,ACCT00067,2025-07-17 00:00:00,364.68,USD,Withdrawal,Michael Lee,Singapore,Wire
TXN001820,ACCT00001,2025-07-17 00:00:00,346.6,USD,CashDeposit,Chloe Green,France,Wire
TXN001821,ACCT00277,2025-07-17 00:00:00,1215.72,USD,CashDeposit,Liam Martinez,Australia,Online
TXN001822,ACCT00176,2025-07-18 00:00:00,3264.64,USD,Withdrawal,Olga Lee,Ireland,ATM
TXN001823,ACCT00303,2025-07-18 00:00:00,479.8,USD,WireTransfer,Barbara Hernandez,Germany,Online
TXN001824,ACCT00048,2025-07-18 00:00:00,1252.96,USD,ACH,Ahmed Davis,Japan,Wire
TXN001825,ACCT00030,2025-07-18 00:00:00,445.69,USD,WireTransfer,Wei Hill,Yemen,Online
TXN001826,ACCT00016,2025-07-18 00:00:00,2666.66,USD,CashDeposit,Yuki Green,Yemen,Wire
TXN001827,ACCT00143,2025-07-18 00:00:00,161.98,USD,ACH,Mateo Robinson,Australia,Branch
TXN001828,ACCT00067,2025-07-18 00:00:00,182.52,USD,WireTransfer,Silver Freight,Spain,ATM
TXN001829,ACCT00210,2025-07-18 00:00:00,341.12,USD,Deposit,Fatima King,UAE,ATM
TXN001830,ACCT00206,2025-07-19 00:00:00,4157.03,USD,Withdrawal,Elizabeth Martinez,Spain,ATM
TXN001831,ACCT00283,2025-07-19 00:00:00,924.36,USD,CashDeposit,Patricia Thompson,United States,ATM
TXN001832,ACCT00108,2025-07-19 00:00:00,1541.67,USD,Deposit,Arjun Taylor,United Kingdom,ATM
TXN001833,ACCT00118,2025-07-19 00:00:00,1627.89,USD,WireTransfer,Patricia Harris,United States,Wire
TXN001834,ACCT00160,2025-07-19 00:00:00,1904.45,USD,WireTransfer,Charles Jones,Spain,Branch
TXN001835,ACCT00156,2025-07-20 00:00:00,112.33,USD,Deposit,Barbara Thomas,France,Branch
TXN001836,ACCT00155,2025-07-20 00:00:00,442.73,USD,CashDeposit,Robert Hill,France,Wire
TXN001837,ACCT00235,2025-07-20 00:00:00,384.23,USD,ACH,Chloe Wright,France,Branch
TXN001838,ACCT00261,2025-07-20 00:00:00,539.06,USD,Withdrawal,Lucas Miller,Singapore,Online
TXN001839,ACCT00127,2025-07-20 00:00:00,229.66,USD,Deposit,Richard Torres,France,ATM
TXN001840,ACCT00301,2025-07-20 00:00:00,527.26,USD,WireTransfer,William Gonzalez,India,Online
TXN001841,ACCT00293,2025-07-20 00:00:00,3530.06,USD,Withdrawal,Lucas Young,Netherlands,Branch
TXN001842,ACCT00082,2025-07-20 00:00:00,672.06,USD,CashDeposit,Emma Walker,Singapore,Branch
TXN001843,ACCT00235,2025-07-21 00:00:00,1309.45,USD,WireTransfer,Camila Thompson,UAE,Online
TXN001844,ACCT00291,2025-07-21 00:00:00,1201.53,USD,ACH,Union Logistics,Japan,Branch
TXN001845,ACCT00216,2025-07-21 00:00:00,3817.55,USD,Deposit,Falcon Freight,India,ATM
TXN001846,ACCT00127,2025-07-21 00:00:00,277.71,USD,Deposit,Mia Brown,Australia,Online
TXN001847,ACCT00049,2025-07-21 00:00:00,1102.68,USD,CashDeposit,Delta Traders,France,Branch
TXN001848,ACCT00088,2025-07-21 00:00:00,312.06,USD,Withdrawal,Liam Brown,Australia,Wire
TXN001849,ACCT00292,2025-07-21 00:00:00,2190.53,USD,ACH,Atlas Ventures,Ireland,Wire
TXN001850,ACCT00225,2025-07-22 00:00:00,581.26,USD,Deposit,Fatima Sanchez,Switzerland,Online
TXN001851,ACCT00114,2025-07-22 00:00:00,3335.17,USD,Withdrawal,Lucas Hernandez,Japan,ATM
TXN001852,ACCT00229,2025-07-22 00:00:00,1036.39,USD,Withdrawal,Camila Taylor,United States,Online
TXN001853,ACCT00308,2025-07-22 00:00:00,1496.98,USD,ACH,Anchor Partners,Singapore,Branch
TXN001854,ACCT00176,2025-07-22 00:00:00,1009.97,USD,Withdrawal,Richard Lopez,United States,Wire
TXN001855,ACCT00298,2025-07-22 00:00:00,101.83,USD,WireTransfer,Diego Young,Singapore,ATM
TXN001856,ACCT00167,2025-07-22 00:00:00,983.09,USD,Withdrawal,Horizon Capital,Ireland,ATM
TXN001857,ACCT00215,2025-07-22 00:00:00,549.77,USD,Withdrawal,Sunrise Holdings,Spain,Branch
TXN001858,ACCT00123,2025-07-23 00:00:00,247.95,USD,WireTransfer,James Miller,United Kingdom,Branch
TXN001859,ACCT00253,2025-07-23 00:00:00,205.44,USD,CashDeposit,Mia Rodriguez,Australia,Wire
TXN001860,ACCT00025,2025-07-23 00:00:00,356.79,USD,CashDeposit,Diego Sanchez,Singapore,ATM
TXN001861,ACCT00193,2025-07-23 00:00:00,1980.25,USD,WireTransfer,Wei Gonzalez,Netherlands,Branch
TXN001862,ACCT00122,2025-07-23 00:00:00,1564.72,USD,ACH,Liam Green,India,Online
TXN001863,ACCT00183,2025-07-23 00:00:00,504.87,USD,Deposit,Liam Lewis,Japan,ATM
TXN001864,ACCT00045,2025-07-23 00:00:00,727.75,USD,WireTransfer,David Clark,India,ATM
TXN001865,ACCT00290,2025-07-23 00:00:00,572.53,USD,CashDeposit,David Jones,Netherlands,Branch
TXN001866,ACCT00149,2025-07-23 00:00:00,5375.13,USD,Deposit,Diego Lopez,United Kingdom,Branch
TXN001867,ACCT00011,2025-07-23 00:00:00,1452.55,USD,WireTransfer,Emma Anderson,Ireland,Branch
TXN001868,ACCT00032,2025-07-23 00:00:00,399.47,USD,Deposit,Barbara Walker,Libya,Branch
TXN001869,ACCT00033,2025-07-23 00:00:00,492.57,USD,CashDeposit,Ethan Flores,Yemen,Branch
TXN001870,ACCT00293,2025-07-23 00:00:00,381.41,USD,CashDeposit,Robert Gonzalez,India,Branch
TXN001871,ACCT00254,2025-07-23 00:00:00,405.71,USD,CashDeposit,Mary Harris,Spain,Branch
TXN001872,ACCT00116,2025-07-24 00:00:00,2541.35,USD,CashDeposit,Lucas Young,Singapore,Online
TXN001873,ACCT00134,2025-07-24 00:00:00,350.2,USD,CashDeposit,Prime Trading,United Kingdom,Wire
TXN001874,ACCT00318,2025-07-24 00:00:00,524.42,USD,ACH,Elizabeth Williams,United States,Online
TXN001875,ACCT00066,2025-07-24 00:00:00,261.46,USD,WireTransfer,David Rodriguez,Japan,Branch
TXN001876,ACCT00271,2025-07-24 00:00:00,529.81,USD,WireTransfer,Anchor Holdings,Singapore,ATM
TXN001877,ACCT00309,2025-07-24 00:00:00,222.66,USD,Withdrawal,Charles Torres,United States,Wire
TXN001878,ACCT00190,2025-07-24 00:00:00,511.09,USD,Deposit,John Ramirez,Australia,ATM
TXN001879,ACCT00200,2025-07-24 00:00:00,353.69,USD,CashDeposit,Anchor Capital,UAE,Wire
TXN001880,ACCT00108,2025-07-25 00:00:00,362.19,USD,CashDeposit,Mary Perez,India,Branch
TXN001881,ACCT00176,2025-07-25 00:00:00,78.24,USD,CashDeposit,Karen Flores,United Kingdom,Branch
TXN001882,ACCT00189,2025-07-25 00:00:00,1208.61,USD,CashDeposit,Ahmed Johnson,United States,ATM
TXN001883,ACCT00208,2025-07-25 00:00:00,222.0,USD,Withdrawal,Sven Clark,Germany,ATM
TXN001884,ACCT00273,2025-07-25 00:00:00,1428.0,USD,WireTransfer,Sarah Martin,United Kingdom,Branch
TXN001885,ACCT00099,2025-07-25 00:00:00,113.47,USD,CashDeposit,Prime Capital,Netherlands,Wire
TXN001886,ACCT00181,2025-07-25 00:00:00,635.43,USD,CashDeposit,Sven Flores,Australia,Wire
TXN001887,ACCT00298,2025-07-25 00:00:00,1002.78,USD,WireTransfer,Karen Garcia,Netherlands,Wire
TXN001888,ACCT00281,2025-07-26 00:00:00,459.17,USD,Withdrawal,Sunrise Partners,France,Wire
TXN001889,ACCT00137,2025-07-26 00:00:00,9000.0,USD,Deposit,James Flores,UAE,Online
TXN001890,ACCT00230,2025-07-26 00:00:00,287.01,USD,WireTransfer,Charles White,Australia,Wire
TXN001891,ACCT00032,2025-07-26 00:00:00,2260.11,USD,Withdrawal,Jessica Williams,Myanmar,Branch
TXN001892,ACCT00297,2025-07-26 00:00:00,459.72,USD,ACH,Metro Enterprises,Japan,Wire
TXN001893,ACCT00041,2025-07-26 00:00:00,902.85,USD,ACH,Ethan Green,Iran,Branch
TXN001894,ACCT00322,2025-07-26 00:00:00,5917.75,USD,ACH,Global Trading,Netherlands,Online
TXN001895,ACCT00257,2025-07-26 00:00:00,368.87,USD,Deposit,Olga Young,India,Wire
TXN001896,ACCT00204,2025-07-26 00:00:00,243.7,USD,ACH,Emma Miller,Canada,Wire
TXN001897,ACCT00156,2025-07-26 00:00:00,49.19,USD,Deposit,Ava Robinson,Ireland,Wire
TXN001898,ACCT00322,2025-07-26 00:00:00,578.8,USD,CashDeposit,David Gonzalez,Japan,Online
TXN001899,ACCT00306,2025-07-26 00:00:00,463.3,USD,Withdrawal,Union Group,India,Wire
TXN001900,ACCT00014,2025-07-27 00:00:00,810.85,USD,Withdrawal,Chloe Gonzalez,Japan,Online
TXN001901,ACCT00028,2025-07-27 00:00:00,795.55,USD,ACH,David Davis,North Korea,Online
TXN001902,ACCT00010,2025-07-27 00:00:00,756.89,USD,ACH,Summit Holdings,Germany,Online
TXN001903,ACCT00222,2025-07-27 00:00:00,1043.83,USD,WireTransfer,Richard Johnson,Singapore,Online
TXN001904,ACCT00243,2025-07-27 00:00:00,1352.8,USD,CashDeposit,Atlas Partners,Netherlands,Wire
TXN001905,ACCT00151,2025-07-27 00:00:00,429.78,USD,ACH,Summit Traders,Canada,Wire
TXN001906,ACCT00243,2025-07-27 00:00:00,920.98,USD,CashDeposit,Sunrise Partners,UAE,Online
TXN001907,ACCT00285,2025-07-27 00:00:00,304.29,USD,Withdrawal,Camila Lewis,Australia,Branch
TXN001908,ACCT00285,2025-07-27 00:00:00,572.31,USD,CashDeposit,Sarah Garcia,Germany,ATM
TXN001909,ACCT00256,2025-07-28 00:00:00,210.74,USD,Withdrawal,Camila Clark,Spain,Online
TXN001910,ACCT00179,2025-07-28 00:00:00,522.58,USD,Withdrawal,David Moore,Ireland,Branch
TXN001911,ACCT00003,2025-07-28 00:00:00,483.73,USD,ACH,Arjun Jackson,Ireland,Wire
TXN001912,ACCT00318,2025-07-28 00:00:00,1914.13,USD,Withdrawal,Emma Martin,United Kingdom,Online
TXN001913,ACCT00293,2025-07-28 00:00:00,448.97,USD,Withdrawal,Silver Trading,India,Online
TXN001914,ACCT00253,2025-07-28 00:00:00,2768.04,USD,Withdrawal,Susan Flores,Spain,Online
TXN001915,ACCT00227,2025-07-28 00:00:00,137.5,USD,Withdrawal,Barbara Anderson,India,Online
TXN001916,ACCT00290,2025-07-28 00:00:00,1980.02,USD,WireTransfer,Summit Trading,Germany,Wire
TXN001917,ACCT00201,2025-07-28 00:00:00,347.32,USD,ACH,Barbara Miller,United Kingdom,Wire
TXN001918,ACCT00059,2025-07-28 00:00:00,1028.98,USD,CashDeposit,Silver Capital,Singapore,Branch
TXN001919,ACCT00313,2025-07-29 00:00:00,603.15,USD,CashDeposit,Silver Exchange,France,ATM
TXN001920,ACCT00213,2025-07-29 00:00:00,924.74,USD,ACH,Olga Robinson,Australia,Wire
TXN001921,ACCT00071,2025-07-29 00:00:00,1033.26,USD,ACH,Jessica Torres,Netherlands,Branch
TXN001922,ACCT00269,2025-07-29 00:00:00,836.37,USD,ACH,Delta Imports,Germany,Branch
TXN001923,ACCT00188,2025-07-29 00:00:00,4061.49,USD,WireTransfer,Mary Gonzalez,India,Online
TXN001924,ACCT00123,2025-07-29 00:00:00,2788.96,USD,Deposit,William Gonzalez,Japan,Branch
TXN001925,ACCT00246,2025-07-29 00:00:00,1277.48,USD,Deposit,Camila Wilson,Switzerland,ATM
TXN001926,ACCT00227,2025-07-29 00:00:00,2618.64,USD,ACH,Ahmed Green,United Kingdom,Wire
TXN001927,ACCT00033,2025-07-29 00:00:00,342.44,USD,CashDeposit,Emma Perez,Syria,Wire
TXN001928,ACCT00001,2025-07-29 00:00:00,15000.0,USD,CashDeposit,Patricia Hill,Yemen,Branch
TXN001929,ACCT00319,2025-07-29 00:00:00,177.52,USD,Deposit,Sofia Johnson,Netherlands,Wire
TXN001930,ACCT00143,2025-07-29 00:00:00,310.63,USD,CashDeposit,Chloe Lee,India,Online
TXN001931,ACCT00018,2025-07-29 00:00:00,1530.31,USD,ACH,Jennifer Nguyen,India,Wire
TXN001932,ACCT00001,2025-07-30 00:00:00,7500.0,USD,WireTransfer,James Garcia,Afghanistan,Branch
TXN001933,ACCT00308,2025-07-30 00:00:00,1273.3,USD,ACH,Lucas Green,Canada,ATM
TXN001934,ACCT00117,2025-07-30 00:00:00,300.06,USD,CashDeposit,Prime Group,Australia,Branch
TXN001935,ACCT00317,2025-07-30 00:00:00,145.31,USD,CashDeposit,Thomas Flores,Japan,Branch
TXN001936,ACCT00156,2025-07-30 00:00:00,956.84,USD,ACH,Anchor Exchange,Singapore,Branch
TXN001937,ACCT00086,2025-07-30 00:00:00,1397.02,USD,CashDeposit,Arjun Young,Switzerland,ATM
TXN001938,ACCT00244,2025-07-31 00:00:00,73.23,USD,Deposit,Sunrise Exchange,United Kingdom,ATM
TXN001939,ACCT00168,2025-07-31 00:00:00,176.54,USD,Withdrawal,Global Group,United States,Online
TXN001940,ACCT00320,2025-07-31 00:00:00,361.43,USD,WireTransfer,Liam Clark,Singapore,Wire
TXN001941,ACCT00250,2025-07-31 00:00:00,1509.79,USD,Withdrawal,Horizon Capital,Singapore,ATM
TXN001942,ACCT00147,2025-07-31 00:00:00,246.12,USD,Deposit,Crown Exchange,Switzerland,Wire
TXN001943,ACCT00102,2025-07-31 00:00:00,132.27,USD,Deposit,Thomas Thompson,Switzerland,Wire
TXN001944,ACCT00208,2025-07-31 00:00:00,1530.48,USD,Deposit,William Harris,Germany,Online
TXN001945,ACCT00283,2025-07-31 00:00:00,650.49,USD,WireTransfer,Pacific Holdings,Netherlands,Online
TXN001946,ACCT00283,2025-07-31 00:00:00,917.89,USD,Deposit,Silver Group,India,Online
TXN001947,ACCT00301,2025-07-31 00:00:00,361.44,USD,WireTransfer,Michael Walker,UAE,Wire
TXN001948,ACCT00065,2025-07-31 00:00:00,424.57,USD,ACH,Metro Imports,Netherlands,ATM
TXN001949,ACCT00030,2025-07-31 00:00:00,1252.56,USD,ACH,Pacific Partners,Venezuela,Wire
TXN001950,ACCT00008,2025-07-31 00:00:00,1279.68,USD,Withdrawal,Metro Enterprises,Syria,Online
TXN001951,ACCT00096,2025-07-31 00:00:00,4944.81,USD,WireTransfer,Crown Partners,Switzerland,ATM
TXN001952,ACCT00007,2025-07-31 00:00:00,507.82,USD,ACH,Crown Holdings,Afghanistan,Online
TXN001953,ACCT00007,2025-07-31 00:00:00,1073.82,USD,WireTransfer,Diego Torres,Syria,ATM
TXN001954,ACCT00324,2025-07-31 00:00:00,116.08,USD,ACH,Lucas Flores,India,Branch
TXN001955,ACCT00080,2025-07-31 00:00:00,981.01,USD,ACH,William Wilson,Switzerland,Online
TXN001956,ACCT00003,2025-07-31 00:00:00,1197.9,USD,WireTransfer,Metro Logistics,Syria,Wire
TXN001957,ACCT00268,2025-07-31 00:00:00,8197.27,USD,Withdrawal,Ava Miller,United Kingdom,Online
TXN001958,ACCT00269,2025-07-31 00:00:00,74.45,USD,CashDeposit,Sarah Garcia,Canada,Online
TXN001959,ACCT00231,2025-08-01 00:00:00,935.38,USD,ACH,Linda Martin,Australia,Branch
TXN001960,ACCT00270,2025-08-01 00:00:00,265.57,USD,ACH,Ahmed Miller,Canada,ATM
TXN001961,ACCT00200,2025-08-01 00:00:00,1628.4,USD,CashDeposit,Metro Partners,Japan,Online
TXN001962,ACCT00088,2025-08-01 00:00:00,1049.31,USD,Withdrawal,David Gonzalez,UAE,Wire
TXN001963,ACCT00263,2025-08-01 00:00:00,324.73,USD,ACH,Sunrise Logistics,France,Wire
TXN001964,ACCT00149,2025-08-01 00:00:00,160.14,USD,WireTransfer,Olga Garcia,Australia,ATM
TXN001965,ACCT00253,2025-08-01 00:00:00,1431.1,USD,Deposit,Wei Rodriguez,Japan,Online
TXN001966,ACCT00146,2025-08-01 00:00:00,260.79,USD,Withdrawal,Global Logistics,Japan,Branch
TXN001967,ACCT00072,2025-08-01 00:00:00,324.28,USD,ACH,Susan Smith,Australia,Branch
TXN001968,ACCT00286,2025-08-02 00:00:00,383.54,USD,Deposit,Atlas Traders,Australia,Branch
TXN001969,ACCT00188,2025-08-02 00:00:00,1942.13,USD,WireTransfer,Karen White,France,Online
TXN001970,ACCT00032,2025-08-02 00:00:00,1357.5,USD,CashDeposit,Sven Young,Myanmar,Branch
TXN001971,ACCT00274,2025-08-02 00:00:00,525.33,USD,ACH,Noah Jones,India,Branch
TXN001972,ACCT00140,2025-08-02 00:00:00,1746.55,USD,Withdrawal,Ava Martin,India,Online
TXN001973,ACCT00240,2025-08-02 00:00:00,159.47,USD,ACH,Joseph Lewis,Australia,Online
TXN001974,ACCT00038,2025-08-02 00:00:00,3125.99,USD,ACH,Elizabeth Wilson,Afghanistan,Wire
TXN001975,ACCT00083,2025-08-02 00:00:00,491.53,USD,ACH,Silver Group,Germany,Online
TXN001976,ACCT00213,2025-08-02 00:00:00,320.23,USD,ACH,Priya Martin,France,Branch
TXN001977,ACCT00004,2025-08-02 00:00:00,507.65,USD,Withdrawal,Barbara Jackson,Japan,Branch
TXN001978,ACCT00103,2025-08-02 00:00:00,679.12,USD,ACH,Wei Lewis,India,Branch
TXN001979,ACCT00298,2025-08-03 00:00:00,1604.05,USD,Withdrawal,Robert Taylor,Australia,Wire
TXN001980,ACCT00003,2025-08-03 00:00:00,113.27,USD,Withdrawal,Chloe Walker,Japan,Wire
TXN001981,ACCT00192,2025-08-03 00:00:00,639.5,USD,Deposit,Sven Scott,India,Branch
TXN001982,ACCT00276,2025-08-03 00:00:00,780.93,USD,WireTransfer,Crown Capital,United States,ATM
TXN001983,ACCT00166,2025-08-03 00:00:00,385.03,USD,WireTransfer,Wei Walker,Switzerland,Wire
TXN001984,ACCT00280,2025-08-03 00:00:00,129.28,USD,CashDeposit,Ahmed Scott,France,Online
TXN001985,ACCT00327,2025-08-03 00:00:00,1854.02,USD,ACH,Elizabeth Rodriguez,UAE,ATM
TXN001986,ACCT00083,2025-08-03 00:00:00,781.0,USD,Deposit,Metro Holdings,Germany,Online
TXN001987,ACCT00084,2025-08-03 00:00:00,531.25,USD,Withdrawal,Arjun Anderson,Germany,ATM
TXN001988,ACCT00014,2025-08-03 00:00:00,35365.31,USD,WireTransfer,Summit Logistics,Spain,Wire
TXN001989,ACCT00257,2025-08-03 00:00:00,228.17,USD,Withdrawal,Ethan Lewis,UAE,ATM
TXN001990,ACCT00033,2025-08-03 00:00:00,96.19,USD,ACH,Lucas Gonzalez,Netherlands,Wire
TXN001991,ACCT00014,2025-08-03 21:00:00,34212.5,USD,WireTransfer,Thomas Green,Myanmar,Wire
TXN001992,ACCT00272,2025-08-04 00:00:00,988.14,USD,WireTransfer,Thomas Green,Japan,Wire
TXN001993,ACCT00095,2025-08-04 00:00:00,429.47,USD,WireTransfer,Mary Lee,UAE,Branch
TXN001994,ACCT00105,2025-08-04 00:00:00,744.92,USD,Withdrawal,Sven Robinson,Ireland,Online
TXN001995,ACCT00319,2025-08-04 00:00:00,370.05,USD,WireTransfer,Sunrise Enterprises,Canada,ATM
TXN001996,ACCT00107,2025-08-04 00:00:00,1187.53,USD,Deposit,Summit Traders,France,ATM
TXN001997,ACCT00316,2025-08-04 00:00:00,1982.17,USD,ACH,Jessica Jackson,United States,Wire
TXN001998,ACCT00199,2025-08-04 00:00:00,391.13,USD,Deposit,Sarah Taylor,Spain,Branch
TXN001999,ACCT00177,2025-08-04 00:00:00,744.05,USD,Withdrawal,Michael Robinson,Japan,Online
TXN002000,ACCT00103,2025-08-05 00:00:00,5205.63,USD,CashDeposit,Nova Freight,Singapore,ATM
TXN002001,ACCT00097,2025-08-05 00:00:00,102.87,USD,ACH,Elizabeth White,France,Online
TXN002002,ACCT00144,2025-08-05 00:00:00,615.62,USD,WireTransfer,Sunrise Holdings,Switzerland,ATM
TXN002003,ACCT00060,2025-08-05 00:00:00,3582.9,USD,ACH,Barbara Robinson,Singapore,Branch
TXN002004,ACCT00112,2025-08-05 00:00:00,4180.49,USD,WireTransfer,Richard Jones,Germany,Online
TXN002005,ACCT00037,2025-08-05 00:00:00,30000.0,USD,WireTransfer,Silver Logistics,Ireland,Branch
TXN002006,ACCT00016,2025-08-05 00:00:00,192.36,USD,Withdrawal,Barbara Torres,UAE,Wire
TXN002007,ACCT00130,2025-08-05 00:00:00,880.18,USD,Deposit,William Sanchez,France,ATM
TXN002008,ACCT00275,2025-08-05 00:00:00,1037.71,USD,WireTransfer,Mateo Johnson,Ireland,Wire
TXN002009,ACCT00177,2025-08-05 00:00:00,1017.36,USD,Deposit,Crown Holdings,Japan,ATM
TXN002010,ACCT00151,2025-08-05 00:00:00,1607.34,USD,Withdrawal,Ethan Moore,Germany,ATM
TXN002011,ACCT00102,2025-08-05 00:00:00,1471.83,USD,Deposit,Barbara Ramirez,Ireland,Wire
TXN002012,ACCT00106,2025-08-05 00:00:00,614.22,USD,ACH,William Martinez,UAE,Wire
TXN002013,ACCT00133,2025-08-05 00:00:00,808.14,USD,ACH,Linda Perez,United Kingdom,Wire
TXN002014,ACCT00129,2025-08-05 00:00:00,144.82,USD,Deposit,Metro Ventures,France,Online
TXN002015,ACCT00274,2025-08-05 00:00:00,963.01,USD,CashDeposit,Olga Green,UAE,Online
TXN002016,ACCT00314,2025-08-06 00:00:00,489.72,USD,ACH,Ava Miller,Singapore,Online
TXN002017,ACCT00189,2025-08-06 00:00:00,1155.51,USD,WireTransfer,Mary Rodriguez,Germany,Online
TXN002018,ACCT00293,2025-08-06 00:00:00,972.28,USD,Deposit,Linda Wilson,Germany,ATM
TXN002019,ACCT00254,2025-08-06 00:00:00,334.96,USD,CashDeposit,Metro Ventures,Netherlands,Online
TXN002020,ACCT00078,2025-08-06 00:00:00,1223.09,USD,CashDeposit,Sofia Lewis,India,Online
TXN002021,ACCT00268,2025-08-06 00:00:00,218.86,USD,WireTransfer,Karen Rodriguez,Singapore,ATM
TXN002022,ACCT00178,2025-08-06 00:00:00,367.63,USD,WireTransfer,Mateo Moore,Ireland,ATM
TXN002023,ACCT00210,2025-08-06 00:00:00,890.86,USD,ACH,Thomas Torres,United Kingdom,ATM
TXN002024,ACCT00146,2025-08-07 00:00:00,316.64,USD,CashDeposit,Yuki Ramirez,Canada,ATM
TXN002025,ACCT00283,2025-08-07 00:00:00,332.87,USD,Deposit,Camila Brown,UAE,Branch
TXN002026,ACCT00038,2025-08-07 00:00:00,23743.32,USD,WireTransfer,Summit Freight,Libya,Wire
TXN002027,ACCT00196,2025-08-07 00:00:00,293.41,USD,Deposit,Pacific Holdings,Canada,Online
TXN002028,ACCT00265,2025-08-07 00:00:00,918.71,USD,WireTransfer,Sofia Torres,Switzerland,Branch
TXN002029,ACCT00212,2025-08-07 00:00:00,1105.74,USD,WireTransfer,Global Freight,UAE,ATM
TXN002030,ACCT00272,2025-08-07 00:00:00,688.16,USD,Deposit,Barbara Young,Singapore,Wire
TXN002031,ACCT00072,2025-08-07 00:00:00,163.6,USD,CashDeposit,Chloe Thompson,France,ATM
TXN002032,ACCT00135,2025-08-07 00:00:00,565.06,USD,Deposit,Ahmed Clark,Canada,Online
TXN002033,ACCT00325,2025-08-07 00:00:00,1636.86,USD,ACH,Metro Imports,United States,Branch
TXN002034,ACCT00312,2025-08-07 00:00:00,363.62,USD,Deposit,Barbara Torres,Singapore,Wire
TXN002035,ACCT00183,2025-08-08 00:00:00,1703.94,USD,Deposit,Mia Davis,United Kingdom,Branch
TXN002036,ACCT00272,2025-08-08 00:00:00,1329.9,USD,Deposit,Elizabeth Jones,India,ATM
TXN002037,ACCT00276,2025-08-08 00:00:00,321.15,USD,ACH,Arjun Green,France,Wire
TXN002038,ACCT00115,2025-08-08 00:00:00,808.04,USD,ACH,Sofia Johnson,India,Online
TXN002039,ACCT00055,2025-08-08 00:00:00,1262.49,USD,Withdrawal,Wei Hill,Ireland,Wire
TXN002040,ACCT00263,2025-08-08 00:00:00,230.3,USD,ACH,Mia King,Australia,Branch
TXN002041,ACCT00125,2025-08-08 00:00:00,130.47,USD,WireTransfer,Arjun Thomas,Switzerland,ATM
TXN002042,ACCT00134,2025-08-08 00:00:00,1575.6,USD,Withdrawal,Camila Hernandez,Canada,ATM
TXN002043,ACCT00048,2025-08-08 00:00:00,30000.0,USD,CashDeposit,Priya Miller,Canada,Branch
TXN002044,ACCT00082,2025-08-09 00:00:00,1069.23,USD,Withdrawal,Michael Williams,India,Branch
TXN002045,ACCT00320,2025-08-09 00:00:00,864.55,USD,CashDeposit,Ethan Scott,Ireland,Wire
TXN002046,ACCT00100,2025-08-09 00:00:00,2268.63,USD,WireTransfer,Thomas Wright,Netherlands,ATM
TXN002047,ACCT00271,2025-08-09 00:00:00,2343.11,USD,Withdrawal,Liam Robinson,Germany,Branch
TXN002048,ACCT00304,2025-08-09 00:00:00,259.7,USD,ACH,Chloe King,Australia,Branch
TXN002049,ACCT00258,2025-08-09 00:00:00,822.99,USD,CashDeposit,Mary Hernandez,Ireland,ATM
TXN002050,ACCT00155,2025-08-10 00:00:00,270.76,USD,CashDeposit,Pacific Capital,France,Branch
TXN002051,ACCT00045,2025-08-10 00:00:00,1506.81,USD,CashDeposit,Barbara Hill,Singapore,Wire
TXN002052,ACCT00122,2025-08-10 00:00:00,2409.86,USD,Withdrawal,Diego Garcia,United States,Wire
TXN002053,ACCT00324,2025-08-10 00:00:00,975.97,USD,ACH,Global Group,UAE,Online
TXN002054,ACCT00300,2025-08-10 00:00:00,162.02,USD,WireTransfer,Falcon Imports,Canada,Wire
TXN002055,ACCT00306,2025-08-10 00:00:00,564.97,USD,ACH,William Smith,United States,Wire
TXN002056,ACCT00327,2025-08-10 00:00:00,518.49,USD,WireTransfer,Lucas Lopez,United Kingdom,ATM
TXN002057,ACCT00143,2025-08-10 00:00:00,749.21,USD,Withdrawal,Horizon Partners,Australia,Wire
TXN002058,ACCT00028,2025-08-10 00:00:00,344.2,USD,ACH,Atlas Logistics,Venezuela,Wire
TXN002059,ACCT00060,2025-08-10 00:00:00,137.5,USD,ACH,Elizabeth Walker,United Kingdom,Online
TXN002060,ACCT00096,2025-08-10 00:00:00,2350.97,USD,CashDeposit,Thomas Green,Germany,ATM
TXN002061,ACCT00111,2025-08-10 00:00:00,1303.19,USD,ACH,Yuki Young,Canada,ATM
TXN002062,ACCT00213,2025-08-11 00:00:00,389.42,USD,Withdrawal,Prime Holdings,Switzerland,Wire
TXN002063,ACCT00076,2025-08-11 00:00:00,90.58,USD,CashDeposit,Barbara Jones,Singapore,ATM
TXN002064,ACCT00166,2025-08-11 00:00:00,793.79,USD,Deposit,Barbara Williams,Singapore,Wire
TXN002065,ACCT00162,2025-08-11 00:00:00,145.78,USD,ACH,Union Traders,Ireland,Branch
TXN002066,ACCT00027,2025-08-11 00:00:00,299.33,USD,Withdrawal,Olga Lee,Yemen,Online
TXN002067,ACCT00020,2025-08-11 00:00:00,75045.67,USD,WireTransfer,Prime Freight,Afghanistan,Wire
TXN002068,ACCT00255,2025-08-11 00:00:00,336.62,USD,WireTransfer,Elizabeth Sanchez,Singapore,Branch
TXN002069,ACCT00250,2025-08-11 00:00:00,3759.53,USD,ACH,James Taylor,United States,Branch
TXN002070,ACCT00176,2025-08-11 00:00:00,235.8,USD,Deposit,Diego Martinez,Japan,ATM
TXN002071,ACCT00031,2025-08-11 00:00:00,760.4,USD,Withdrawal,Sven Torres,Myanmar,Branch
TXN002072,ACCT00126,2025-08-11 00:00:00,109.53,USD,Deposit,Sarah Anderson,Australia,Online
TXN002073,ACCT00275,2025-08-12 00:00:00,1153.78,USD,WireTransfer,Karen Lee,United States,Online
TXN002074,ACCT00127,2025-08-12 00:00:00,845.2,USD,Withdrawal,Prime Holdings,France,Online
TXN002075,ACCT00061,2025-08-12 00:00:00,718.25,USD,ACH,Ahmed Harris,United Kingdom,Online
TXN002076,ACCT00123,2025-08-12 00:00:00,1127.85,USD,WireTransfer,Fatima Brown,Singapore,ATM
TXN002077,ACCT00289,2025-08-12 00:00:00,1083.08,USD,Withdrawal,Jennifer Hill,Australia,ATM
TXN002078,ACCT00030,2025-08-12 00:00:00,749.65,USD,ACH,Falcon Logistics,Yemen,ATM
TXN002079,ACCT00108,2025-08-12 00:00:00,2433.28,USD,Withdrawal,Arjun Harris,United States,Wire
TXN002080,ACCT00196,2025-08-12 00:00:00,1096.48,USD,CashDeposit,Barbara Sanchez,Spain,Branch
TXN002081,ACCT00310,2025-08-12 00:00:00,762.15,USD,ACH,Barbara Lopez,Australia,Online
TXN002082,ACCT00207,2025-08-12 00:00:00,625.15,USD,CashDeposit,Camila Flores,India,ATM
TXN002083,ACCT00049,2025-08-12 00:00:00,918.96,USD,WireTransfer,Priya Walker,United Kingdom,ATM
TXN002084,ACCT00270,2025-08-12 00:00:00,351.33,USD,ACH,Horizon Partners,Spain,Wire
TXN002085,ACCT00082,2025-08-12 00:00:00,179.14,USD,ACH,Union Traders,Singapore,Branch
TXN002086,ACCT00103,2025-08-12 00:00:00,227.66,USD,CashDeposit,Yuki Martinez,Canada,Online
TXN002087,ACCT00161,2025-08-13 00:00:00,358.79,USD,Withdrawal,Ethan Thomas,United States,ATM
TXN002088,ACCT00272,2025-08-13 00:00:00,324.05,USD,Deposit,Thomas Scott,United States,Online
TXN002089,ACCT00328,2025-08-13 00:00:00,761.54,USD,WireTransfer,Linda Johnson,Australia,Online
TXN002090,ACCT00165,2025-08-13 00:00:00,938.04,USD,Withdrawal,Silver Enterprises,Ireland,ATM
TXN002091,ACCT00192,2025-08-14 00:00:00,581.44,USD,Withdrawal,Thomas Rodriguez,France,Branch
TXN002092,ACCT00113,2025-08-14 00:00:00,599.17,USD,Withdrawal,Richard Gonzalez,United States,ATM
TXN002093,ACCT00024,2025-08-14 00:00:00,3884.26,USD,ACH,Delta Logistics,Japan,Branch
TXN002094,ACCT00189,2025-08-14 00:00:00,1243.43,USD,Deposit,Susan Harris,United States,Wire
TXN002095,ACCT00163,2025-08-14 00:00:00,1232.75,USD,CashDeposit,Joseph Brown,United States,ATM
TXN002096,ACCT00286,2025-08-15 00:00:00,797.17,USD,Withdrawal,Patricia Thompson,India,Online
TXN002097,ACCT00159,2025-08-15 00:00:00,365.95,USD,WireTransfer,Camila Harris,United Kingdom,Branch
TXN002098,ACCT00173,2025-08-15 00:00:00,132.24,USD,WireTransfer,Priya Miller,United States,Online
TXN002099,ACCT00329,2025-08-15 00:00:00,769.57,USD,WireTransfer,Linda Thomas,Japan,Branch
TXN002100,ACCT00061,2025-08-15 00:00:00,416.67,USD,WireTransfer,Silver Trading,Japan,ATM
TXN002101,ACCT00005,2025-08-15 00:00:00,886.2,USD,Deposit,Metro Enterprises,India,Online
TXN002102,ACCT00303,2025-08-15 00:00:00,1799.4,USD,Deposit,Emma King,Singapore,ATM
TXN002103,ACCT00105,2025-08-15 00:00:00,896.73,USD,CashDeposit,Elizabeth White,UAE,Wire
TXN002104,ACCT00293,2025-08-15 00:00:00,482.01,USD,Withdrawal,Barbara Smith,Singapore,Online
TXN002105,ACCT00093,2025-08-15 00:00:00,987.0,USD,ACH,Crown Ventures,United States,Branch
TXN002106,ACCT00090,2025-08-15 00:00:00,562.77,USD,CashDeposit,Mary Davis,United Kingdom,ATM
TXN002107,ACCT00227,2025-08-15 00:00:00,379.33,USD,CashDeposit,Prime Partners,Australia,Online
TXN002108,ACCT00162,2025-08-16 00:00:00,1554.8,USD,Deposit,Diego Scott,Germany,Online
TXN002109,ACCT00161,2025-08-16 00:00:00,1032.26,USD,WireTransfer,Jessica Wright,Ireland,ATM
TXN002110,ACCT00199,2025-08-16 00:00:00,316.56,USD,Withdrawal,Linda Wright,Ireland,ATM
TXN002111,ACCT00293,2025-08-16 00:00:00,98.69,USD,ACH,Olga Lee,United Kingdom,Wire
TXN002112,ACCT00184,2025-08-16 00:00:00,380.03,USD,WireTransfer,Silver Partners,UAE,Wire
TXN002113,ACCT00157,2025-08-16 00:00:00,224.57,USD,Deposit,Yuki Moore,United Kingdom,ATM
TXN002114,ACCT00273,2025-08-16 00:00:00,1386.64,USD,Deposit,Ahmed Martinez,Singapore,Online
TXN002115,ACCT00075,2025-08-16 00:00:00,1174.95,USD,Deposit,Patricia Miller,United States,Online
TXN002116,ACCT00266,2025-08-17 00:00:00,1027.38,USD,CashDeposit,Sunrise Enterprises,United States,Wire
TXN002117,ACCT00088,2025-08-17 00:00:00,2177.0,USD,WireTransfer,Crown Imports,Australia,Branch
TXN002118,ACCT00270,2025-08-17 00:00:00,2518.3,USD,CashDeposit,Thomas Williams,Switzerland,Wire
TXN002119,ACCT00271,2025-08-17 00:00:00,151.5,USD,Deposit,Thomas Hernandez,UAE,Branch
TXN002120,ACCT00046,2025-08-18 00:00:00,462.68,USD,Withdrawal,Liam Davis,United Kingdom,Branch
TXN002121,ACCT00122,2025-08-18 00:00:00,1383.88,USD,Withdrawal,Jennifer White,Spain,ATM
TXN002122,ACCT00210,2025-08-18 00:00:00,644.8,USD,ACH,Anchor Freight,United States,ATM
TXN002123,ACCT00014,2025-08-18 00:00:00,1334.36,USD,CashDeposit,Fatima Scott,Venezuela,Wire
TXN002124,ACCT00040,2025-08-18 00:00:00,845.58,USD,Deposit,Mary Miller,North Korea,Wire
TXN002125,ACCT00322,2025-08-18 00:00:00,427.34,USD,Deposit,Metro Exchange,Canada,Online
TXN002126,ACCT00307,2025-08-18 00:00:00,786.06,USD,Withdrawal,Lucas Hernandez,Netherlands,ATM
TXN002127,ACCT00120,2025-08-18 00:00:00,1034.78,USD,ACH,James Anderson,Singapore,Online
TXN002128,ACCT00165,2025-08-18 00:00:00,862.88,USD,ACH,Charles Walker,UAE,Wire
TXN002129,ACCT00016,2025-08-19 00:00:00,575.73,USD,CashDeposit,Anchor Traders,Myanmar,Wire
TXN002130,ACCT00083,2025-08-19 00:00:00,451.16,USD,ACH,Robert Flores,United Kingdom,Online
TXN002131,ACCT00225,2025-08-19 00:00:00,328.14,USD,CashDeposit,Noah Green,UAE,Online
TXN002132,ACCT00155,2025-08-19 00:00:00,256.23,USD,CashDeposit,Wei Perez,France,Online
TXN002133,ACCT00244,2025-08-19 00:00:00,278.59,USD,Withdrawal,Ahmed Moore,Spain,ATM
TXN002134,ACCT00257,2025-08-19 00:00:00,758.73,USD,Deposit,Mateo Ramirez,Ireland,Wire
TXN002135,ACCT00297,2025-08-19 00:00:00,2997.53,USD,CashDeposit,Patricia Walker,Australia,Wire
TXN002136,ACCT00213,2025-08-19 00:00:00,435.18,USD,WireTransfer,Emma Lee,Australia,Wire
TXN002137,ACCT00107,2025-08-19 00:00:00,933.07,USD,ACH,Jennifer Green,Spain,Online
TXN002138,ACCT00240,2025-08-19 00:00:00,1114.9,USD,Withdrawal,John Moore,United States,Wire
TXN002139,ACCT00007,2025-08-19 00:00:00,249.94,USD,WireTransfer,Union Freight,Myanmar,Branch
TXN002140,ACCT00293,2025-08-20 00:00:00,73.99,USD,CashDeposit,Yuki Anderson,Germany,Wire
TXN002141,ACCT00257,2025-08-20 00:00:00,611.93,USD,Withdrawal,Pacific Group,Spain,ATM
TXN002142,ACCT00086,2025-08-20 00:00:00,1881.65,USD,ACH,Mateo Jackson,India,Branch
TXN002143,ACCT00109,2025-08-20 00:00:00,3045.18,USD,Deposit,Chloe Jackson,Spain,Branch
TXN002144,ACCT00271,2025-08-20 00:00:00,291.8,USD,WireTransfer,Liam White,Netherlands,Online
TXN002145,ACCT00086,2025-08-20 00:00:00,362.99,USD,CashDeposit,John Gonzalez,Ireland,ATM
TXN002146,ACCT00125,2025-08-20 00:00:00,635.26,USD,CashDeposit,Richard Smith,Singapore,Wire
TXN002147,ACCT00228,2025-08-20 00:00:00,537.33,USD,Withdrawal,Sarah Lopez,United Kingdom,ATM
TXN002148,ACCT00227,2025-08-20 00:00:00,402.37,USD,Deposit,Ahmed Johnson,Netherlands,Wire
TXN002149,ACCT00004,2025-08-21 00:00:00,517.95,USD,CashDeposit,Yuki Moore,United Kingdom,Wire
TXN002150,ACCT00262,2025-08-21 00:00:00,1851.09,USD,Deposit,Michael Wilson,Spain,ATM
TXN002151,ACCT00079,2025-08-21 00:00:00,760.17,USD,CashDeposit,Sven Thompson,Netherlands,Wire
TXN002152,ACCT00281,2025-08-21 00:00:00,290.56,USD,ACH,David Johnson,UAE,Branch
TXN002153,ACCT00150,2025-08-21 00:00:00,134.54,USD,ACH,Chloe Miller,Spain,Branch
TXN002154,ACCT00001,2025-08-21 00:00:00,109.41,USD,Deposit,Susan Perez,Venezuela,Branch
TXN002155,ACCT00165,2025-08-21 00:00:00,2033.27,USD,Deposit,Sofia Walker,Canada,Online
TXN002156,ACCT00199,2025-08-21 00:00:00,3586.79,USD,Withdrawal,Priya Moore,Ireland,Branch
TXN002157,ACCT00164,2025-08-22 00:00:00,389.24,USD,WireTransfer,Delta Exchange,UAE,Branch
TXN002158,ACCT00082,2025-08-22 00:00:00,575.89,USD,CashDeposit,Michael Davis,Spain,Online
TXN002159,ACCT00130,2025-08-22 00:00:00,587.21,USD,Deposit,Elizabeth Scott,Switzerland,ATM
TXN002160,ACCT00032,2025-08-22 00:00:00,335.82,USD,Deposit,Yuki King,France,ATM
TXN002161,ACCT00193,2025-08-22 00:00:00,1891.43,USD,Deposit,John White,Ireland,ATM
TXN002162,ACCT00258,2025-08-22 00:00:00,2366.51,USD,CashDeposit,Sarah Thomas,Singapore,Branch
TXN002163,ACCT00075,2025-08-22 00:00:00,371.79,USD,WireTransfer,Atlas Logistics,India,Wire
TXN002164,ACCT00005,2025-08-23 00:00:00,23842.2,USD,WireTransfer,Prime Group,Venezuela,Wire
TXN002165,ACCT00288,2025-08-23 00:00:00,870.7,USD,WireTransfer,Silver Enterprises,Singapore,ATM
TXN002166,ACCT00210,2025-08-23 00:00:00,267.82,USD,Deposit,Summit Partners,Singapore,ATM
TXN002167,ACCT00308,2025-08-23 00:00:00,565.92,USD,WireTransfer,Chloe Nguyen,France,Wire
TXN002168,ACCT00217,2025-08-23 00:00:00,231.24,USD,ACH,Ethan Jackson,India,Online
TXN002169,ACCT00086,2025-08-23 00:00:00,4129.91,USD,Deposit,Charles Jones,Japan,Branch
TXN002170,ACCT00100,2025-08-23 00:00:00,530.34,USD,ACH,Elizabeth Davis,Spain,Branch
TXN002171,ACCT00059,2025-08-23 00:00:00,1228.46,USD,ACH,Prime Exchange,India,Branch
TXN002172,ACCT00326,2025-08-23 00:00:00,4667.33,USD,Withdrawal,Liam Sanchez,India,Wire
TXN002173,ACCT00023,2025-08-23 00:00:00,3450.92,USD,WireTransfer,Union Imports,Japan,Branch
TXN002174,ACCT00258,2025-08-23 00:00:00,700.49,USD,Deposit,Barbara Thomas,Canada,Wire
TXN002175,ACCT00157,2025-08-23 00:00:00,224.25,USD,Deposit,Robert Green,United States,Wire
TXN002176,ACCT00016,2025-08-23 00:00:00,219.84,USD,Deposit,Arjun Flores,India,ATM
TXN002177,ACCT00280,2025-08-23 00:00:00,78.84,USD,ACH,Sarah Perez,United States,Online
TXN002178,ACCT00116,2025-08-23 00:00:00,915.23,USD,WireTransfer,Camila Jones,United States,Online
TXN002179,ACCT00182,2025-08-23 00:00:00,551.77,USD,WireTransfer,Richard Lee,United Kingdom,Online
TXN002180,ACCT00179,2025-08-24 00:00:00,855.63,USD,CashDeposit,Mateo Harris,Switzerland,Wire
TXN002181,ACCT00208,2025-08-24 00:00:00,369.12,USD,ACH,Priya Lee,Japan,Wire
TXN002182,ACCT00226,2025-08-24 00:00:00,111.39,USD,CashDeposit,Prime Ventures,United Kingdom,ATM
TXN002183,ACCT00201,2025-08-24 00:00:00,315.27,USD,CashDeposit,John Hernandez,India,Wire
TXN002184,ACCT00297,2025-08-24 00:00:00,478.69,USD,WireTransfer,Wei Thomas,Switzerland,Wire
TXN002185,ACCT00272,2025-08-24 00:00:00,556.08,USD,CashDeposit,Global Partners,United Kingdom,Wire
TXN002186,ACCT00143,2025-08-24 00:00:00,169.24,USD,WireTransfer,Camila Rodriguez,France,Wire
TXN002187,ACCT00139,2025-08-24 00:00:00,982.86,USD,Withdrawal,Atlas Trading,Germany,Wire
TXN002188,ACCT00082,2025-08-24 00:00:00,361.58,USD,WireTransfer,Ahmed Gonzalez,United Kingdom,Online
TXN002189,ACCT00116,2025-08-24 00:00:00,101.99,USD,ACH,Crown Enterprises,UAE,Branch
TXN002190,ACCT00101,2025-08-24 00:00:00,58.9,USD,ACH,Ethan Smith,Switzerland,Wire
TXN002191,ACCT00003,2025-08-24 00:00:00,788.18,USD,CashDeposit,Richard Thomas,Afghanistan,ATM
TXN002192,ACCT00050,2025-08-25 00:00:00,237.29,USD,ACH,Sofia Miller,Ireland,ATM
TXN002193,ACCT00014,2025-08-25 00:00:00,573.04,USD,Withdrawal,Sven Young,Spain,Wire
TXN002194,ACCT00313,2025-08-25 00:00:00,1696.81,USD,CashDeposit,Metro Group,Spain,Branch
TXN002195,ACCT00149,2025-08-25 00:00:00,72.83,USD,WireTransfer,Robert Scott,Spain,Online
TXN002196,ACCT00182,2025-08-25 00:00:00,493.93,USD,Deposit,Crown Exchange,UAE,Branch
TXN002197,ACCT00070,2025-08-25 00:00:00,2675.8,USD,Withdrawal,Patricia Wright,France,Wire
TXN002198,ACCT00252,2025-08-25 00:00:00,5790.69,USD,CashDeposit,Ava Smith,Ireland,Wire
TXN002199,ACCT00117,2025-08-25 00:00:00,679.47,USD,Deposit,Yuki Harris,Switzerland,Branch
TXN002200,ACCT00265,2025-08-26 00:00:00,553.83,USD,WireTransfer,Sofia Moore,UAE,ATM
TXN002201,ACCT00213,2025-08-26 00:00:00,145.89,USD,ACH,Ahmed Clark,United Kingdom,Online
TXN002202,ACCT00134,2025-08-26 00:00:00,307.08,USD,CashDeposit,Chloe Robinson,United States,Wire
TXN002203,ACCT00288,2025-08-26 00:00:00,635.94,USD,Deposit,Linda Garcia,United States,Online
TXN002204,ACCT00208,2025-08-26 00:00:00,387.95,USD,CashDeposit,Susan Sanchez,Australia,Wire
TXN002205,ACCT00005,2025-08-26 00:00:00,1747.47,USD,CashDeposit,Horizon Logistics,Myanmar,Wire
TXN002206,ACCT00265,2025-08-26 00:00:00,1503.42,USD,WireTransfer,Pacific Exchange,Singapore,Branch
TXN002207,ACCT00123,2025-08-26 00:00:00,315.62,USD,WireTransfer,Ethan Walker,France,Wire
TXN002208,ACCT00062,2025-08-26 00:00:00,482.2,USD,Deposit,Elizabeth Brown,Canada,ATM
TXN002209,ACCT00251,2025-08-27 00:00:00,652.32,USD,CashDeposit,Robert Jackson,Switzerland,Branch
TXN002210,ACCT00091,2025-08-27 00:00:00,1195.55,USD,Deposit,Charles Torres,India,Online
TXN002211,ACCT00267,2025-08-27 00:00:00,599.78,USD,Withdrawal,Jennifer Davis,Canada,Branch
TXN002212,ACCT00149,2025-08-27 00:00:00,5032.17,USD,CashDeposit,Ahmed Jackson,Germany,ATM
TXN002213,ACCT00004,2025-08-27 00:00:00,136.97,USD,WireTransfer,Charles White,Afghanistan,Online
TXN002214,ACCT00126,2025-08-28 00:00:00,221.82,USD,Withdrawal,Mateo Thomas,Canada,Wire
TXN002215,ACCT00081,2025-08-28 00:00:00,270.84,USD,Deposit,Arjun Taylor,France,Wire
TXN002216,ACCT00329,2025-08-28 00:00:00,5125.94,USD,CashDeposit,Prime Exchange,UAE,Branch
TXN002217,ACCT00061,2025-08-28 00:00:00,217.09,USD,CashDeposit,Mateo Lopez,Singapore,ATM
TXN002218,ACCT00301,2025-08-28 00:00:00,3657.92,USD,ACH,Diego Robinson,UAE,Branch
TXN002219,ACCT00266,2025-08-28 00:00:00,300.2,USD,CashDeposit,Pacific Traders,UAE,Wire
TXN002220,ACCT00115,2025-08-28 00:00:00,356.86,USD,ACH,Summit Imports,Ireland,ATM
TXN002221,ACCT00256,2025-08-28 00:00:00,328.08,USD,CashDeposit,Summit Logistics,India,Branch
TXN002222,ACCT00256,2025-08-28 00:00:00,294.85,USD,ACH,Atlas Enterprises,Japan,ATM
TXN002223,ACCT00329,2025-08-29 00:00:00,305.97,USD,Withdrawal,Mia Harris,Germany,Online
TXN002224,ACCT00140,2025-08-29 00:00:00,2289.6,USD,ACH,James Jackson,India,ATM
TXN002225,ACCT00166,2025-08-29 00:00:00,712.9,USD,Withdrawal,Pacific Ventures,Spain,Wire
TXN002226,ACCT00093,2025-08-29 00:00:00,2200.92,USD,ACH,Silver Enterprises,Singapore,Online
TXN002227,ACCT00222,2025-08-29 00:00:00,1860.6,USD,Deposit,Camila Wilson,France,ATM
TXN002228,ACCT00171,2025-08-29 00:00:00,1000.12,USD,Deposit,Richard Miller,France,Branch
TXN002229,ACCT00112,2025-08-29 00:00:00,1492.28,USD,WireTransfer,James Wright,France,ATM
TXN002230,ACCT00159,2025-08-30 00:00:00,2195.38,USD,CashDeposit,Liam Wright,Netherlands,Online
TXN002231,ACCT00312,2025-08-30 00:00:00,831.38,USD,Withdrawal,Anchor Logistics,Switzerland,ATM
TXN002232,ACCT00160,2025-08-30 00:00:00,854.23,USD,WireTransfer,Thomas Gonzalez,United States,Branch
TXN002233,ACCT00280,2025-08-30 00:00:00,1191.23,USD,CashDeposit,Fatima Johnson,Ireland,Wire
TXN002234,ACCT00025,2025-08-30 00:00:00,1302.78,USD,Deposit,Global Trading,Iran,Branch
TXN002235,ACCT00169,2025-08-30 00:00:00,577.71,USD,ACH,Union Group,Japan,ATM
TXN002236,ACCT00153,2025-08-30 00:00:00,773.1,USD,Deposit,Crown Ventures,Spain,Branch
TXN002237,ACCT00329,2025-08-30 00:00:00,62.07,USD,Withdrawal,Noah Rodriguez,Singapore,Wire
TXN002238,ACCT00190,2025-08-30 00:00:00,491.74,USD,Deposit,Arjun Williams,UAE,ATM
TXN002239,ACCT00176,2025-08-30 00:00:00,450.61,USD,ACH,Nova Holdings,UAE,Wire
TXN002240,ACCT00055,2025-08-31 00:00:00,10000.0,USD,CashDeposit,Liam Sanchez,United Kingdom,Branch
TXN002241,ACCT00001,2025-08-31 00:00:00,452.8,USD,CashDeposit,Chloe Lee,Syria,Wire
TXN002242,ACCT00178,2025-08-31 00:00:00,1910.69,USD,Withdrawal,Barbara Moore,France,Wire
TXN002243,ACCT00003,2025-08-31 00:00:00,322.68,USD,WireTransfer,Ava Green,Netherlands,Online
TXN002244,ACCT00086,2025-08-31 00:00:00,5752.03,USD,WireTransfer,Mary Jackson,India,Wire
TXN002245,ACCT00319,2025-08-31 00:00:00,243.08,USD,Withdrawal,Crown Logistics,Netherlands,Wire
TXN002246,ACCT00304,2025-08-31 00:00:00,645.22,USD,WireTransfer,Lucas Martinez,United Kingdom,Online
TXN002247,ACCT00103,2025-08-31 00:00:00,35.83,USD,ACH,Sunrise Traders,Canada,Branch
TXN002248,ACCT00031,2025-08-31 18:00:00,9376.31,USD,CashDeposit,Camila Ramirez,Yemen,Branch
TXN002249,ACCT00041,2025-09-01 00:00:00,89337.71,USD,WireTransfer,Falcon Holdings,Syria,Wire
TXN002250,ACCT00097,2025-09-01 00:00:00,612.36,USD,WireTransfer,Ethan Williams,United States,ATM
TXN002251,ACCT00175,2025-09-01 00:00:00,341.02,USD,Withdrawal,Lucas Harris,Netherlands,Wire
TXN002252,ACCT00107,2025-09-01 00:00:00,467.24,USD,CashDeposit,Crown Enterprises,Ireland,Online
TXN002253,ACCT00144,2025-09-01 00:00:00,5003.58,USD,CashDeposit,Lucas Harris,UAE,Online
TXN002254,ACCT00179,2025-09-01 00:00:00,265.9,USD,CashDeposit,Wei Lewis,Australia,Branch
TXN002255,ACCT00106,2025-09-01 00:00:00,681.45,USD,Withdrawal,Ava Sanchez,Canada,Wire
TXN002256,ACCT00031,2025-09-01 08:00:00,9698.86,USD,CashDeposit,Patricia Walker,Yemen,Branch
TXN002257,ACCT00010,2025-09-01 11:00:00,9687.29,USD,CashDeposit,Olga Thomas,Japan,Branch
TXN002258,ACCT00190,2025-09-02 00:00:00,731.68,USD,WireTransfer,Union Exchange,India,Branch
TXN002259,ACCT00218,2025-09-02 00:00:00,36280.9,USD,WireTransfer,Crown Capital,Syria,Branch
TXN002260,ACCT00186,2025-09-02 00:00:00,1631.19,USD,CashDeposit,Mia King,Australia,Online
TXN002261,ACCT00024,2025-09-02 00:00:00,1417.08,USD,Deposit,Horizon Ventures,North Korea,Online
TXN002262,ACCT00170,2025-09-02 00:00:00,406.49,USD,CashDeposit,Elizabeth Garcia,Switzerland,Branch
TXN002263,ACCT00176,2025-09-02 00:00:00,784.19,USD,Withdrawal,Olga Wilson,Canada,ATM
TXN002264,ACCT00139,2025-09-02 00:00:00,173.14,USD,Deposit,Sarah Martinez,Netherlands,Branch
TXN002265,ACCT00281,2025-09-02 00:00:00,172.77,USD,WireTransfer,Delta Ventures,India,Branch
TXN002266,ACCT00187,2025-09-02 00:00:00,1464.19,USD,ACH,Patricia Lee,Singapore,Branch
TXN002267,ACCT00010,2025-09-02 07:00:00,9600.97,USD,CashDeposit,Karen Torres,Spain,Branch
TXN002268,ACCT00031,2025-09-02 16:00:00,9535.84,USD,CashDeposit,William Ramirez,Yemen,Branch
TXN002269,ACCT00284,2025-09-03 00:00:00,44039.61,USD,WireTransfer,Liam Scott,Spain,Branch
TXN002270,ACCT00268,2025-09-03 00:00:00,138.68,USD,Withdrawal,Falcon Partners,France,Wire
TXN002271,ACCT00221,2025-09-03 00:00:00,31323.71,USD,WireTransfer,Yuki White,United Kingdom,Branch
TXN002272,ACCT00085,2025-09-03 00:00:00,567.63,USD,WireTransfer,Lucas Hill,UAE,Online
TXN002273,ACCT00310,2025-09-03 00:00:00,733.99,USD,ACH,Anchor Capital,Singapore,ATM
TXN002274,ACCT00012,2025-09-03 00:00:00,148.0,USD,WireTransfer,Delta Freight,Australia,Online
TXN002275,ACCT00224,2025-09-03 00:00:00,397.88,USD,Withdrawal,Noah Wilson,Switzerland,Online
TXN002276,ACCT00230,2025-09-03 00:00:00,474.14,USD,Deposit,Nova Group,Australia,ATM
TXN002277,ACCT00160,2025-09-03 00:00:00,553.8,USD,Withdrawal,Global Enterprises,UAE,ATM
TXN002278,ACCT00240,2025-09-03 00:00:00,331.67,USD,Deposit,Thomas Hernandez,United Kingdom,Branch
TXN002279,ACCT00322,2025-09-03 00:00:00,324.25,USD,WireTransfer,Global Partners,Germany,Wire
TXN002280,ACCT00010,2025-09-03 02:00:00,9084.13,USD,CashDeposit,Sarah Young,North Korea,Branch
TXN002281,ACCT00031,2025-09-03 02:00:00,9528.03,USD,CashDeposit,Ava Taylor,Germany,Branch
TXN002282,ACCT00307,2025-09-04 00:00:00,720.18,USD,ACH,Diego White,Canada,Wire
TXN002283,ACCT00082,2025-09-04 00:00:00,229.27,USD,Deposit,Olga Brown,Australia,ATM
TXN002284,ACCT00066,2025-09-04 00:00:00,1894.9,USD,CashDeposit,Lucas Gonzalez,India,Online
TXN002285,ACCT00107,2025-09-04 00:00:00,807.86,USD,CashDeposit,Priya Harris,Netherlands,ATM
TXN002286,ACCT00198,2025-09-04 00:00:00,2926.8,USD,Withdrawal,Sven Sanchez,Japan,Online
TXN002287,ACCT00055,2025-09-04 00:00:00,10000.0,USD,CashDeposit,David Ramirez,Germany,Branch
TXN002288,ACCT00005,2025-09-04 01:00:00,9194.86,USD,CashDeposit,Ava Johnson,Afghanistan,Branch
TXN002289,ACCT00010,2025-09-04 13:00:00,9233.62,USD,CashDeposit,Mia Ramirez,India,Branch
TXN002290,ACCT00066,2025-09-05 00:00:00,128.54,USD,CashDeposit,Mary Harris,UAE,Online
TXN002291,ACCT00265,2025-09-05 00:00:00,465.6,USD,Withdrawal,Robert Lee,United Kingdom,Wire
TXN002292,ACCT00306,2025-09-05 00:00:00,497.68,USD,ACH,Linda Scott,Singapore,Branch
TXN002293,ACCT00065,2025-09-05 00:00:00,3398.62,USD,Withdrawal,Lucas Miller,Spain,Wire
TXN002294,ACCT00309,2025-09-05 00:00:00,5523.39,USD,WireTransfer,Noah Taylor,Netherlands,Online
TXN002295,ACCT00014,2025-09-05 00:00:00,705.72,USD,WireTransfer,Karen Williams,Libya,Wire
TXN002296,ACCT00150,2025-09-05 00:00:00,350.2,USD,Withdrawal,Jennifer Thompson,France,Branch
TXN002297,ACCT00055,2025-09-05 00:00:00,1337.05,USD,Withdrawal,Thomas Martin,Singapore,ATM
TXN002298,ACCT00241,2025-09-05 00:00:00,106.05,USD,CashDeposit,Crown Enterprises,UAE,Branch
TXN002299,ACCT00010,2025-09-05 03:00:00,9288.05,USD,CashDeposit,Linda Rodriguez,Yemen,Branch
TXN002300,ACCT00005,2025-09-05 05:00:00,9799.8,USD,CashDeposit,Liam Lee,North Korea,Branch
TXN002301,ACCT00214,2025-09-06 00:00:00,592.16,USD,WireTransfer,Richard Flores,Spain,Online
TXN002302,ACCT00306,2025-09-06 00:00:00,2053.65,USD,CashDeposit,Chloe Lewis,Canada,Branch
TXN002303,ACCT00161,2025-09-06 00:00:00,1051.29,USD,WireTransfer,Ava Anderson,Germany,Branch
TXN002304,ACCT00064,2025-09-06 00:00:00,671.35,USD,ACH,Richard Nguyen,Singapore,ATM
TXN002305,ACCT00167,2025-09-06 00:00:00,181.35,USD,ACH,Noah Jackson,Netherlands,Wire
TXN002306,ACCT00315,2025-09-06 00:00:00,681.82,USD,Withdrawal,Mateo Flores,United States,Wire
TXN002307,ACCT00049,2025-09-06 00:00:00,1053.56,USD,ACH,Mia Martinez,Netherlands,ATM
TXN002308,ACCT00024,2025-09-06 00:00:00,125.24,USD,WireTransfer,Nova Logistics,Libya,Branch
TXN002309,ACCT00067,2025-09-06 00:00:00,788.15,USD,CashDeposit,Pacific Group,United Kingdom,Branch
TXN002310,ACCT00121,2025-09-06 00:00:00,26726.8,USD,WireTransfer,Mateo Williams,Iran,Branch
TXN002311,ACCT00143,2025-09-06 00:00:00,144.7,USD,Withdrawal,Global Group,Canada,Wire
TXN002312,ACCT00005,2025-09-06 14:00:00,9604.55,USD,CashDeposit,Priya Taylor,Syria,Branch
TXN002313,ACCT00010,2025-09-06 17:00:00,9693.39,USD,CashDeposit,Michael Rodriguez,India,Branch
TXN002314,ACCT00229,2025-09-07 00:00:00,210.22,USD,ACH,Susan Robinson,UAE,Wire
TXN002315,ACCT00199,2025-09-07 00:00:00,1562.4,USD,CashDeposit,Ahmed Williams,Netherlands,Wire
TXN002316,ACCT00225,2025-09-07 00:00:00,535.69,USD,ACH,Emma Perez,India,Online
TXN002317,ACCT00039,2025-09-07 00:00:00,654.31,USD,Deposit,Horizon Trading,North Korea,Wire
TXN002318,ACCT00155,2025-09-07 00:00:00,4800.33,USD,WireTransfer,Pacific Trading,Ireland,Branch
TXN002319,ACCT00051,2025-09-07 00:00:00,405.1,USD,ACH,Camila Hernandez,Singapore,Branch
TXN002320,ACCT00063,2025-09-07 00:00:00,236.29,USD,Withdrawal,Wei Lewis,Singapore,ATM
TXN002321,ACCT00209,2025-09-07 00:00:00,528.2,USD,WireTransfer,Prime Holdings,Switzerland,Branch
TXN002322,ACCT00093,2025-09-07 00:00:00,1037.53,USD,Deposit,Mateo Nguyen,Switzerland,Wire
TXN002323,ACCT00165,2025-09-07 00:00:00,528.27,USD,ACH,Nova Ventures,United Kingdom,Online
TXN002324,ACCT00291,2025-09-07 00:00:00,164.71,USD,Deposit,Fatima Clark,Australia,Branch
TXN002325,ACCT00005,2025-09-07 12:00:00,9616.73,USD,CashDeposit,Barbara Torres,Syria,Branch
TXN002326,ACCT00167,2025-09-08 00:00:00,1508.36,USD,CashDeposit,Silver Ventures,Switzerland,Wire
TXN002327,ACCT00244,2025-09-08 00:00:00,506.39,USD,WireTransfer,Union Enterprises,United States,Wire
TXN002328,ACCT00092,2025-09-08 00:00:00,1303.99,USD,ACH,Mary Miller,Switzerland,Online
TXN002329,ACCT00067,2025-09-08 00:00:00,1977.65,USD,ACH,Wei Thompson,United States,Online
TXN002330,ACCT00134,2025-09-08 00:00:00,1114.52,USD,CashDeposit,David Lee,Ireland,Wire
TXN002331,ACCT00214,2025-09-08 00:00:00,1401.09,USD,CashDeposit,Michael Harris,United States,Wire
TXN002332,ACCT00129,2025-09-08 00:00:00,425.0,USD,Deposit,Linda Lopez,Ireland,Branch
TXN002333,ACCT00129,2025-09-08 00:00:00,890.57,USD,CashDeposit,Lucas Walker,United States,Online
TXN002334,ACCT00210,2025-09-08 00:00:00,370.7,USD,WireTransfer,Karen Taylor,United States,Online
TXN002335,ACCT00178,2025-09-08 00:00:00,574.74,USD,ACH,Fatima Taylor,United States,ATM
TXN002336,ACCT00107,2025-09-08 00:00:00,921.31,USD,Deposit,Robert Clark,Singapore,Branch
TXN002337,ACCT00269,2025-09-08 00:00:00,2196.44,USD,Withdrawal,Global Group,Singapore,Wire
TXN002338,ACCT00005,2025-09-08 16:00:00,9750.51,USD,CashDeposit,Thomas Rodriguez,India,Branch
TXN002339,ACCT00204,2025-09-09 00:00:00,898.84,USD,Withdrawal,Noah Hill,United States,Wire
TXN002340,ACCT00046,2025-09-09 00:00:00,411.52,USD,CashDeposit,Arjun Wright,Canada,ATM
TXN002341,ACCT00216,2025-09-09 00:00:00,1447.23,USD,Deposit,Nova Capital,UAE,ATM
TXN002342,ACCT00012,2025-09-09 00:00:00,512.48,USD,CashDeposit,Olga White,Afghanistan,Online
TXN002343,ACCT00228,2025-09-09 00:00:00,774.24,USD,ACH,Silver Capital,Japan,Wire
TXN002344,ACCT00031,2025-09-09 00:00:00,537.39,USD,Withdrawal,Summit Freight,Venezuela,Branch
TXN002345,ACCT00005,2025-09-09 00:00:00,9400.79,USD,CashDeposit,Pacific Holdings,Switzerland,Branch
TXN002346,ACCT00122,2025-09-09 00:00:00,348.78,USD,Deposit,Elizabeth Wilson,United States,Online
TXN002347,ACCT00317,2025-09-09 00:00:00,214.67,USD,Deposit,Mary Ramirez,France,Wire
TXN002348,ACCT00127,2025-09-09 00:00:00,605.81,USD,Deposit,Falcon Partners,Spain,ATM
TXN002349,ACCT00093,2025-09-09 00:00:00,1198.2,USD,CashDeposit,Mateo Scott,Singapore,ATM
TXN002350,ACCT00068,2025-09-09 00:00:00,516.62,USD,ACH,Global Exchange,United Kingdom,Online
TXN002351,ACCT00314,2025-09-09 00:00:00,798.34,USD,CashDeposit,Priya Nguyen,France,Branch
TXN002352,ACCT00097,2025-09-09 00:00:00,324.79,USD,CashDeposit,Arjun Scott,UAE,ATM
TXN002353,ACCT00209,2025-09-09 00:00:00,287.56,USD,CashDeposit,Fatima Jones,Australia,ATM
TXN002354,ACCT00192,2025-09-10 00:00:00,2783.23,USD,CashDeposit,Sunrise Logistics,United Kingdom,Online
TXN002355,ACCT00012,2025-09-10 00:00:00,528.54,USD,Withdrawal,Noah Jones,Afghanistan,Branch
TXN002356,ACCT00263,2025-09-10 00:00:00,184.09,USD,WireTransfer,Sarah Scott,UAE,ATM
TXN002357,ACCT00059,2025-09-10 00:00:00,195.24,USD,CashDeposit,Anchor Group,India,ATM
TXN002358,ACCT00287,2025-09-10 00:00:00,1280.46,USD,Withdrawal,Nova Exchange,Australia,Wire
TXN002359,ACCT00110,2025-09-10 00:00:00,1111.99,USD,Withdrawal,Ethan Nguyen,Switzerland,Online
TXN002360,ACCT00139,2025-09-10 00:00:00,864.85,USD,CashDeposit,Delta Exchange,Japan,Online
TXN002361,ACCT00212,2025-09-10 00:00:00,82.76,USD,WireTransfer,Diego Garcia,Netherlands,Branch
TXN002362,ACCT00103,2025-09-11 00:00:00,242.32,USD,CashDeposit,Emma King,United States,ATM
TXN002363,ACCT00274,2025-09-11 00:00:00,1207.66,USD,Withdrawal,Diego Lee,Canada,ATM
TXN002364,ACCT00199,2025-09-11 00:00:00,3146.86,USD,Withdrawal,Anchor Traders,Switzerland,Wire
TXN002365,ACCT00024,2025-09-11 00:00:00,242.96,USD,WireTransfer,David Nguyen,Australia,ATM
TXN002366,ACCT00100,2025-09-11 00:00:00,290.94,USD,Deposit,Sofia Young,Australia,Wire
TXN002367,ACCT00319,2025-09-11 00:00:00,872.28,USD,Withdrawal,Summit Ventures,Canada,Online
TXN002368,ACCT00136,2025-09-11 00:00:00,510.55,USD,CashDeposit,Liam Harris,United Kingdom,Branch
TXN002369,ACCT00007,2025-09-11 00:00:00,928.59,USD,Deposit,Ava Lee,Switzerland,ATM
TXN002370,ACCT00147,2025-09-11 00:00:00,933.38,USD,WireTransfer,Anchor Trading,Japan,Online
TXN002371,ACCT00085,2025-09-11 00:00:00,251.37,USD,Withdrawal,Sven Wilson,Singapore,Branch
TXN002372,ACCT00206,2025-09-11 00:00:00,3785.19,USD,Withdrawal,Susan Davis,United States,Branch
TXN002373,ACCT00156,2025-09-11 00:00:00,2288.8,USD,Withdrawal,Elizabeth Martin,Switzerland,Online
TXN002374,ACCT00139,2025-09-11 00:00:00,413.14,USD,ACH,Ethan Perez,UAE,Wire
TXN002375,ACCT00226,2025-09-11 00:00:00,2408.11,USD,ACH,Richard Moore,Singapore,ATM
TXN002376,ACCT00133,2025-09-12 00:00:00,2066.83,USD,CashDeposit,Atlas Traders,Japan,Branch
TXN002377,ACCT00153,2025-09-12 00:00:00,137.06,USD,Deposit,Diego White,Netherlands,Online
TXN002378,ACCT00082,2025-09-12 00:00:00,198.4,USD,CashDeposit,Diego Perez,Canada,Online
TXN002379,ACCT00072,2025-09-12 00:00:00,1253.6,USD,Withdrawal,Karen Wilson,India,ATM
TXN002380,ACCT00290,2025-09-12 00:00:00,3323.52,USD,WireTransfer,Jessica White,UAE,Online
TXN002381,ACCT00083,2025-09-12 00:00:00,2187.79,USD,Withdrawal,Patricia White,Switzerland,Online
TXN002382,ACCT00264,2025-09-13 00:00:00,1293.27,USD,Withdrawal,Camila Jackson,India,Wire
TXN002383,ACCT00078,2025-09-13 00:00:00,484.73,USD,Withdrawal,Lucas White,Japan,ATM
TXN002384,ACCT00231,2025-09-13 00:00:00,732.77,USD,ACH,Thomas Miller,Netherlands,Branch
TXN002385,ACCT00251,2025-09-13 00:00:00,494.7,USD,Withdrawal,Richard Wright,Japan,Online
TXN002386,ACCT00114,2025-09-13 00:00:00,2627.16,USD,CashDeposit,Fatima Wright,United Kingdom,Wire
TXN002387,ACCT00144,2025-09-13 00:00:00,322.64,USD,WireTransfer,Sven Taylor,Ireland,Branch
TXN002388,ACCT00001,2025-09-13 00:00:00,1259.65,USD,WireTransfer,Jessica Wilson,Venezuela,Wire
TXN002389,ACCT00170,2025-09-13 00:00:00,251.33,USD,WireTransfer,Noah King,Australia,Online
TXN002390,ACCT00305,2025-09-13 00:00:00,829.49,USD,ACH,Falcon Holdings,United States,ATM
TXN002391,ACCT00179,2025-09-14 00:00:00,1835.79,USD,Deposit,Sarah Smith,United Kingdom,Wire
TXN002392,ACCT00299,2025-09-14 00:00:00,185.96,USD,ACH,Susan Nguyen,Netherlands,Online
TXN002393,ACCT00036,2025-09-14 00:00:00,81793.6,USD,WireTransfer,Pacific Partners,Afghanistan,Wire
TXN002394,ACCT00305,2025-09-15 00:00:00,2769.97,USD,ACH,Jessica Lee,Switzerland,Wire
TXN002395,ACCT00007,2025-09-15 00:00:00,714.49,USD,WireTransfer,Lucas Flores,UAE,Online
TXN002396,ACCT00328,2025-09-15 00:00:00,481.03,USD,Withdrawal,Mia Clark,Singapore,Branch
TXN002397,ACCT00028,2025-09-15 00:00:00,30000.0,USD,WireTransfer,Richard Scott,UAE,Branch
TXN002398,ACCT00136,2025-09-15 00:00:00,192.62,USD,CashDeposit,Charles Moore,France,ATM
TXN002399,ACCT00142,2025-09-15 00:00:00,459.16,USD,Withdrawal,Noah Hill,Netherlands,Branch
TXN002400,ACCT00140,2025-09-15 00:00:00,810.23,USD,Withdrawal,Yuki Torres,Japan,Branch
TXN002401,ACCT00124,2025-09-15 00:00:00,432.61,USD,Deposit,Barbara Gonzalez,Netherlands,Wire
TXN002402,ACCT00050,2025-09-15 00:00:00,655.7,USD,Deposit,Chloe Hernandez,Spain,Online
TXN002403,ACCT00038,2025-09-15 00:00:00,1065.73,USD,CashDeposit,Silver Enterprises,Iran,ATM
TXN002404,ACCT00066,2025-09-15 00:00:00,1169.58,USD,Withdrawal,Olga Lewis,United States,Online
TXN002405,ACCT00136,2025-09-15 00:00:00,1524.58,USD,Deposit,Sunrise Ventures,Netherlands,Online
TXN002406,ACCT00155,2025-09-15 00:00:00,738.3,USD,CashDeposit,Elizabeth Gonzalez,Canada,Online
TXN002407,ACCT00328,2025-09-16 00:00:00,5420.48,USD,ACH,Global Traders,United States,Branch
TXN002408,ACCT00308,2025-09-16 00:00:00,249.53,USD,WireTransfer,Charles Robinson,Japan,Branch
TXN002409,ACCT00146,2025-09-16 00:00:00,3538.59,USD,Deposit,Thomas Torres,Spain,Wire
TXN002410,ACCT00222,2025-09-16 00:00:00,622.68,USD,Deposit,Karen Thomas,United Kingdom,Wire
TXN002411,ACCT00283,2025-09-16 00:00:00,5125.98,USD,CashDeposit,Charles Anderson,Singapore,ATM
TXN002412,ACCT00045,2025-09-16 00:00:00,681.74,USD,ACH,Jessica Moore,Netherlands,Wire
TXN002413,ACCT00005,2025-09-16 00:00:00,91713.88,USD,WireTransfer,Silver Imports,Afghanistan,Wire
TXN002414,ACCT00314,2025-09-16 00:00:00,458.85,USD,CashDeposit,James Lee,Ireland,Branch
TXN002415,ACCT00045,2025-09-16 00:00:00,667.42,USD,Withdrawal,Patricia Torres,United States,Wire
TXN002416,ACCT00107,2025-09-16 00:00:00,1045.63,USD,Withdrawal,Liam Wright,UAE,Wire
TXN002417,ACCT00164,2025-09-16 00:00:00,384.41,USD,Withdrawal,Richard Lopez,Switzerland,Wire
TXN002418,ACCT00277,2025-09-16 00:00:00,866.77,USD,WireTransfer,Barbara Moore,Spain,Branch
TXN002419,ACCT00021,2025-09-16 00:00:00,34917.49,USD,CashDeposit,John Scott,Venezuela,Branch
TXN002420,ACCT00085,2025-09-16 00:00:00,749.63,USD,Deposit,Michael Lewis,Singapore,Wire
TXN002421,ACCT00302,2025-09-16 00:00:00,537.76,USD,Deposit,Robert Hill,United Kingdom,Online
TXN002422,ACCT00125,2025-09-16 00:00:00,1001.5,USD,Deposit,Karen Torres,India,Online
TXN002423,ACCT00317,2025-09-17 00:00:00,611.05,USD,ACH,Wei King,Singapore,Online
TXN002424,ACCT00122,2025-09-17 00:00:00,409.26,USD,Deposit,William Gonzalez,UAE,Wire
TXN002425,ACCT00167,2025-09-17 00:00:00,3096.2,USD,Withdrawal,Arjun Taylor,United States,Wire
TXN002426,ACCT00160,2025-09-17 00:00:00,1135.13,USD,Withdrawal,Joseph Johnson,Japan,ATM
TXN002427,ACCT00168,2025-09-17 00:00:00,12513.35,USD,WireTransfer,Jessica Green,Syria,Branch
TXN002428,ACCT00302,2025-09-17 00:00:00,136.9,USD,Withdrawal,Atlas Enterprises,India,Online
TXN002429,ACCT00275,2025-09-17 00:00:00,772.29,USD,CashDeposit,Summit Capital,Japan,Branch
TXN002430,ACCT00072,2025-09-17 00:00:00,495.24,USD,CashDeposit,Crown Capital,Ireland,ATM
TXN002431,ACCT00223,2025-09-17 00:00:00,1025.96,USD,ACH,Silver Traders,Singapore,Branch
TXN002432,ACCT00164,2025-09-18 00:00:00,171.97,USD,CashDeposit,Mia Williams,Germany,ATM
TXN002433,ACCT00100,2025-09-18 00:00:00,1658.36,USD,WireTransfer,James Wright,Netherlands,Online
TXN002434,ACCT00317,2025-09-18 00:00:00,361.41,USD,ACH,Wei Davis,Spain,ATM
TXN002435,ACCT00235,2025-09-18 00:00:00,306.42,USD,WireTransfer,Olga Clark,Switzerland,ATM
TXN002436,ACCT00225,2025-09-18 00:00:00,868.42,USD,ACH,Charles Young,Germany,Online
TXN002437,ACCT00013,2025-09-18 00:00:00,18040.2,USD,CashDeposit,Noah Nguyen,Venezuela,Branch
TXN002438,ACCT00307,2025-09-18 00:00:00,627.18,USD,Withdrawal,Ethan Jones,United Kingdom,ATM
TXN002439,ACCT00026,2025-09-18 00:00:00,1126.58,USD,Deposit,Pacific Capital,United States,Branch
TXN002440,ACCT00028,2025-09-18 00:00:00,10000.0,USD,CashDeposit,William White,Syria,Branch
TXN002441,ACCT00216,2025-09-18 00:00:00,1060.69,USD,Withdrawal,Global Freight,Germany,Wire
TXN002442,ACCT00092,2025-09-19 00:00:00,2415.72,USD,WireTransfer,Linda Taylor,Ireland,Online
TXN002443,ACCT00257,2025-09-19 00:00:00,2641.66,USD,Deposit,Global Imports,Japan,Branch
TXN002444,ACCT00135,2025-09-19 00:00:00,338.6,USD,ACH,Horizon Ventures,France,Branch
TXN002445,ACCT00215,2025-09-19 00:00:00,33.41,USD,WireTransfer,Sven Torres,United States,Wire
TXN002446,ACCT00046,2025-09-19 00:00:00,1000.76,USD,WireTransfer,Arjun Torres,Japan,Branch
TXN002447,ACCT00157,2025-09-19 00:00:00,408.61,USD,CashDeposit,Charles Miller,India,Online
TXN002448,ACCT00327,2025-09-19 00:00:00,379.65,USD,WireTransfer,David Thomas,France,Wire
TXN002449,ACCT00109,2025-09-19 00:00:00,995.98,USD,WireTransfer,Lucas Jones,United Kingdom,Branch
TXN002450,ACCT00279,2025-09-19 00:00:00,158.24,USD,Deposit,Sofia Rodriguez,France,Wire
TXN002451,ACCT00198,2025-09-19 00:00:00,164.14,USD,Withdrawal,Mary Gonzalez,Spain,Online
TXN002452,ACCT00149,2025-09-20 00:00:00,1553.96,USD,ACH,Crown Traders,France,Online
TXN002453,ACCT00237,2025-09-20 00:00:00,3634.01,USD,CashDeposit,Barbara Clark,France,Wire
TXN002454,ACCT00291,2025-09-20 00:00:00,321.03,USD,Deposit,Chloe Miller,Netherlands,Wire
TXN002455,ACCT00251,2025-09-20 00:00:00,186.72,USD,CashDeposit,Prime Capital,Ireland,Branch
TXN002456,ACCT00090,2025-09-20 00:00:00,1086.78,USD,CashDeposit,Silver Trading,India,Branch
TXN002457,ACCT00257,2025-09-21 00:00:00,3069.58,USD,Withdrawal,Atlas Partners,Japan,ATM
TXN002458,ACCT00306,2025-09-21 00:00:00,373.92,USD,Withdrawal,Patricia Anderson,UAE,Branch
TXN002459,ACCT00277,2025-09-21 00:00:00,623.48,USD,Withdrawal,Metro Traders,United Kingdom,ATM
TXN002460,ACCT00050,2025-09-21 00:00:00,135.45,USD,Withdrawal,Falcon Freight,United Kingdom,Wire
TXN002461,ACCT00023,2025-09-21 00:00:00,856.42,USD,WireTransfer,James Garcia,Libya,ATM
TXN002462,ACCT00096,2025-09-21 00:00:00,383.04,USD,ACH,Ava Lopez,United States,Online
TXN002463,ACCT00279,2025-09-21 00:00:00,578.03,USD,Deposit,Global Holdings,United Kingdom,Online
TXN002464,ACCT00112,2025-09-22 00:00:00,1392.44,USD,WireTransfer,Falcon Traders,Canada,Online
TXN002465,ACCT00209,2025-09-22 00:00:00,2248.37,USD,ACH,Atlas Exchange,India,Online
TXN002466,ACCT00098,2025-09-22 00:00:00,4379.05,USD,Withdrawal,Camila Walker,Ireland,Wire
TXN002467,ACCT00051,2025-09-22 00:00:00,7881.55,USD,WireTransfer,Wei Thompson,Germany,Wire
TXN002468,ACCT00105,2025-09-22 00:00:00,1667.75,USD,Deposit,William Ramirez,Australia,Branch
TXN002469,ACCT00054,2025-09-22 00:00:00,1599.37,USD,ACH,Charles Garcia,UAE,Branch
TXN002470,ACCT00274,2025-09-22 00:00:00,1399.94,USD,Withdrawal,Mateo Williams,Netherlands,ATM
TXN002471,ACCT00079,2025-09-22 00:00:00,805.97,USD,Deposit,John Scott,Germany,Branch
TXN002472,ACCT00106,2025-09-22 00:00:00,5231.87,USD,CashDeposit,Yuki Miller,Spain,Online
TXN002473,ACCT00032,2025-09-22 00:00:00,697.16,USD,WireTransfer,Delta Group,Syria,Branch
TXN002474,ACCT00322,2025-09-22 00:00:00,453.85,USD,CashDeposit,Union Trading,Canada,Branch
TXN002475,ACCT00060,2025-09-22 00:00:00,2644.11,USD,CashDeposit,Thomas Torres,Ireland,ATM
TXN002476,ACCT00105,2025-09-22 00:00:00,157.86,USD,WireTransfer,Global Traders,India,Branch
TXN002477,ACCT00276,2025-09-22 00:00:00,2192.36,USD,ACH,Mateo Smith,United States,Branch
TXN002478,ACCT00024,2025-09-23 00:00:00,115.23,USD,ACH,Diego Rodriguez,Yemen,Branch
TXN002479,ACCT00190,2025-09-23 00:00:00,912.47,USD,Withdrawal,Linda Hernandez,Australia,Online
TXN002480,ACCT00308,2025-09-23 00:00:00,223.78,USD,WireTransfer,Mateo Scott,Japan,Online
TXN002481,ACCT00265,2025-09-23 00:00:00,633.91,USD,Deposit,Wei Walker,United Kingdom,Wire
TXN002482,ACCT00114,2025-09-23 00:00:00,3428.8,USD,WireTransfer,Metro Partners,Netherlands,Online
TXN002483,ACCT00305,2025-09-24 00:00:00,924.2,USD,WireTransfer,Olga Martin,Switzerland,Wire
TXN002484,ACCT00144,2025-09-24 00:00:00,750.51,USD,Deposit,Camila Hill,Spain,Wire
TXN002485,ACCT00255,2025-09-24 00:00:00,1308.24,USD,Withdrawal,Charles Smith,Spain,Branch
TXN002486,ACCT00072,2025-09-24 00:00:00,288.49,USD,WireTransfer,Susan Nguyen,Singapore,ATM
TXN002487,ACCT00121,2025-09-24 00:00:00,974.12,USD,ACH,Summit Traders,Ireland,ATM
TXN002488,ACCT00061,2025-09-24 00:00:00,459.15,USD,ACH,Global Logistics,United Kingdom,Wire
TXN002489,ACCT00038,2025-09-24 00:00:00,382.9,USD,CashDeposit,Emma Thompson,Syria,ATM
TXN002490,ACCT00182,2025-09-24 00:00:00,607.82,USD,ACH,Thomas Scott,Canada,Wire
TXN002491,ACCT00155,2025-09-24 00:00:00,1321.23,USD,WireTransfer,Lucas Thompson,Japan,Branch
TXN002492,ACCT00042,2025-09-25 00:00:00,770.25,USD,WireTransfer,Sven Miller,Syria,Branch
TXN002493,ACCT00073,2025-09-25 00:00:00,6066.41,USD,Deposit,Ethan Garcia,France,Branch
TXN002494,ACCT00187,2025-09-25 00:00:00,1345.48,USD,WireTransfer,Falcon Partners,Germany,Branch
TXN002495,ACCT00031,2025-09-25 00:00:00,1004.83,USD,ACH,Mia Miller,Syria,Branch
TXN002496,ACCT00031,2025-09-25 00:00:00,1097.77,USD,ACH,Jennifer Sanchez,Myanmar,Wire
TXN002497,ACCT00325,2025-09-25 00:00:00,3638.9,USD,Withdrawal,Delta Traders,Canada,Wire
TXN002498,ACCT00323,2025-09-26 00:00:00,43704.1,USD,CashDeposit,Yuki Flores,Iran,Branch
TXN002499,ACCT00249,2025-09-26 00:00:00,644.51,USD,CashDeposit,Metro Logistics,France,Branch
TXN002500,ACCT00144,2025-09-26 00:00:00,1139.18,USD,Withdrawal,Jennifer Ramirez,United Kingdom,ATM
TXN002501,ACCT00080,2025-09-26 00:00:00,917.54,USD,Deposit,Silver Ventures,Australia,Wire
TXN002502,ACCT00186,2025-09-26 00:00:00,1276.05,USD,ACH,James Jones,India,Online
TXN002503,ACCT00227,2025-09-26 00:00:00,2876.86,USD,WireTransfer,Chloe Harris,United States,ATM
TXN002504,ACCT00072,2025-09-26 00:00:00,1006.06,USD,WireTransfer,Robert Gonzalez,Canada,Online
TXN002505,ACCT00263,2025-09-26 00:00:00,607.04,USD,ACH,David Walker,Netherlands,Branch
TXN002506,ACCT00214,2025-09-26 00:00:00,3223.16,USD,CashDeposit,Diego Smith,Germany,ATM
TXN002507,ACCT00328,2025-09-26 00:00:00,223.16,USD,WireTransfer,John Wilson,United States,ATM
TXN002508,ACCT00135,2025-09-26 00:00:00,315.8,USD,WireTransfer,Noah Brown,Germany,Online
TXN002509,ACCT00061,2025-09-26 00:00:00,2123.51,USD,CashDeposit,Joseph Garcia,Australia,ATM
TXN002510,ACCT00068,2025-09-26 00:00:00,143.62,USD,Withdrawal,Nova Partners,Ireland,Wire
TXN002511,ACCT00231,2025-09-27 00:00:00,338.1,USD,Withdrawal,Jessica Anderson,Ireland,ATM
TXN002512,ACCT00030,2025-09-27 00:00:00,177.8,USD,ACH,Priya Lopez,Myanmar,Branch
TXN002513,ACCT00130,2025-09-27 00:00:00,286.36,USD,WireTransfer,Lucas Jackson,Canada,Wire
TXN002514,ACCT00114,2025-09-27 00:00:00,844.18,USD,CashDeposit,Sunrise Logistics,UAE,Wire
TXN002515,ACCT00320,2025-09-27 00:00:00,344.54,USD,WireTransfer,Metro Traders,India,ATM
TXN002516,ACCT00139,2025-09-27 00:00:00,807.21,USD,CashDeposit,Horizon Trading,UAE,Online
TXN002517,ACCT00252,2025-09-27 00:00:00,2407.88,USD,ACH,Atlas Imports,Singapore,Branch
TXN002518,ACCT00150,2025-09-28 00:00:00,678.0,USD,Withdrawal,Sarah Lee,Switzerland,Wire
TXN002519,ACCT00254,2025-09-28 00:00:00,523.55,USD,ACH,Pacific Freight,Australia,Online
TXN002520,ACCT00255,2025-09-28 00:00:00,1668.54,USD,WireTransfer,Summit Imports,Ireland,ATM
TXN002521,ACCT00280,2025-09-28 00:00:00,357.08,USD,Withdrawal,Lucas Davis,Singapore,Wire
TXN002522,ACCT00064,2025-09-28 00:00:00,1945.14,USD,Deposit,Susan Wright,Spain,Branch
TXN002523,ACCT00149,2025-09-28 00:00:00,3082.31,USD,Deposit,Pacific Holdings,Switzerland,ATM
TXN002524,ACCT00207,2025-09-28 00:00:00,505.73,USD,WireTransfer,Arjun Brown,United Kingdom,Online
TXN002525,ACCT00313,2025-09-28 00:00:00,9000.0,USD,WireTransfer,Sarah Wilson,Australia,ATM
TXN002526,ACCT00307,2025-09-28 00:00:00,401.41,USD,ACH,Mary Sanchez,UAE,ATM
TXN002527,ACCT00267,2025-09-28 00:00:00,3276.21,USD,ACH,Susan Williams,Germany,Online
TXN002528,ACCT00047,2025-09-29 00:00:00,121.39,USD,ACH,Camila Thomas,Canada,Branch
TXN002529,ACCT00305,2025-09-29 00:00:00,242.2,USD,WireTransfer,Ahmed Martin,Singapore,ATM
TXN002530,ACCT00238,2025-09-29 00:00:00,1124.61,USD,ACH,Robert Robinson,Japan,Online
TXN002531,ACCT00293,2025-09-29 00:00:00,767.43,USD,WireTransfer,Jennifer White,United Kingdom,Online
TXN002532,ACCT00151,2025-09-29 00:00:00,664.67,USD,ACH,Metro Holdings,France,ATM
TXN002533,ACCT00327,2025-09-29 00:00:00,1360.86,USD,Withdrawal,Crown Exchange,Germany,Wire
TXN002534,ACCT00315,2025-09-29 00:00:00,716.18,USD,ACH,David Lewis,Japan,Online
TXN002535,ACCT00166,2025-09-29 00:00:00,506.92,USD,Withdrawal,Silver Freight,Spain,ATM
TXN002536,ACCT00224,2025-09-29 00:00:00,647.53,USD,Deposit,Nova Imports,Ireland,ATM
TXN002537,ACCT00151,2025-09-29 00:00:00,423.23,USD,CashDeposit,Patricia Thomas,Singapore,Wire
TXN002538,ACCT00187,2025-09-29 00:00:00,810.21,USD,ACH,Chloe Wilson,Switzerland,Branch
TXN002539,ACCT00123,2025-09-30 00:00:00,3247.52,USD,ACH,Jennifer Miller,UAE,ATM
TXN002540,ACCT00225,2025-09-30 00:00:00,354.15,USD,CashDeposit,Sarah Jackson,France,Branch
TXN002541,ACCT00073,2025-09-30 00:00:00,608.94,USD,WireTransfer,Sunrise Logistics,Switzerland,Wire
TXN002542,ACCT00200,2025-09-30 00:00:00,311.6,USD,WireTransfer,Michael Jackson,United Kingdom,Wire
TXN002543,ACCT00245,2025-09-30 00:00:00,1875.53,USD,WireTransfer,Sofia Johnson,Germany,Wire
TXN002544,ACCT00198,2025-09-30 00:00:00,1612.0,USD,WireTransfer,Ava Hernandez,UAE,Online
TXN002545,ACCT00182,2025-09-30 00:00:00,2308.83,USD,WireTransfer,Nova Holdings,Switzerland,Wire
TXN002546,ACCT00077,2025-09-30 00:00:00,629.06,USD,WireTransfer,Richard Wilson,Netherlands,Wire
TXN002547,ACCT00111,2025-09-30 00:00:00,582.52,USD,ACH,Priya Garcia,United States,ATM
TXN002548,ACCT00269,2025-09-30 00:00:00,493.99,USD,CashDeposit,Diego Flores,India,ATM
TXN002549,ACCT00115,2025-10-01 00:00:00,432.98,USD,ACH,Falcon Enterprises,India,Online
TXN002550,ACCT00047,2025-10-01 00:00:00,1785.24,USD,Deposit,Susan Ramirez,Germany,Branch
TXN002551,ACCT00160,2025-10-01 00:00:00,245.17,USD,CashDeposit,Chloe King,Spain,Online
TXN002552,ACCT00048,2025-10-01 00:00:00,194.95,USD,Deposit,Robert Jones,Ireland,Branch
TXN002553,ACCT00273,2025-10-01 00:00:00,168.53,USD,ACH,Union Logistics,Netherlands,Online
TXN002554,ACCT00059,2025-10-02 00:00:00,514.21,USD,Deposit,Union Freight,Germany,ATM
TXN002555,ACCT00047,2025-10-02 00:00:00,1383.16,USD,ACH,Atlas Freight,Australia,Branch
TXN002556,ACCT00302,2025-10-02 00:00:00,2159.31,USD,ACH,Elizabeth Perez,Ireland,Online
TXN002557,ACCT00052,2025-10-02 00:00:00,38786.86,USD,WireTransfer,John Robinson,Ireland,Branch
TXN002558,ACCT00201,2025-10-02 00:00:00,546.5,USD,WireTransfer,Joseph Thompson,Ireland,Branch
TXN002559,ACCT00254,2025-10-02 00:00:00,1108.61,USD,WireTransfer,Jessica Martinez,Switzerland,Wire
TXN002560,ACCT00289,2025-10-02 00:00:00,2293.09,USD,Withdrawal,Elizabeth Brown,United Kingdom,Online
TXN002561,ACCT00001,2025-10-02 00:00:00,622.61,USD,Deposit,Olga White,Afghanistan,Branch
TXN002562,ACCT00240,2025-10-02 00:00:00,1759.87,USD,CashDeposit,Karen Flores,United States,Wire
TXN002563,ACCT00328,2025-10-02 00:00:00,904.52,USD,Deposit,Anchor Trading,Japan,Wire
TXN002564,ACCT00095,2025-10-02 00:00:00,446.02,USD,Withdrawal,Falcon Exchange,France,ATM
TXN002565,ACCT00311,2025-10-02 00:00:00,62.97,USD,CashDeposit,Arjun Lee,Netherlands,Online
TXN002566,ACCT00150,2025-10-03 00:00:00,170.17,USD,Deposit,Robert Davis,France,Branch
TXN002567,ACCT00165,2025-10-03 00:00:00,1872.91,USD,Withdrawal,Mary White,India,Branch
TXN002568,ACCT00069,2025-10-03 00:00:00,41121.98,USD,CashDeposit,Liam Garcia,Syria,Branch
TXN002569,ACCT00023,2025-10-03 00:00:00,528.89,USD,Withdrawal,Silver Group,France,ATM
TXN002570,ACCT00171,2025-10-03 00:00:00,1045.79,USD,ACH,Pacific Partners,Canada,ATM
TXN002571,ACCT00050,2025-10-03 00:00:00,967.75,USD,Withdrawal,John Jones,UAE,ATM
TXN002572,ACCT00066,2025-10-03 00:00:00,185.3,USD,Withdrawal,Thomas Torres,Singapore,Online
TXN002573,ACCT00277,2025-10-03 00:00:00,448.75,USD,ACH,Pacific Capital,Spain,Online
TXN002574,ACCT00164,2025-10-03 00:00:00,2288.87,USD,Withdrawal,David Flores,Switzerland,Wire
TXN002575,ACCT00019,2025-10-03 00:00:00,25000.0,USD,WireTransfer,Sarah Moore,Syria,Branch
TXN002576,ACCT00271,2025-10-04 00:00:00,2093.18,USD,Withdrawal,William Johnson,Canada,Branch
TXN002577,ACCT00055,2025-10-04 00:00:00,4014.57,USD,Deposit,Robert Wright,Singapore,Wire
TXN002578,ACCT00106,2025-10-04 00:00:00,285.33,USD,WireTransfer,Karen Wright,Canada,Online
TXN002579,ACCT00031,2025-10-04 00:00:00,1039.65,USD,WireTransfer,Falcon Group,North Korea,ATM
TXN002580,ACCT00107,2025-10-04 00:00:00,787.18,USD,Deposit,Prime Logistics,UAE,Wire
TXN002581,ACCT00320,2025-10-04 00:00:00,1422.15,USD,WireTransfer,Prime Holdings,Japan,Branch
TXN002582,ACCT00201,2025-10-04 00:00:00,1048.11,USD,WireTransfer,Summit Traders,UAE,Branch
TXN002583,ACCT00265,2025-10-04 00:00:00,1096.9,USD,Withdrawal,Sarah Clark,Singapore,ATM
TXN002584,ACCT00300,2025-10-05 00:00:00,4593.78,USD,CashDeposit,Charles Lopez,United States,ATM
TXN002585,ACCT00119,2025-10-05 00:00:00,77.34,USD,ACH,Prime Capital,Canada,Wire
TXN002586,ACCT00064,2025-10-05 00:00:00,581.97,USD,WireTransfer,Liam Harris,United States,Wire
TXN002587,ACCT00172,2025-10-05 00:00:00,3684.67,USD,Withdrawal,Delta Imports,Netherlands,Branch
TXN002588,ACCT00073,2025-10-05 00:00:00,297.77,USD,WireTransfer,Delta Ventures,France,ATM
TXN002589,ACCT00085,2025-10-05 00:00:00,274.57,USD,CashDeposit,Chloe Perez,Ireland,Online
TXN002590,ACCT00258,2025-10-06 00:00:00,1184.17,USD,ACH,Mateo Lopez,Japan,Wire
TXN002591,ACCT00003,2025-10-06 00:00:00,3229.67,USD,ACH,Charles Williams,Ireland,Wire
TXN002592,ACCT00220,2025-10-06 00:00:00,1214.54,USD,Deposit,Nova Group,Netherlands,Branch
TXN002593,ACCT00288,2025-10-06 00:00:00,446.89,USD,ACH,Barbara Garcia,Spain,ATM
TXN002594,ACCT00114,2025-10-07 00:00:00,520.06,USD,Deposit,Prime Capital,Germany,ATM
TXN002595,ACCT00273,2025-10-07 00:00:00,1627.25,USD,Withdrawal,Joseph Moore,Singapore,Branch
TXN002596,ACCT00078,2025-10-07 00:00:00,161.79,USD,Withdrawal,Metro Exchange,India,Online
TXN002597,ACCT00274,2025-10-07 00:00:00,1013.89,USD,CashDeposit,Sofia Martinez,Spain,Branch
TXN002598,ACCT00285,2025-10-07 00:00:00,382.63,USD,ACH,Richard Hill,UAE,Branch
TXN002599,ACCT00240,2025-10-07 00:00:00,1076.84,USD,Withdrawal,Priya Thomas,Switzerland,Branch
TXN002600,ACCT00316,2025-10-07 00:00:00,475.61,USD,Deposit,James Taylor,India,Online
TXN002601,ACCT00157,2025-10-07 00:00:00,915.67,USD,WireTransfer,Linda Ramirez,Spain,Wire
TXN002602,ACCT00213,2025-10-07 00:00:00,376.22,USD,Withdrawal,Delta Capital,Netherlands,Online
TXN002603,ACCT00060,2025-10-08 00:00:00,640.01,USD,WireTransfer,Chloe Perez,France,Online
TXN002604,ACCT00285,2025-10-08 00:00:00,404.41,USD,WireTransfer,Ahmed Martin,Australia,Online
TXN002605,ACCT00285,2025-10-08 00:00:00,1811.34,USD,Withdrawal,Liam Gonzalez,France,ATM
TXN002606,ACCT00080,2025-10-08 00:00:00,869.04,USD,Deposit,Union Holdings,Spain,Branch
TXN002607,ACCT00127,2025-10-08 00:00:00,2270.42,USD,ACH,Wei Sanchez,Japan,ATM
TXN002608,ACCT00200,2025-10-08 00:00:00,542.14,USD,WireTransfer,Barbara Young,Ireland,Wire
TXN002609,ACCT00098,2025-10-08 00:00:00,254.82,USD,WireTransfer,Global Freight,UAE,Wire
TXN002610,ACCT00229,2025-10-09 00:00:00,2557.2,USD,CashDeposit,Ava Thompson,Singapore,Wire
TXN002611,ACCT00329,2025-10-09 00:00:00,810.72,USD,WireTransfer,Liam Williams,India,ATM
TXN002612,ACCT00274,2025-10-09 00:00:00,587.73,USD,ACH,Karen Garcia,Singapore,ATM
TXN002613,ACCT00293,2025-10-09 00:00:00,1555.59,USD,ACH,Sunrise Imports,Singapore,Branch
TXN002614,ACCT00254,2025-10-09 00:00:00,537.36,USD,CashDeposit,Atlas Freight,Japan,Online
TXN002615,ACCT00213,2025-10-09 00:00:00,2338.23,USD,WireTransfer,Emma Ramirez,Germany,Online
TXN002616,ACCT00072,2025-10-09 00:00:00,692.7,USD,Deposit,Delta Ventures,India,ATM
TXN002617,ACCT00254,2025-10-09 00:00:00,84.36,USD,Withdrawal,Crown Enterprises,Netherlands,Wire
TXN002618,ACCT00301,2025-10-10 00:00:00,2171.62,USD,WireTransfer,Ahmed Hill,Netherlands,Online
TXN002619,ACCT00161,2025-10-10 00:00:00,837.21,USD,ACH,David Ramirez,Japan,Branch
TXN002620,ACCT00130,2025-10-10 00:00:00,1261.16,USD,WireTransfer,Anchor Exchange,United States,Branch
TXN002621,ACCT00165,2025-10-10 00:00:00,1620.03,USD,CashDeposit,Robert Scott,United States,Online
TXN002622,ACCT00031,2025-10-10 00:00:00,761.27,USD,WireTransfer,Chloe Hill,Iran,ATM
TXN002623,ACCT00136,2025-10-10 00:00:00,706.22,USD,Deposit,Atlas Ventures,Germany,Online
TXN002624,ACCT00012,2025-10-11 00:00:00,1559.7,USD,Deposit,Union Holdings,United States,ATM
TXN002625,ACCT00311,2025-10-11 00:00:00,397.44,USD,WireTransfer,Karen Hernandez,United Kingdom,Online
TXN002626,ACCT00064,2025-10-11 00:00:00,1045.8,USD,Withdrawal,Silver Ventures,Singapore,Branch
TXN002627,ACCT00258,2025-10-11 00:00:00,3815.16,USD,Deposit,Mateo King,France,Branch
TXN002628,ACCT00133,2025-10-11 00:00:00,547.35,USD,ACH,David Walker,Japan,Branch
TXN002629,ACCT00317,2025-10-11 00:00:00,283.96,USD,CashDeposit,Union Ventures,Ireland,Branch
TXN002630,ACCT00049,2025-10-11 00:00:00,340.66,USD,CashDeposit,Falcon Partners,Canada,Online
TXN002631,ACCT00008,2025-10-11 00:00:00,306.8,USD,CashDeposit,Ahmed Nguyen,Myanmar,Wire
TXN002632,ACCT00065,2025-10-11 00:00:00,226.63,USD,CashDeposit,Horizon Logistics,Canada,Online
TXN002633,ACCT00108,2025-10-11 00:00:00,460.9,USD,ACH,Crown Imports,India,Branch
TXN002634,ACCT00083,2025-10-11 00:00:00,771.76,USD,Withdrawal,Robert Rodriguez,Germany,Wire
TXN002635,ACCT00214,2025-10-12 00:00:00,2430.55,USD,WireTransfer,Sunrise Capital,UAE,ATM
TXN002636,ACCT00009,2025-10-12 00:00:00,7500.0,USD,WireTransfer,Prime Group,Yemen,Branch
TXN002637,ACCT00150,2025-10-12 00:00:00,509.46,USD,WireTransfer,Silver Traders,Netherlands,Wire
TXN002638,ACCT00077,2025-10-12 00:00:00,3542.44,USD,Deposit,Olga Jones,United Kingdom,Wire
TXN002639,ACCT00170,2025-10-12 00:00:00,952.59,USD,Deposit,Ahmed Rodriguez,Japan,Branch
TXN002640,ACCT00100,2025-10-12 00:00:00,542.57,USD,ACH,Atlas Logistics,Germany,Branch
TXN002641,ACCT00287,2025-10-12 00:00:00,733.38,USD,ACH,Nova Holdings,Germany,ATM
TXN002642,ACCT00109,2025-10-12 00:00:00,269.43,USD,WireTransfer,Arjun Perez,Germany,Wire
TXN002643,ACCT00196,2025-10-12 00:00:00,38501.26,USD,CashDeposit,Priya Wright,Syria,Branch
TXN002644,ACCT00039,2025-10-13 00:00:00,391.17,USD,CashDeposit,Noah Young,Syria,Branch
TXN002645,ACCT00241,2025-10-13 00:00:00,303.54,USD,ACH,Richard Williams,Australia,Wire
TXN002646,ACCT00150,2025-10-13 00:00:00,1083.41,USD,Withdrawal,Pacific Trading,UAE,Online
TXN002647,ACCT00064,2025-10-13 00:00:00,346.99,USD,ACH,Chloe Moore,Ireland,ATM
TXN002648,ACCT00294,2025-10-13 00:00:00,148.56,USD,CashDeposit,Summit Enterprises,UAE,Online
TXN002649,ACCT00275,2025-10-13 00:00:00,1000.3,USD,CashDeposit,Patricia Lee,Japan,Wire
TXN002650,ACCT00263,2025-10-13 00:00:00,700.83,USD,WireTransfer,Priya Torres,United Kingdom,Wire
TXN002651,ACCT00268,2025-10-13 00:00:00,226.47,USD,ACH,Lucas Lee,Australia,Online
TXN002652,ACCT00033,2025-10-14 00:00:00,1316.36,USD,Withdrawal,Karen Clark,Germany,ATM
TXN002653,ACCT00172,2025-10-14 00:00:00,1495.69,USD,ACH,Noah Thompson,Ireland,Wire
TXN002654,ACCT00310,2025-10-14 00:00:00,3631.61,USD,ACH,Robert Harris,United Kingdom,ATM
TXN002655,ACCT00009,2025-10-14 00:00:00,41681.03,USD,WireTransfer,Diego Hill,Myanmar,Branch
TXN002656,ACCT00012,2025-10-14 00:00:00,65.32,USD,Withdrawal,Silver Ventures,United Kingdom,Online
TXN002657,ACCT00219,2025-10-14 00:00:00,1145.37,USD,ACH,Patricia Jackson,UAE,Online
TXN002658,ACCT00254,2025-10-14 00:00:00,2952.42,USD,Deposit,Sofia Walker,Netherlands,Wire
TXN002659,ACCT00283,2025-10-15 00:00:00,2328.18,USD,Deposit,James Green,Canada,Branch
TXN002660,ACCT00181,2025-10-15 00:00:00,414.53,USD,WireTransfer,Ava White,Germany,Branch
TXN002661,ACCT00066,2025-10-15 00:00:00,1176.09,USD,CashDeposit,Anchor Exchange,Germany,Online
TXN002662,ACCT00136,2025-10-15 00:00:00,89.67,USD,ACH,Sunrise Trading,Netherlands,Wire
TXN002663,ACCT00088,2025-10-15 00:00:00,481.7,USD,Deposit,Sven Lewis,UAE,Online
TXN002664,ACCT00246,2025-10-16 00:00:00,19336.09,USD,CashDeposit,Jennifer Scott,France,Branch
TXN002665,ACCT00269,2025-10-16 00:00:00,752.26,USD,ACH,Karen Green,Japan,ATM
TXN002666,ACCT00184,2025-10-16 00:00:00,2555.95,USD,WireTransfer,William Nguyen,France,ATM
TXN002667,ACCT00270,2025-10-16 00:00:00,195.8,USD,WireTransfer,Delta Holdings,Australia,Branch
TXN002668,ACCT00079,2025-10-16 00:00:00,1350.34,USD,WireTransfer,William Nguyen,Switzerland,Branch
TXN002669,ACCT00130,2025-10-16 00:00:00,656.24,USD,CashDeposit,Arjun Ramirez,Japan,Online
TXN002670,ACCT00024,2025-10-16 00:00:00,27836.24,USD,WireTransfer,Tatiana Orlova,Iran,Wire
TXN002671,ACCT00049,2025-10-17 00:00:00,1221.11,USD,CashDeposit,Diego Hernandez,Ireland,ATM
TXN002672,ACCT00298,2025-10-17 00:00:00,928.19,USD,ACH,Linda Nguyen,India,Online
TXN002673,ACCT00021,2025-10-17 00:00:00,328.83,USD,ACH,Fatima Scott,Afghanistan,Branch
TXN002674,ACCT00213,2025-10-17 00:00:00,4224.3,USD,ACH,Sven Thomas,United States,Branch
TXN002675,ACCT00174,2025-10-17 00:00:00,235.37,USD,ACH,Barbara Garcia,Canada,Branch
TXN002676,ACCT00223,2025-10-17 00:00:00,2108.14,USD,ACH,Ava Young,France,Branch
TXN002677,ACCT00225,2025-10-17 00:00:00,2087.74,USD,Withdrawal,Horizon Group,France,ATM
TXN002678,ACCT00189,2025-10-17 00:00:00,789.85,USD,Deposit,Metro Holdings,Singapore,Branch
TXN002679,ACCT00280,2025-10-18 00:00:00,111.46,USD,CashDeposit,Yuki Smith,United Kingdom,Wire
TXN002680,ACCT00060,2025-10-18 00:00:00,355.82,USD,Deposit,Patricia Wilson,Canada,Wire
TXN002681,ACCT00237,2025-10-18 00:00:00,296.97,USD,Withdrawal,Thomas Clark,Spain,Branch
TXN002682,ACCT00245,2025-10-18 00:00:00,523.48,USD,WireTransfer,Prime Traders,India,Branch
TXN002683,ACCT00202,2025-10-18 00:00:00,797.46,USD,CashDeposit,Sunrise Imports,Spain,ATM
TXN002684,ACCT00029,2025-10-18 00:00:00,23109.68,USD,WireTransfer,Sunrise Imports,Libya,Wire
TXN002685,ACCT00019,2025-10-18 00:00:00,34131.09,USD,WireTransfer,Dragan Petrov,Syria,Wire
TXN002686,ACCT00300,2025-10-18 00:00:00,727.91,USD,Deposit,Wei Miller,United Kingdom,Branch
TXN002687,ACCT00030,2025-10-18 00:00:00,1234.8,USD,Deposit,Joseph Nguyen,Ireland,Online
TXN002688,ACCT00108,2025-10-18 00:00:00,264.43,USD,ACH,Liam Wilson,Canada,Wire
TXN002689,ACCT00217,2025-10-18 00:00:00,220.02,USD,WireTransfer,Global Imports,Singapore,Online
TXN002690,ACCT00170,2025-10-18 00:00:00,3191.48,USD,Withdrawal,Sven Martin,Ireland,Branch
TXN002691,ACCT00209,2025-10-18 00:00:00,398.14,USD,Withdrawal,Elizabeth Sanchez,UAE,ATM
TXN002692,ACCT00319,2025-10-19 00:00:00,270.41,USD,Withdrawal,Yuki Taylor,India,Branch
TXN002693,ACCT00042,2025-10-19 00:00:00,31760.88,USD,WireTransfer,Camila Gonzalez,Yemen,Branch
TXN002694,ACCT00283,2025-10-19 00:00:00,92.86,USD,Withdrawal,Prime Exchange,United States,Online
TXN002695,ACCT00102,2025-10-19 00:00:00,641.85,USD,Deposit,Liam Ramirez,United States,Branch
TXN002696,ACCT00207,2025-10-19 00:00:00,461.04,USD,Deposit,Thomas Lopez,Australia,Online
TXN002697,ACCT00254,2025-10-19 00:00:00,386.73,USD,CashDeposit,Michael Lopez,United Kingdom,Online
TXN002698,ACCT00175,2025-10-19 00:00:00,1133.24,USD,Withdrawal,Charles Wilson,Australia,Wire
TXN002699,ACCT00051,2025-10-19 00:00:00,648.47,USD,Withdrawal,Mia Jones,Switzerland,Wire
TXN002700,ACCT00129,2025-10-20 00:00:00,4725.32,USD,Withdrawal,Nova Group,Australia,Branch
TXN002701,ACCT00299,2025-10-20 00:00:00,2030.92,USD,ACH,Linda Walker,United States,Online
TXN002702,ACCT00100,2025-10-20 00:00:00,297.92,USD,Withdrawal,Pacific Freight,Canada,Wire
TXN002703,ACCT00271,2025-10-20 00:00:00,1216.97,USD,WireTransfer,Arjun Ramirez,Germany,Online
TXN002704,ACCT00204,2025-10-20 00:00:00,613.63,USD,CashDeposit,Patricia Scott,Switzerland,Online
TXN002705,ACCT00227,2025-10-20 00:00:00,674.68,USD,CashDeposit,Michael Thomas,Ireland,ATM
TXN002706,ACCT00098,2025-10-20 00:00:00,217.11,USD,Withdrawal,Chloe Anderson,United States,Branch
TXN002707,ACCT00146,2025-10-20 00:00:00,638.31,USD,ACH,Yuki Thompson,UAE,Branch
TXN002708,ACCT00187,2025-10-20 00:00:00,908.06,USD,Withdrawal,Union Logistics,United Kingdom,ATM
TXN002709,ACCT00111,2025-10-20 00:00:00,251.0,USD,Deposit,John Thomas,UAE,Online
TXN002710,ACCT00181,2025-10-20 00:00:00,862.27,USD,WireTransfer,Anchor Traders,Spain,Online
TXN002711,ACCT00275,2025-10-20 00:00:00,291.3,USD,ACH,Joseph Gonzalez,Ireland,ATM
TXN002712,ACCT00323,2025-10-21 00:00:00,1382.92,USD,WireTransfer,Silver Freight,United States,Online
TXN002713,ACCT00302,2025-10-21 00:00:00,625.72,USD,Deposit,Prime Trading,Canada,Online
TXN002714,ACCT00085,2025-10-21 00:00:00,1187.13,USD,Deposit,Pacific Traders,United States,Wire
TXN002715,ACCT00309,2025-10-21 00:00:00,224.93,USD,CashDeposit,Robert Perez,Spain,Online
TXN002716,ACCT00189,2025-10-21 00:00:00,1156.61,USD,ACH,Crown Exchange,Ireland,Online
TXN002717,ACCT00087,2025-10-21 00:00:00,2209.26,USD,Withdrawal,Noah Williams,Australia,Wire
TXN002718,ACCT00004,2025-10-21 00:00:00,286.13,USD,Deposit,Crown Holdings,UAE,ATM
TXN002719,ACCT00010,2025-10-21 00:00:00,27940.55,USD,WireTransfer,Union Enterprises,Myanmar,Branch
TXN002720,ACCT00074,2025-10-21 00:00:00,3425.89,USD,Withdrawal,Priya Scott,Canada,Online
TXN002721,ACCT00188,2025-10-21 00:00:00,1639.71,USD,CashDeposit,Charles Johnson,Singapore,ATM
TXN002722,ACCT00106,2025-10-21 00:00:00,1015.97,USD,Withdrawal,Michael Lee,Singapore,Wire
TXN002723,ACCT00149,2025-10-21 00:00:00,550.02,USD,ACH,Richard Gonzalez,Australia,Wire
TXN002724,ACCT00320,2025-10-22 00:00:00,3069.61,USD,Deposit,Jennifer Hernandez,Singapore,ATM
TXN002725,ACCT00204,2025-10-22 00:00:00,9000.0,USD,CashDeposit,Richard Jackson,Ireland,Wire
TXN002726,ACCT00132,2025-10-22 00:00:00,16957.35,USD,CashDeposit,Charles Martin,Venezuela,Branch
TXN002727,ACCT00299,2025-10-22 00:00:00,718.37,USD,WireTransfer,Anchor Freight,France,Wire
TXN002728,ACCT00314,2025-10-22 00:00:00,1217.55,USD,Withdrawal,Summit Group,United States,Branch
TXN002729,ACCT00209,2025-10-22 00:00:00,324.43,USD,Withdrawal,Jessica Rodriguez,Japan,Online
TXN002730,ACCT00267,2025-10-23 00:00:00,232.45,USD,ACH,Falcon Enterprises,Canada,Wire
TXN002731,ACCT00243,2025-10-23 00:00:00,178.35,USD,Withdrawal,Union Imports,Singapore,Wire
TXN002732,ACCT00073,2025-10-23 00:00:00,169.05,USD,WireTransfer,Silver Ventures,Australia,Online
TXN002733,ACCT00262,2025-10-23 00:00:00,3625.41,USD,Deposit,William Brown,India,Branch
TXN002734,ACCT00033,2025-10-23 00:00:00,3364.75,USD,Withdrawal,Falcon Exchange,Ireland,Wire
TXN002735,ACCT00149,2025-10-23 00:00:00,2625.03,USD,Deposit,Lucas Smith,United States,ATM
TXN002736,ACCT00189,2025-10-23 00:00:00,169.5,USD,Withdrawal,Silver Logistics,Ireland,Online
TXN002737,ACCT00219,2025-10-23 00:00:00,739.34,USD,Deposit,Charles Walker,Ireland,Branch
TXN002738,ACCT00080,2025-10-23 00:00:00,8046.56,USD,WireTransfer,Summit Holdings,Switzerland,Branch
TXN002739,ACCT00329,2025-10-23 00:00:00,1194.28,USD,WireTransfer,Linda Clark,Canada,Online
TXN002740,ACCT00055,2025-10-23 00:00:00,985.83,USD,WireTransfer,Summit Freight,UAE,Wire
TXN002741,ACCT00322,2025-10-23 00:00:00,337.06,USD,ACH,Anchor Traders,Japan,Branch
TXN002742,ACCT00085,2025-10-23 00:00:00,151.58,USD,CashDeposit,Ava Young,Canada,Online
TXN002743,ACCT00146,2025-10-23 00:00:00,316.36,USD,ACH,Barbara Sanchez,Switzerland,Online
TXN002744,ACCT00096,2025-10-23 00:00:00,8588.67,USD,ACH,Yuki Moore,Switzerland,Online
TXN002745,ACCT00036,2025-10-24 00:00:00,35180.12,USD,CashDeposit,Anchor Imports,Ireland,Branch
TXN002746,ACCT00115,2025-10-24 00:00:00,694.79,USD,Deposit,Elizabeth Sanchez,Switzerland,Wire
TXN002747,ACCT00079,2025-10-24 00:00:00,488.28,USD,WireTransfer,James Walker,Australia,Branch
TXN002748,ACCT00152,2025-10-24 00:00:00,29814.62,USD,WireTransfer,Ahmed Davis,North Korea,Branch
TXN002749,ACCT00327,2025-10-24 00:00:00,259.72,USD,Deposit,Union Holdings,Australia,Online
TXN002750,ACCT00300,2025-10-24 00:00:00,547.48,USD,ACH,Mary Williams,Ireland,Wire
TXN002751,ACCT00297,2025-10-24 00:00:00,517.19,USD,WireTransfer,Global Logistics,Germany,Online
TXN002752,ACCT00307,2025-10-25 00:00:00,710.06,USD,Withdrawal,Mateo Wright,Switzerland,Branch
TXN002753,ACCT00100,2025-10-25 00:00:00,245.09,USD,Withdrawal,Priya Robinson,United Kingdom,ATM
TXN002754,ACCT00068,2025-10-25 00:00:00,209.19,USD,CashDeposit,Delta Traders,Spain,Online
TXN002755,ACCT00249,2025-10-25 00:00:00,165.85,USD,Deposit,Delta Group,United States,Online
TXN002756,ACCT00187,2025-10-25 00:00:00,1002.01,USD,ACH,Richard Hill,UAE,Branch
TXN002757,ACCT00001,2025-10-26 00:00:00,126.28,USD,WireTransfer,Noah Jackson,Libya,Branch
TXN002758,ACCT00114,2025-10-26 00:00:00,1724.81,USD,Deposit,Camila Thomas,Germany,Online
TXN002759,ACCT00088,2025-10-26 00:00:00,1365.06,USD,CashDeposit,Sarah Gonzalez,Ireland,Online
TXN002760,ACCT00066,2025-10-26 00:00:00,274.47,USD,CashDeposit,Silver Imports,France,Branch
TXN002761,ACCT00099,2025-10-26 00:00:00,37.63,USD,ACH,Arjun Sanchez,United States,Branch
TXN002762,ACCT00313,2025-10-26 00:00:00,179.69,USD,WireTransfer,Fatima Young,United Kingdom,Wire
TXN002763,ACCT00290,2025-10-26 00:00:00,1089.7,USD,CashDeposit,Mary Taylor,Canada,Online
TXN002764,ACCT00097,2025-10-27 00:00:00,212.37,USD,ACH,Prime Logistics,Japan,Online
TXN002765,ACCT00070,2025-10-27 00:00:00,138.31,USD,CashDeposit,Camila Johnson,Japan,Online
TXN002766,ACCT00055,2025-10-27 00:00:00,706.01,USD,WireTransfer,Lucas White,Spain,ATM
TXN002767,ACCT00046,2025-10-27 00:00:00,108.86,USD,WireTransfer,Elizabeth Williams,Australia,Branch
TXN002768,ACCT00172,2025-10-27 00:00:00,776.14,USD,WireTransfer,Thomas Torres,Netherlands,ATM
TXN002769,ACCT00313,2025-10-27 00:00:00,1764.6,USD,Deposit,Falcon Group,Canada,Branch
TXN002770,ACCT00329,2025-10-27 00:00:00,334.86,USD,Deposit,Ahmed Torres,Netherlands,Wire
TXN002771,ACCT00022,2025-10-27 00:00:00,12981.41,USD,WireTransfer,John Sanchez,Syria,Branch
TXN002772,ACCT00228,2025-10-27 00:00:00,527.35,USD,CashDeposit,Union Capital,Spain,Online
TXN002773,ACCT00186,2025-10-27 00:00:00,152.79,USD,Deposit,Ava Sanchez,Australia,ATM
TXN002774,ACCT00189,2025-10-27 00:00:00,1057.02,USD,WireTransfer,Lucas Thompson,Switzerland,Wire
TXN002775,ACCT00314,2025-10-27 00:00:00,116.55,USD,Withdrawal,Jennifer Lee,Spain,Online
TXN002776,ACCT00318,2025-10-28 00:00:00,1065.76,USD,CashDeposit,Thomas Nguyen,United Kingdom,Wire
TXN002777,ACCT00236,2025-10-28 00:00:00,12025.38,USD,CashDeposit,Horizon Logistics,France,Branch
TXN002778,ACCT00032,2025-10-28 00:00:00,55.44,USD,CashDeposit,Jennifer Jackson,Afghanistan,ATM
TXN002779,ACCT00176,2025-10-28 00:00:00,952.43,USD,Deposit,Atlas Capital,Netherlands,Online
TXN002780,ACCT00278,2025-10-28 00:00:00,485.37,USD,CashDeposit,Patricia Martin,Ireland,Online
TXN002781,ACCT00028,2025-10-28 00:00:00,145.59,USD,WireTransfer,Crown Enterprises,North Korea,Branch
TXN002782,ACCT00172,2025-10-28 00:00:00,357.97,USD,ACH,Mia Flores,Netherlands,ATM
TXN002783,ACCT00267,2025-10-28 00:00:00,5260.11,USD,WireTransfer,Noah Moore,Canada,Branch
TXN002784,ACCT00209,2025-10-28 00:00:00,488.92,USD,WireTransfer,Camila Johnson,Netherlands,Wire
TXN002785,ACCT00003,2025-10-28 00:00:00,367.04,USD,Withdrawal,Patricia Miller,Myanmar,Online
TXN002786,ACCT00174,2025-10-28 00:00:00,240.27,USD,WireTransfer,Patricia Jones,Switzerland,Branch
TXN002787,ACCT00253,2025-10-28 00:00:00,265.01,USD,Deposit,Sofia Rodriguez,Ireland,ATM
TXN002788,ACCT00006,2025-10-28 00:00:00,31813.56,USD,WireTransfer,Mateo Ramirez,Iran,Wire
TXN002789,ACCT00112,2025-10-28 00:00:00,960.34,USD,Withdrawal,Sofia Brown,Germany,Branch
TXN002790,ACCT00055,2025-10-28 00:00:00,7500.0,USD,WireTransfer,John Anderson,United Kingdom,Branch
TXN002791,ACCT00006,2025-10-28 21:00:00,31055.89,USD,WireTransfer,Fatima Clark,Japan,Wire
TXN002792,ACCT00038,2025-10-29 00:00:00,20000.0,USD,WireTransfer,Wei Green,Japan,Branch
TXN002793,ACCT00280,2025-10-29 00:00:00,9000.0,USD,ACH,Global Traders,Spain,Wire
TXN002794,ACCT00322,2025-10-29 00:00:00,370.46,USD,CashDeposit,Union Holdings,Switzerland,ATM
TXN002795,ACCT00270,2025-10-29 00:00:00,182.45,USD,WireTransfer,Ava Young,Japan,Wire
TXN002796,ACCT00257,2025-10-29 00:00:00,558.39,USD,CashDeposit,Thomas Wright,Canada,Online
TXN002797,ACCT00188,2025-10-29 00:00:00,675.61,USD,WireTransfer,Atlas Capital,Singapore,Online
TXN002798,ACCT00157,2025-10-29 00:00:00,338.42,USD,ACH,Union Traders,Switzerland,ATM
TXN002799,ACCT00106,2025-10-29 00:00:00,2730.45,USD,CashDeposit,Pacific Freight,Spain,Wire
TXN002800,ACCT00011,2025-10-30 00:00:00,7500.0,USD,CashDeposit,Mateo Walker,United States,Branch
TXN002801,ACCT00255,2025-10-30 00:00:00,1800.59,USD,WireTransfer,Jennifer Torres,Japan,Online
TXN002802,ACCT00243,2025-10-30 00:00:00,1378.72,USD,CashDeposit,Barbara Nguyen,Canada,Online
TXN002803,ACCT00198,2025-10-30 00:00:00,4734.29,USD,Withdrawal,Joseph Moore,Spain,Online
TXN002804,ACCT00095,2025-10-30 00:00:00,361.48,USD,ACH,Arjun Brown,Ireland,ATM
TXN002805,ACCT00164,2025-10-30 00:00:00,237.61,USD,Deposit,Horizon Group,Netherlands,Branch
TXN002806,ACCT00077,2025-10-30 00:00:00,787.89,USD,ACH,Ahmed Ramirez,UAE,ATM
TXN002807,ACCT00127,2025-10-30 00:00:00,150.46,USD,CashDeposit,Diego Lee,Spain,Online
TXN002808,ACCT00190,2025-10-30 00:00:00,1190.38,USD,Deposit,Mia Wright,United Kingdom,Branch
TXN002809,ACCT00103,2025-10-30 00:00:00,1235.41,USD,CashDeposit,Ava Johnson,Germany,Wire
TXN002810,ACCT00076,2025-10-30 00:00:00,926.01,USD,ACH,Sunrise Enterprises,Netherlands,Online
TXN002811,ACCT00238,2025-10-30 00:00:00,213.19,USD,CashDeposit,Yuki Williams,Singapore,ATM
TXN002812,ACCT00247,2025-10-30 00:00:00,681.88,USD,CashDeposit,Falcon Group,India,ATM
TXN002813,ACCT00061,2025-10-30 00:00:00,182.24,USD,CashDeposit,Lucas Ramirez,Switzerland,Wire
TXN002814,ACCT00304,2025-10-31 00:00:00,307.85,USD,WireTransfer,Sven Wilson,Canada,Branch
TXN002815,ACCT00222,2025-10-31 00:00:00,145.4,USD,Deposit,Wei Johnson,United States,Wire
TXN002816,ACCT00216,2025-10-31 00:00:00,2070.65,USD,WireTransfer,Crown Imports,India,ATM
TXN002817,ACCT00086,2025-10-31 00:00:00,897.21,USD,CashDeposit,David Martin,India,Wire
TXN002818,ACCT00252,2025-10-31 00:00:00,298.22,USD,Deposit,Union Freight,India,Online
TXN002819,ACCT00213,2025-10-31 00:00:00,214.85,USD,Withdrawal,Pacific Logistics,Canada,Online
TXN002820,ACCT00313,2025-10-31 00:00:00,566.84,USD,Deposit,Delta Partners,United Kingdom,Online
TXN002821,ACCT00283,2025-10-31 00:00:00,737.63,USD,WireTransfer,Thomas Garcia,United States,Branch
TXN002822,ACCT00259,2025-10-31 00:00:00,841.32,USD,ACH,Chloe Jackson,United Kingdom,Online
TXN002823,ACCT00082,2025-10-31 00:00:00,1129.68,USD,Withdrawal,Metro Freight,Japan,Wire
TXN002824,ACCT00188,2025-10-31 00:00:00,223.71,USD,ACH,Emma Thomas,Ireland,Branch
TXN002825,ACCT00225,2025-11-01 00:00:00,74.79,USD,CashDeposit,Arjun Thomas,Australia,Online
TXN002826,ACCT00014,2025-11-01 00:00:00,4225.77,USD,Deposit,William Green,Switzerland,Branch
TXN002827,ACCT00065,2025-11-01 00:00:00,307.47,USD,WireTransfer,Ahmed Garcia,UAE,Branch
TXN002828,ACCT00156,2025-11-01 00:00:00,1029.41,USD,Deposit,Priya Brown,Netherlands,ATM
TXN002829,ACCT00066,2025-11-01 00:00:00,949.13,USD,CashDeposit,Olga Martinez,Germany,Branch
TXN002830,ACCT00309,2025-11-02 00:00:00,482.72,USD,WireTransfer,Wei Harris,United States,Online
TXN002831,ACCT00324,2025-11-02 00:00:00,1090.84,USD,WireTransfer,Sarah Sanchez,Netherlands,ATM
TXN002832,ACCT00253,2025-11-02 00:00:00,457.52,USD,CashDeposit,Priya Walker,Germany,Branch
TXN002833,ACCT00061,2025-11-02 00:00:00,1071.74,USD,Withdrawal,Sven Torres,Singapore,Branch
TXN002834,ACCT00256,2025-11-02 00:00:00,913.38,USD,Withdrawal,Jennifer Young,United States,ATM
TXN002835,ACCT00325,2025-11-02 00:00:00,776.26,USD,WireTransfer,Olga Martinez,United Kingdom,Branch
TXN002836,ACCT00278,2025-11-03 00:00:00,1691.09,USD,CashDeposit,Silver Logistics,UAE,Wire
TXN002837,ACCT00109,2025-11-03 00:00:00,431.98,USD,WireTransfer,Susan Hill,Australia,Wire
TXN002838,ACCT00247,2025-11-03 00:00:00,2132.46,USD,CashDeposit,Sarah Scott,United States,Online
TXN002839,ACCT00077,2025-11-03 00:00:00,1011.33,USD,Deposit,Patricia Garcia,Australia,Wire
TXN002840,ACCT00230,2025-11-03 00:00:00,479.23,USD,WireTransfer,Noah Williams,Spain,ATM
TXN002841,ACCT00275,2025-11-03 00:00:00,822.82,USD,Deposit,Global Partners,India,Wire
TXN002842,ACCT00088,2025-11-03 00:00:00,2510.39,USD,Deposit,Ava Perez,Germany,Online
TXN002843,ACCT00129,2025-11-03 00:00:00,185.71,USD,Withdrawal,Arjun Davis,Singapore,Branch
TXN002844,ACCT00304,2025-11-03 00:00:00,1593.4,USD,WireTransfer,Pacific Enterprises,Germany,Wire
TXN002845,ACCT00120,2025-11-03 00:00:00,677.8,USD,ACH,Crown Trading,United Kingdom,ATM
TXN002846,ACCT00235,2025-11-03 00:00:00,2231.09,USD,WireTransfer,Prime Holdings,Spain,Wire
TXN002847,ACCT00206,2025-11-03 00:00:00,1501.4,USD,Withdrawal,Karen Wilson,Japan,ATM
TXN002848,ACCT00303,2025-11-03 00:00:00,320.97,USD,CashDeposit,Global Logistics,United States,ATM
TXN002849,ACCT00199,2025-11-03 00:00:00,4851.59,USD,WireTransfer,Emma Ramirez,Spain,Online
TXN002850,ACCT00054,2025-11-04 00:00:00,683.27,USD,Withdrawal,Thomas Hernandez,Netherlands,Online
TXN002851,ACCT00227,2025-11-04 00:00:00,514.95,USD,ACH,Summit Holdings,Germany,Wire
TXN002852,ACCT00272,2025-11-04 00:00:00,1962.52,USD,ACH,Olga Hill,India,Online
TXN002853,ACCT00229,2025-11-04 00:00:00,475.15,USD,WireTransfer,Sven Harris,Canada,ATM
TXN002854,ACCT00310,2025-11-04 00:00:00,1808.08,USD,CashDeposit,Priya Ramirez,Japan,Branch
TXN002855,ACCT00054,2025-11-04 00:00:00,336.3,USD,Deposit,David Flores,Canada,Branch
TXN002856,ACCT00302,2025-11-04 00:00:00,338.94,USD,Withdrawal,Mateo Anderson,United States,ATM
TXN002857,ACCT00227,2025-11-04 00:00:00,3382.53,USD,ACH,Jessica Jones,Switzerland,Branch
TXN002858,ACCT00137,2025-11-04 00:00:00,648.35,USD,Deposit,Delta Capital,Ireland,Branch
TXN002859,ACCT00160,2025-11-04 00:00:00,147.96,USD,CashDeposit,Silver Ventures,United States,ATM
TXN002860,ACCT00143,2025-11-04 00:00:00,534.84,USD,ACH,Diego Walker,Ireland,Branch
TXN002861,ACCT00053,2025-11-04 00:00:00,40381.07,USD,WireTransfer,Sarah Anderson,Venezuela,Branch
TXN002862,ACCT00065,2025-11-04 00:00:00,4931.54,USD,ACH,Arjun White,Australia,ATM
TXN002863,ACCT00092,2025-11-04 00:00:00,3649.02,USD,WireTransfer,Charles Ramirez,Germany,Wire
TXN002864,ACCT00199,2025-11-05 00:00:00,1007.14,USD,Deposit,Anchor Imports,Netherlands,Branch
TXN002865,ACCT00125,2025-11-05 00:00:00,419.01,USD,Deposit,Jessica White,UAE,ATM
TXN002866,ACCT00149,2025-11-05 00:00:00,669.68,USD,Withdrawal,Ethan Jones,Canada,Online
TXN002867,ACCT00289,2025-11-05 00:00:00,487.7,USD,Withdrawal,Crown Traders,Switzerland,Branch
TXN002868,ACCT00045,2025-11-05 00:00:00,1412.77,USD,CashDeposit,Arjun Torres,Spain,ATM
TXN002869,ACCT00101,2025-11-05 00:00:00,502.04,USD,ACH,Atlas Exchange,Japan,Branch
TXN002870,ACCT00273,2025-11-05 00:00:00,92.0,USD,CashDeposit,Summit Holdings,Japan,Branch
TXN002871,ACCT00242,2025-11-05 00:00:00,1627.37,USD,CashDeposit,Silver Capital,Australia,Branch
TXN002872,ACCT00309,2025-11-05 00:00:00,369.39,USD,Deposit,Sarah Scott,Spain,Branch
TXN002873,ACCT00051,2025-11-05 00:00:00,222.82,USD,Deposit,Linda Walker,Japan,Online
TXN002874,ACCT00253,2025-11-05 00:00:00,372.77,USD,CashDeposit,Silver Capital,Canada,Online
TXN002875,ACCT00210,2025-11-05 00:00:00,1051.94,USD,ACH,Sven Hernandez,Netherlands,Branch
TXN002876,ACCT00076,2025-11-06 00:00:00,840.32,USD,CashDeposit,Summit Traders,Singapore,Online
TXN002877,ACCT00061,2025-11-06 00:00:00,1145.5,USD,ACH,Fatima Hill,India,ATM
TXN002878,ACCT00092,2025-11-06 00:00:00,195.53,USD,WireTransfer,Michael Jones,France,Online
TXN002879,ACCT00116,2025-11-06 00:00:00,313.51,USD,CashDeposit,Delta Freight,Netherlands,ATM
TXN002880,ACCT00169,2025-11-06 00:00:00,452.42,USD,Withdrawal,Olga Gonzalez,UAE,Branch
TXN002881,ACCT00214,2025-11-06 00:00:00,824.45,USD,Deposit,Nova Imports,UAE,ATM
TXN002882,ACCT00067,2025-11-06 00:00:00,2051.07,USD,WireTransfer,Crown Logistics,Singapore,Wire
TXN002883,ACCT00177,2025-11-06 00:00:00,305.01,USD,ACH,Priya Scott,Ireland,ATM
TXN002884,ACCT00304,2025-11-06 00:00:00,6028.35,USD,Withdrawal,William Martinez,Switzerland,Branch
TXN002885,ACCT00164,2025-11-06 00:00:00,217.78,USD,Withdrawal,Lucas Rodriguez,Ireland,Wire
TXN002886,ACCT00276,2025-11-06 00:00:00,6078.61,USD,CashDeposit,James Ramirez,Germany,ATM
TXN002887,ACCT00008,2025-11-06 00:00:00,1417.98,USD,CashDeposit,Mia Torres,Germany,Branch
TXN002888,ACCT00171,2025-11-06 00:00:00,3344.18,USD,WireTransfer,Horizon Traders,India,Wire
TXN002889,ACCT00169,2025-11-07 00:00:00,1012.78,USD,WireTransfer,Mary Martin,Japan,ATM
TXN002890,ACCT00255,2025-11-07 00:00:00,287.04,USD,Withdrawal,Fatima Thomas,Switzerland,ATM
TXN002891,ACCT00059,2025-11-07 00:00:00,3742.63,USD,Withdrawal,Thomas Lopez,Japan,Wire
TXN002892,ACCT00001,2025-11-07 00:00:00,130.64,USD,Withdrawal,Wei Sanchez,Australia,ATM
TXN002893,ACCT00038,2025-11-07 00:00:00,360.4,USD,Withdrawal,Chloe Davis,Canada,Wire
TXN002894,ACCT00165,2025-11-07 00:00:00,263.95,USD,Deposit,Prime Imports,Switzerland,Online
TXN002895,ACCT00164,2025-11-07 00:00:00,354.51,USD,ACH,Summit Partners,Australia,Wire
TXN002896,ACCT00266,2025-11-07 00:00:00,1099.65,USD,ACH,Fatima King,Australia,Wire
TXN002897,ACCT00229,2025-11-07 00:00:00,413.91,USD,CashDeposit,Nova Exchange,Ireland,Wire
TXN002898,ACCT00307,2025-11-07 00:00:00,281.68,USD,ACH,Liam Davis,Canada,Wire
TXN002899,ACCT00122,2025-11-08 00:00:00,121.86,USD,ACH,James Jones,United Kingdom,ATM
TXN002900,ACCT00308,2025-11-08 00:00:00,1436.91,USD,Deposit,Elizabeth Green,France,Wire
TXN002901,ACCT00041,2025-11-08 00:00:00,62844.0,USD,WireTransfer,Sunrise Enterprises,Iran,Wire
TXN002902,ACCT00186,2025-11-08 00:00:00,721.98,USD,WireTransfer,John Rodriguez,Canada,ATM
TXN002903,ACCT00071,2025-11-08 00:00:00,135.23,USD,ACH,Noah Robinson,Germany,Online
TXN002904,ACCT00142,2025-11-08 00:00:00,958.27,USD,CashDeposit,Priya Jackson,India,ATM
TXN002905,ACCT00228,2025-11-08 00:00:00,610.57,USD,WireTransfer,Sunrise Traders,India,ATM
TXN002906,ACCT00299,2025-11-08 00:00:00,148.98,USD,Withdrawal,Charles Anderson,France,ATM
TXN002907,ACCT00165,2025-11-08 00:00:00,439.89,USD,CashDeposit,Delta Capital,UAE,Branch
TXN002908,ACCT00109,2025-11-08 00:00:00,2181.31,USD,ACH,Sven Torres,United States,Branch
TXN002909,ACCT00081,2025-11-09 00:00:00,1970.21,USD,ACH,Elizabeth Scott,Switzerland,Online
TXN002910,ACCT00084,2025-11-09 00:00:00,1143.06,USD,ACH,Yuki Gonzalez,Japan,Online
TXN002911,ACCT00301,2025-11-09 00:00:00,969.8,USD,WireTransfer,Patricia Lopez,Germany,ATM
TXN002912,ACCT00039,2025-11-09 00:00:00,831.96,USD,ACH,David Walker,Spain,ATM
TXN002913,ACCT00163,2025-11-09 00:00:00,1330.72,USD,CashDeposit,Thomas Moore,Canada,ATM
TXN002914,ACCT00317,2025-11-09 00:00:00,311.22,USD,Deposit,James Moore,India,ATM
TXN002915,ACCT00135,2025-11-09 00:00:00,647.73,USD,Withdrawal,Elizabeth Anderson,Spain,Online
TXN002916,ACCT00204,2025-11-10 00:00:00,284.74,USD,WireTransfer,Ahmed Lewis,Switzerland,Wire
TXN002917,ACCT00090,2025-11-10 00:00:00,797.13,USD,Withdrawal,James Wright,Canada,Branch
TXN002918,ACCT00198,2025-11-10 00:00:00,230.69,USD,CashDeposit,David Martinez,United States,Branch
TXN002919,ACCT00243,2025-11-10 00:00:00,296.42,USD,ACH,Wei Rodriguez,Spain,Online
TXN002920,ACCT00299,2025-11-10 00:00:00,2858.42,USD,Deposit,Mia Thomas,Netherlands,Wire
TXN002921,ACCT00055,2025-11-10 00:00:00,348.3,USD,WireTransfer,Metro Group,Ireland,Wire
TXN002922,ACCT00304,2025-11-10 00:00:00,253.77,USD,WireTransfer,Emma Taylor,Ireland,Online
TXN002923,ACCT00252,2025-11-10 00:00:00,395.77,USD,CashDeposit,Ahmed Miller,Ireland,Wire
TXN002924,ACCT00232,2025-11-10 00:00:00,42012.6,USD,CashDeposit,Patricia Thomas,Venezuela,Branch
TXN002925,ACCT00111,2025-11-11 00:00:00,522.56,USD,WireTransfer,Patricia Lee,United States,Wire
TXN002926,ACCT00004,2025-11-11 00:00:00,675.91,USD,Withdrawal,Delta Partners,India,Online
TXN002927,ACCT00089,2025-11-11 00:00:00,904.52,USD,CashDeposit,John Davis,Japan,Branch
TXN002928,ACCT00222,2025-11-11 00:00:00,1022.05,USD,ACH,Mia Johnson,United States,Branch
TXN002929,ACCT00095,2025-11-11 00:00:00,3740.46,USD,WireTransfer,Crown Holdings,Japan,ATM
TXN002930,ACCT00178,2025-11-11 00:00:00,144.43,USD,ACH,Robert Davis,United States,Wire
TXN002931,ACCT00056,2025-11-11 00:00:00,346.74,USD,Withdrawal,Global Logistics,Australia,Branch
TXN002932,ACCT00200,2025-11-11 00:00:00,214.73,USD,CashDeposit,Camila Williams,Australia,Branch
TXN002933,ACCT00287,2025-11-11 00:00:00,246.32,USD,Deposit,Chloe Green,Switzerland,Online
TXN002934,ACCT00298,2025-11-11 00:00:00,328.71,USD,WireTransfer,Charles Clark,Netherlands,ATM
TXN002935,ACCT00147,2025-11-11 00:00:00,921.23,USD,CashDeposit,Thomas Davis,United Kingdom,Branch
TXN002936,ACCT00280,2025-11-11 00:00:00,3652.52,USD,Deposit,Richard Ramirez,Ireland,ATM
TXN002937,ACCT00315,2025-11-11 00:00:00,482.77,USD,Deposit,Jessica Walker,Spain,Online
TXN002938,ACCT00075,2025-11-12 00:00:00,241.11,USD,WireTransfer,Nova Freight,Japan,ATM
TXN002939,ACCT00173,2025-11-12 00:00:00,314.0,USD,CashDeposit,James Gonzalez,Japan,Online
TXN002940,ACCT00175,2025-11-12 00:00:00,1349.7,USD,ACH,Jessica Taylor,UAE,Wire
TXN002941,ACCT00306,2025-11-12 00:00:00,520.15,USD,Withdrawal,Mateo Ramirez,United States,Branch
TXN002942,ACCT00025,2025-11-12 00:00:00,385.71,USD,ACH,Prime Partners,North Korea,Online
TXN002943,ACCT00264,2025-11-12 00:00:00,3072.34,USD,ACH,Emma Martinez,Netherlands,Wire
TXN002944,ACCT00083,2025-11-13 00:00:00,667.17,USD,WireTransfer,Susan Moore,India,Online
TXN002945,ACCT00061,2025-11-13 00:00:00,140.25,USD,ACH,Richard Lee,UAE,ATM
TXN002946,ACCT00209,2025-11-13 00:00:00,220.9,USD,ACH,Noah Moore,Singapore,Online
TXN002947,ACCT00085,2025-11-13 00:00:00,3683.83,USD,Deposit,Metro Traders,Australia,ATM
TXN002948,ACCT00159,2025-11-13 00:00:00,418.05,USD,ACH,Delta Logistics,United States,Branch
TXN002949,ACCT00106,2025-11-13 00:00:00,1560.52,USD,ACH,Olga Gonzalez,Ireland,ATM
TXN002950,ACCT00210,2025-11-13 00:00:00,1051.2,USD,Deposit,Yuki Perez,Netherlands,Online
TXN002951,ACCT00228,2025-11-14 00:00:00,414.36,USD,Deposit,Diego Hernandez,France,Online
TXN002952,ACCT00217,2025-11-14 00:00:00,513.45,USD,Deposit,Karen Lewis,France,Branch
TXN002953,ACCT00120,2025-11-14 00:00:00,2726.93,USD,Deposit,Charles Gonzalez,United Kingdom,Branch
TXN002954,ACCT00302,2025-11-14 00:00:00,216.56,USD,CashDeposit,Ethan Lee,UAE,ATM
TXN002955,ACCT00008,2025-11-14 00:00:00,7675.22,USD,CashDeposit,Jennifer White,France,ATM
TXN002956,ACCT00112,2025-11-14 00:00:00,430.31,USD,Deposit,Mary Robinson,Switzerland,ATM
TXN002957,ACCT00216,2025-11-15 00:00:00,3044.24,USD,WireTransfer,Ahmed Hernandez,Singapore,ATM
TXN002958,ACCT00040,2025-11-15 00:00:00,21633.91,USD,CashDeposit,Jennifer Thomas,Myanmar,Branch
TXN002959,ACCT00027,2025-11-15 00:00:00,62.2,USD,Withdrawal,Richard Scott,Libya,Wire
TXN002960,ACCT00192,2025-11-15 00:00:00,1227.17,USD,WireTransfer,Global Enterprises,Ireland,Branch
TXN002961,ACCT00292,2025-11-15 00:00:00,915.55,USD,ACH,Silver Traders,Switzerland,Online
TXN002962,ACCT00317,2025-11-15 00:00:00,2607.74,USD,Deposit,Sven Johnson,Germany,ATM
TXN002963,ACCT00038,2025-11-16 00:00:00,146.09,USD,Deposit,Patricia Davis,Switzerland,Branch
TXN002964,ACCT00181,2025-11-16 00:00:00,582.84,USD,CashDeposit,Diego Clark,Netherlands,Online
TXN002965,ACCT00241,2025-11-16 00:00:00,2891.65,USD,Deposit,Diego Jackson,Germany,ATM
TXN002966,ACCT00304,2025-11-16 00:00:00,209.59,USD,Withdrawal,Susan Hernandez,Japan,Wire
TXN002967,ACCT00137,2025-11-17 00:00:00,406.82,USD,CashDeposit,Arjun Moore,Spain,Online
TXN002968,ACCT00044,2025-11-17 00:00:00,29506.56,USD,CashDeposit,Nova Group,France,Branch
TXN002969,ACCT00031,2025-11-17 00:00:00,2057.13,USD,CashDeposit,Crown Ventures,Iran,Wire
TXN002970,ACCT00214,2025-11-17 00:00:00,421.77,USD,ACH,Arjun Miller,Netherlands,Online
TXN002971,ACCT00071,2025-11-17 00:00:00,364.54,USD,Withdrawal,James Green,United Kingdom,Branch
TXN002972,ACCT00124,2025-11-17 00:00:00,566.03,USD,CashDeposit,Jennifer Jackson,Spain,Branch
TXN002973,ACCT00256,2025-11-17 00:00:00,635.33,USD,ACH,Lucas Flores,United States,Wire
TXN002974,ACCT00173,2025-11-17 00:00:00,799.71,USD,Deposit,Noah Flores,Spain,Branch
TXN002975,ACCT00067,2025-11-17 00:00:00,705.67,USD,Withdrawal,Diego Martin,Germany,Wire
TXN002976,ACCT00067,2025-11-17 00:00:00,3083.99,USD,WireTransfer,Global Freight,Singapore,Online
TXN002977,ACCT00315,2025-11-17 00:00:00,566.97,USD,WireTransfer,Diego Garcia,Spain,ATM
TXN002978,ACCT00317,2025-11-17 00:00:00,2408.18,USD,Deposit,Sarah Green,United Kingdom,Online
TXN002979,ACCT00254,2025-11-17 00:00:00,305.12,USD,ACH,Charles Torres,Spain,Wire
TXN002980,ACCT00035,2025-11-18 00:00:00,14643.04,USD,WireTransfer,William Young,Spain,Branch
TXN002981,ACCT00001,2025-11-18 00:00:00,310.05,USD,CashDeposit,Olga Martin,France,ATM
TXN002982,ACCT00171,2025-11-18 00:00:00,817.93,USD,Deposit,Nova Exchange,France,Online
TXN002983,ACCT00146,2025-11-18 00:00:00,331.94,USD,CashDeposit,Mateo Garcia,United States,Online
TXN002984,ACCT00117,2025-11-18 00:00:00,483.45,USD,CashDeposit,Susan Young,Switzerland,ATM
TXN002985,ACCT00256,2025-11-18 00:00:00,312.21,USD,Withdrawal,Sarah Moore,UAE,Branch
TXN002986,ACCT00089,2025-11-18 00:00:00,461.76,USD,ACH,Lucas Johnson,Australia,Branch
TXN002987,ACCT00247,2025-11-18 00:00:00,311.01,USD,CashDeposit,Sunrise Logistics,Switzerland,Branch
TXN002988,ACCT00245,2025-11-18 00:00:00,502.92,USD,ACH,Chloe Gonzalez,Canada,ATM
TXN002989,ACCT00156,2025-11-18 00:00:00,227.91,USD,WireTransfer,Richard Davis,Ireland,Branch
TXN002990,ACCT00200,2025-11-18 00:00:00,494.42,USD,ACH,Mary Perez,Germany,Branch
TXN002991,ACCT00193,2025-11-18 00:00:00,4975.45,USD,CashDeposit,Yuki Green,India,Wire
TXN002992,ACCT00102,2025-11-19 00:00:00,189.75,USD,ACH,Yuki Anderson,United States,Branch
TXN002993,ACCT00166,2025-11-19 00:00:00,264.58,USD,CashDeposit,Robert Ramirez,UAE,Branch
TXN002994,ACCT00075,2025-11-19 00:00:00,455.26,USD,ACH,Richard Scott,France,ATM
TXN002995,ACCT00313,2025-11-19 00:00:00,602.51,USD,ACH,Falcon Partners,Australia,ATM
TXN002996,ACCT00256,2025-11-19 00:00:00,532.89,USD,CashDeposit,Patricia Robinson,Spain,Branch
TXN002997,ACCT00271,2025-11-19 00:00:00,251.29,USD,WireTransfer,Mateo Garcia,Spain,Branch
TXN002998,ACCT00070,2025-11-19 00:00:00,796.23,USD,Deposit,Karen Jackson,France,Online
TXN002999,ACCT00173,2025-11-20 00:00:00,411.97,USD,ACH,Mateo Miller,United Kingdom,Wire
TXN003000,ACCT00136,2025-11-20 00:00:00,179.68,USD,CashDeposit,Delta Group,Australia,ATM
TXN003001,ACCT00214,2025-11-20 00:00:00,324.14,USD,CashDeposit,Jessica Thomas,UAE,Online
TXN003002,ACCT00263,2025-11-20 00:00:00,1768.37,USD,WireTransfer,Arjun Green,Australia,Wire
TXN003003,ACCT00268,2025-11-20 00:00:00,644.01,USD,Deposit,Charles Williams,UAE,Online
TXN003004,ACCT00175,2025-11-20 00:00:00,77.88,USD,Withdrawal,Elizabeth Scott,Spain,Branch
TXN003005,ACCT00128,2025-11-20 00:00:00,219.61,USD,ACH,Prime Holdings,United States,ATM
TXN003006,ACCT00281,2025-11-20 00:00:00,768.98,USD,CashDeposit,Prime Group,Japan,Online
TXN003007,ACCT00119,2025-11-20 00:00:00,718.27,USD,ACH,Anchor Traders,Australia,Online
TXN003008,ACCT00084,2025-11-20 00:00:00,1421.06,USD,WireTransfer,Robert Nguyen,Germany,ATM
TXN003009,ACCT00082,2025-11-20 00:00:00,703.91,USD,ACH,Global Traders,United Kingdom,Online
TXN003010,ACCT00082,2025-11-20 00:00:00,490.18,USD,Deposit,Priya Garcia,Singapore,ATM
TXN003011,ACCT00306,2025-11-20 00:00:00,176.96,USD,Deposit,Atlas Group,Ireland,ATM
TXN003012,ACCT00033,2025-11-20 00:00:00,2136.88,USD,Withdrawal,Susan Hernandez,United States,ATM
TXN003013,ACCT00127,2025-11-20 00:00:00,3206.11,USD,Withdrawal,Ahmed Brown,France,Wire
TXN003014,ACCT00045,2025-11-20 00:00:00,172.39,USD,Withdrawal,Charles Thompson,Germany,Online
TXN003015,ACCT00185,2025-11-21 00:00:00,36994.53,USD,CashDeposit,Nova Ventures,Venezuela,Branch
TXN003016,ACCT00041,2025-11-21 00:00:00,31849.63,USD,CashDeposit,Lucas Green,Afghanistan,Branch
TXN003017,ACCT00033,2025-11-21 00:00:00,291.32,USD,CashDeposit,Ahmed Wright,Myanmar,Branch
TXN003018,ACCT00033,2025-11-21 00:00:00,138.39,USD,ACH,Robert Scott,Libya,Wire
TXN003019,ACCT00146,2025-11-21 00:00:00,858.83,USD,WireTransfer,Michael Garcia,Canada,Branch
TXN003020,ACCT00202,2025-11-21 00:00:00,307.97,USD,Deposit,Ava Taylor,India,ATM
TXN003021,ACCT00048,2025-11-21 00:00:00,326.73,USD,Withdrawal,Fatima Smith,Switzerland,ATM
TXN003022,ACCT00187,2025-11-21 00:00:00,723.3,USD,Deposit,Prime Enterprises,India,Online
TXN003023,ACCT00182,2025-11-21 00:00:00,222.2,USD,WireTransfer,Emma Robinson,Germany,Wire
TXN003024,ACCT00178,2025-11-21 00:00:00,1037.98,USD,ACH,Yuki Green,France,Wire
TXN003025,ACCT00059,2025-11-21 00:00:00,239.18,USD,Withdrawal,Wei Wright,Ireland,Online
TXN003026,ACCT00045,2025-11-21 00:00:00,530.75,USD,CashDeposit,Yuki Hill,Ireland,Branch
TXN003027,ACCT00046,2025-11-21 00:00:00,443.78,USD,WireTransfer,Richard Jackson,Ireland,Online
TXN003028,ACCT00184,2025-11-21 00:00:00,226.36,USD,WireTransfer,Charles Martinez,UAE,Wire
TXN003029,ACCT00295,2025-11-21 00:00:00,241.34,USD,Deposit,Wei Torres,France,ATM
TXN003030,ACCT00132,2025-11-22 00:00:00,1120.04,USD,Deposit,Jennifer Garcia,Japan,ATM
TXN003031,ACCT00250,2025-11-22 00:00:00,2805.8,USD,CashDeposit,Silver Trading,United Kingdom,Online
TXN003032,ACCT00030,2025-11-22 00:00:00,1924.09,USD,Deposit,Delta Holdings,Afghanistan,ATM
TXN003033,ACCT00212,2025-11-22 00:00:00,825.01,USD,CashDeposit,Charles Wilson,Netherlands,ATM
TXN003034,ACCT00202,2025-11-22 00:00:00,1205.96,USD,CashDeposit,Wei Miller,United Kingdom,Wire
TXN003035,ACCT00109,2025-11-22 00:00:00,919.99,USD,WireTransfer,Horizon Capital,France,Wire
TXN003036,ACCT00114,2025-11-22 00:00:00,1310.12,USD,Withdrawal,Richard Scott,Ireland,Branch
TXN003037,ACCT00178,2025-11-22 00:00:00,330.8,USD,Deposit,Mateo Sanchez,Australia,Branch
TXN003038,ACCT00308,2025-11-22 00:00:00,1840.3,USD,Deposit,Sunrise Partners,UAE,Wire
TXN003039,ACCT00187,2025-11-22 00:00:00,281.16,USD,CashDeposit,Union Partners,United States,Wire
TXN003040,ACCT00123,2025-11-22 00:00:00,1450.36,USD,CashDeposit,Delta Imports,Spain,ATM
TXN003041,ACCT00296,2025-11-22 00:00:00,797.53,USD,ACH,Linda Scott,Canada,Online
TXN003042,ACCT00038,2025-11-22 00:00:00,50792.39,USD,WireTransfer,Silver Imports,North Korea,Wire
TXN003043,ACCT00063,2025-11-22 00:00:00,29414.23,USD,CashDeposit,Patricia Miller,Ireland,Branch
TXN003044,ACCT00297,2025-11-23 00:00:00,952.7,USD,Withdrawal,Prime Freight,Germany,ATM
TXN003045,ACCT00325,2025-11-23 00:00:00,597.49,USD,Withdrawal,Nova Imports,France,Wire
TXN003046,ACCT00041,2025-11-23 00:00:00,1099.29,USD,WireTransfer,Fatima Brown,India,Online
TXN003047,ACCT00096,2025-11-23 00:00:00,378.32,USD,CashDeposit,Patricia Wright,Netherlands,Wire
TXN003048,ACCT00184,2025-11-23 00:00:00,189.75,USD,Withdrawal,Silver Logistics,Spain,Branch
TXN003049,ACCT00064,2025-11-23 00:00:00,265.83,USD,CashDeposit,Diego Miller,Switzerland,ATM
TXN003050,ACCT00178,2025-11-23 00:00:00,2544.53,USD,WireTransfer,Delta Ventures,Japan,Wire
TXN003051,ACCT00173,2025-11-23 00:00:00,667.87,USD,Deposit,Sarah Gonzalez,Canada,ATM
TXN003052,ACCT00253,2025-11-23 00:00:00,569.32,USD,ACH,Falcon Holdings,UAE,ATM
TXN003053,ACCT00226,2025-11-23 00:00:00,2643.45,USD,Withdrawal,Priya Lopez,Netherlands,Online
TXN003054,ACCT00125,2025-11-23 00:00:00,211.31,USD,WireTransfer,Robert Lee,Switzerland,Branch
TXN003055,ACCT00002,2025-11-23 00:00:00,39761.5,USD,CashDeposit,Atlas Capital,Iran,Branch
TXN003056,ACCT00175,2025-11-23 00:00:00,784.39,USD,WireTransfer,Jessica Martin,Canada,Wire
TXN003057,ACCT00220,2025-11-24 00:00:00,718.73,USD,ACH,Richard Smith,Spain,Online
TXN003058,ACCT00253,2025-11-24 00:00:00,2261.33,USD,CashDeposit,Joseph Anderson,Canada,ATM
TXN003059,ACCT00072,2025-11-24 00:00:00,1627.7,USD,Withdrawal,Karen Martin,France,ATM
TXN003060,ACCT00153,2025-11-24 00:00:00,998.72,USD,Deposit,Elizabeth Thompson,Japan,Online
TXN003061,ACCT00199,2025-11-24 00:00:00,475.74,USD,CashDeposit,Thomas Thompson,Japan,ATM
TXN003062,ACCT00061,2025-11-24 00:00:00,648.36,USD,WireTransfer,Olga Jones,Switzerland,Wire
TXN003063,ACCT00056,2025-11-24 00:00:00,3774.28,USD,ACH,Crown Group,United States,Wire
TXN003064,ACCT00115,2025-11-24 00:00:00,332.81,USD,WireTransfer,Metro Logistics,United Kingdom,Branch
TXN003065,ACCT00270,2025-11-24 00:00:00,331.72,USD,Withdrawal,Camila Davis,Germany,Branch
TXN003066,ACCT00200,2025-11-24 00:00:00,417.46,USD,Withdrawal,Delta Enterprises,Germany,Wire
TXN003067,ACCT00244,2025-11-25 00:00:00,3368.4,USD,Withdrawal,Ava Taylor,France,Branch
TXN003068,ACCT00047,2025-11-25 00:00:00,442.97,USD,CashDeposit,Arjun Harris,United States,Online
TXN003069,ACCT00031,2025-11-25 00:00:00,417.61,USD,CashDeposit,Camila Williams,Venezuela,Wire
TXN003070,ACCT00173,2025-11-25 00:00:00,1139.48,USD,ACH,Thomas Moore,United States,Wire
TXN003071,ACCT00182,2025-11-25 00:00:00,928.65,USD,Deposit,William Thomas,Spain,ATM
TXN003072,ACCT00136,2025-11-25 00:00:00,2593.23,USD,Withdrawal,Crown Capital,Singapore,Online
TXN003073,ACCT00302,2025-11-25 00:00:00,748.61,USD,ACH,Prime Partners,Spain,ATM
TXN003074,ACCT00254,2025-11-25 00:00:00,790.39,USD,CashDeposit,Charles Martinez,Canada,Wire
TXN003075,ACCT00064,2025-11-25 00:00:00,260.22,USD,ACH,Mia Taylor,Singapore,Wire
TXN003076,ACCT00098,2025-11-25 00:00:00,458.42,USD,Withdrawal,James Sanchez,Ireland,Wire
TXN003077,ACCT00008,2025-11-25 00:00:00,2969.19,USD,Deposit,Patricia Smith,Canada,Branch
TXN003078,ACCT00237,2025-11-26 00:00:00,1222.24,USD,CashDeposit,Pacific Freight,UAE,ATM
TXN003079,ACCT00029,2025-11-26 00:00:00,41578.35,USD,WireTransfer,Mia Hill,Myanmar,Branch
TXN003080,ACCT00287,2025-11-26 00:00:00,282.45,USD,ACH,Crown Group,Australia,Branch
TXN003081,ACCT00143,2025-11-26 00:00:00,573.51,USD,Deposit,James Martinez,UAE,Online
TXN003082,ACCT00214,2025-11-26 00:00:00,1586.29,USD,ACH,Elizabeth Lewis,Australia,Branch
TXN003083,ACCT00287,2025-11-26 00:00:00,196.9,USD,Deposit,Sofia Brown,Netherlands,Wire
TXN003084,ACCT00278,2025-11-26 00:00:00,1914.8,USD,CashDeposit,Liam King,United Kingdom,Branch
TXN003085,ACCT00264,2025-11-26 00:00:00,263.86,USD,ACH,Horizon Group,UAE,Online
TXN003086,ACCT00004,2025-11-27 00:00:00,483.45,USD,Deposit,Robert Lopez,Germany,Branch
TXN003087,ACCT00114,2025-11-27 00:00:00,134.03,USD,Deposit,Metro Group,Canada,ATM
TXN003088,ACCT00244,2025-11-27 00:00:00,718.48,USD,ACH,Sofia King,Germany,Wire
TXN003089,ACCT00176,2025-11-27 00:00:00,1135.44,USD,Withdrawal,Atlas Ventures,India,Online
TXN003090,ACCT00293,2025-11-27 00:00:00,1811.0,USD,Deposit,Pacific Group,Spain,ATM
TXN003091,ACCT00187,2025-11-27 00:00:00,1336.63,USD,WireTransfer,Priya Moore,Spain,ATM
TXN003092,ACCT00283,2025-11-27 00:00:00,877.75,USD,Withdrawal,Lucas Wilson,Japan,Wire
TXN003093,ACCT00318,2025-11-27 00:00:00,3400.14,USD,Withdrawal,Metro Partners,Japan,Online
TXN003094,ACCT00208,2025-11-27 00:00:00,893.93,USD,ACH,Camila Thomas,Switzerland,ATM
TXN003095,ACCT00310,2025-11-28 00:00:00,501.8,USD,WireTransfer,Pacific Ventures,Ireland,Wire
TXN003096,ACCT00102,2025-11-28 00:00:00,1114.25,USD,Withdrawal,Diego Martin,France,Branch
TXN003097,ACCT00264,2025-11-28 00:00:00,463.45,USD,Withdrawal,Nova Holdings,Germany,Branch
TXN003098,ACCT00200,2025-11-28 00:00:00,53.01,USD,ACH,Robert Sanchez,Netherlands,Wire
TXN003099,ACCT00032,2025-11-28 00:00:00,123.74,USD,Withdrawal,Sarah Ramirez,Afghanistan,Branch
TXN003100,ACCT00028,2025-11-28 00:00:00,1784.91,USD,WireTransfer,Silver Exchange,Libya,Wire
TXN003101,ACCT00102,2025-11-28 00:00:00,892.08,USD,Withdrawal,Ava Garcia,Singapore,Wire
TXN003102,ACCT00226,2025-11-28 00:00:00,228.31,USD,ACH,Sarah Nguyen,Germany,ATM
TXN003103,ACCT00250,2025-11-28 00:00:00,129.98,USD,WireTransfer,Ethan Johnson,Ireland,Branch
TXN003104,ACCT00251,2025-11-28 00:00:00,523.14,USD,Deposit,Crown Holdings,France,Wire
TXN003105,ACCT00274,2025-11-29 00:00:00,352.73,USD,Deposit,Global Partners,UAE,Online
TXN003106,ACCT00241,2025-11-29 00:00:00,820.34,USD,WireTransfer,Arjun Robinson,UAE,Wire
TXN003107,ACCT00024,2025-11-29 00:00:00,192.19,USD,WireTransfer,Horizon Ventures,France,Online
TXN003108,ACCT00146,2025-11-29 00:00:00,1787.67,USD,Deposit,Chloe Scott,Canada,Wire
TXN003109,ACCT00298,2025-11-29 00:00:00,788.27,USD,WireTransfer,Joseph Lee,Netherlands,Online
TXN003110,ACCT00070,2025-11-29 00:00:00,1704.06,USD,Withdrawal,Pacific Freight,Canada,Branch
TXN003111,ACCT00106,2025-11-30 00:00:00,444.23,USD,Deposit,James Robinson,France,Wire
TXN003112,ACCT00258,2025-11-30 00:00:00,380.19,USD,Withdrawal,Falcon Exchange,Netherlands,Branch
TXN003113,ACCT00123,2025-11-30 00:00:00,1084.3,USD,ACH,Pacific Trading,UAE,Wire
TXN003114,ACCT00030,2025-11-30 00:00:00,144.52,USD,Withdrawal,Horizon Ventures,Iran,Online
TXN003115,ACCT00190,2025-11-30 00:00:00,1311.78,USD,WireTransfer,Crown Exchange,UAE,Online
TXN003116,ACCT00110,2025-11-30 00:00:00,813.35,USD,Deposit,Camila Davis,Spain,Branch
TXN003117,ACCT00112,2025-11-30 00:00:00,389.18,USD,WireTransfer,Elizabeth Martinez,Netherlands,ATM
TXN003118,ACCT00032,2025-11-30 00:00:00,92226.41,USD,WireTransfer,Nova Exchange,Yemen,Wire
TXN003119,ACCT00109,2025-12-01 00:00:00,1804.99,USD,Withdrawal,Noah Moore,United States,Branch
TXN003120,ACCT00223,2025-12-01 00:00:00,621.24,USD,Withdrawal,Joseph Perez,United States,Wire
TXN003121,ACCT00010,2025-12-01 00:00:00,826.22,USD,Deposit,Patricia Smith,Venezuela,Branch
TXN003122,ACCT00206,2025-12-01 00:00:00,1077.14,USD,WireTransfer,Summit Exchange,UAE,Wire
TXN003123,ACCT00178,2025-12-01 00:00:00,64.67,USD,Deposit,Lucas Taylor,Canada,Wire
TXN003124,ACCT00267,2025-12-01 00:00:00,106.52,USD,CashDeposit,Richard Smith,United States,Online
TXN003125,ACCT00082,2025-12-01 00:00:00,1161.9,USD,Deposit,Elizabeth Perez,Switzerland,Branch
TXN003126,ACCT00065,2025-12-01 00:00:00,1817.36,USD,CashDeposit,Ahmed Brown,Switzerland,Branch
TXN003127,ACCT00050,2025-12-01 00:00:00,484.88,USD,Withdrawal,Anchor Partners,Japan,ATM
TXN003128,ACCT00300,2025-12-02 00:00:00,1153.77,USD,Deposit,Pacific Traders,France,Branch
TXN003129,ACCT00023,2025-12-02 00:00:00,259.72,USD,Withdrawal,Olga Young,Yemen,Online
TXN003130,ACCT00167,2025-12-02 00:00:00,935.04,USD,Deposit,William Scott,Australia,Online
TXN003131,ACCT00174,2025-12-02 00:00:00,3824.66,USD,CashDeposit,Arjun Hernandez,Australia,Branch
TXN003132,ACCT00056,2025-12-02 00:00:00,333.89,USD,CashDeposit,Patricia Lopez,UAE,ATM
TXN003133,ACCT00064,2025-12-02 00:00:00,877.05,USD,ACH,Patricia White,India,Branch
TXN003134,ACCT00265,2025-12-02 00:00:00,402.71,USD,CashDeposit,Arjun Lopez,Spain,Online
TXN003135,ACCT00163,2025-12-02 00:00:00,1919.72,USD,Deposit,Barbara King,Canada,Online
TXN003136,ACCT00275,2025-12-02 00:00:00,1455.16,USD,CashDeposit,Metro Partners,Ireland,ATM
TXN003137,ACCT00026,2025-12-02 00:00:00,3198.68,USD,ACH,Arjun Moore,Venezuela,Online
TXN003138,ACCT00326,2025-12-02 00:00:00,1100.21,USD,Withdrawal,Joseph Martin,India,Online
TXN003139,ACCT00024,2025-12-02 00:00:00,2479.39,USD,Deposit,Falcon Imports,Libya,Branch
TXN003140,ACCT00240,2025-12-03 00:00:00,2701.14,USD,WireTransfer,Union Imports,Japan,ATM
TXN003141,ACCT00265,2025-12-03 00:00:00,355.2,USD,CashDeposit,Global Group,UAE,Online
TXN003142,ACCT00207,2025-12-03 00:00:00,3174.45,USD,ACH,Jessica Flores,Spain,Branch
TXN003143,ACCT00299,2025-12-03 00:00:00,753.01,USD,CashDeposit,Falcon Capital,United Kingdom,Online
TXN003144,ACCT00299,2025-12-03 00:00:00,210.57,USD,ACH,Thomas Jackson,France,Online
TXN003145,ACCT00029,2025-12-03 00:00:00,140.06,USD,Withdrawal,Joseph Nguyen,Iran,ATM
TXN003146,ACCT00033,2025-12-03 00:00:00,228.02,USD,CashDeposit,Silver Traders,Libya,Online
TXN003147,ACCT00064,2025-12-03 00:00:00,1149.65,USD,Withdrawal,Sven Miller,Singapore,Online
TXN003148,ACCT00164,2025-12-03 00:00:00,145.13,USD,Withdrawal,Jennifer Jones,Ireland,Wire
TXN003149,ACCT00311,2025-12-04 00:00:00,583.63,USD,Withdrawal,Delta Enterprises,Spain,Branch
TXN003150,ACCT00224,2025-12-04 00:00:00,1003.01,USD,CashDeposit,Prime Freight,Singapore,ATM
TXN003151,ACCT00175,2025-12-04 00:00:00,1818.08,USD,CashDeposit,Wei Smith,Australia,Branch
TXN003152,ACCT00129,2025-12-04 00:00:00,846.34,USD,CashDeposit,Arjun Wright,United Kingdom,Wire
TXN003153,ACCT00293,2025-12-04 00:00:00,3343.52,USD,Withdrawal,Crown Traders,United Kingdom,Online
TXN003154,ACCT00037,2025-12-04 00:00:00,42175.86,USD,CashDeposit,Karen Green,Venezuela,Branch
TXN003155,ACCT00115,2025-12-04 00:00:00,177.68,USD,WireTransfer,Olga Scott,Germany,ATM
TXN003156,ACCT00070,2025-12-04 00:00:00,1152.92,USD,Withdrawal,Anchor Traders,Spain,Online
TXN003157,ACCT00064,2025-12-04 00:00:00,81.38,USD,CashDeposit,Emma Torres,Germany,Wire
TXN003158,ACCT00157,2025-12-04 00:00:00,1056.37,USD,WireTransfer,Noah Harris,Canada,Wire
TXN003159,ACCT00297,2025-12-04 00:00:00,1822.57,USD,Deposit,Sarah Jones,Canada,ATM
TXN003160,ACCT00162,2025-12-04 00:00:00,699.09,USD,WireTransfer,Arjun Taylor,Canada,Branch
TXN003161,ACCT00097,2025-12-04 00:00:00,422.75,USD,CashDeposit,Emma Johnson,Switzerland,Online
TXN003162,ACCT00258,2025-12-04 00:00:00,2226.86,USD,WireTransfer,Camila Miller,Ireland,Branch
TXN003163,ACCT00250,2025-12-05 00:00:00,665.06,USD,Deposit,Lucas Harris,France,ATM
TXN003164,ACCT00278,2025-12-05 00:00:00,1591.13,USD,WireTransfer,Mia Ramirez,Ireland,Wire
TXN003165,ACCT00301,2025-12-05 00:00:00,325.36,USD,Withdrawal,Patricia Lewis,United States,ATM
TXN003166,ACCT00230,2025-12-05 00:00:00,938.57,USD,ACH,Nova Imports,United Kingdom,ATM
TXN003167,ACCT00199,2025-12-05 00:00:00,2277.59,USD,ACH,Delta Partners,Spain,ATM
TXN003168,ACCT00033,2025-12-05 00:00:00,232.55,USD,WireTransfer,Charles Taylor,Switzerland,Online
TXN003169,ACCT00093,2025-12-05 00:00:00,372.22,USD,CashDeposit,Charles Young,Ireland,Wire
TXN003170,ACCT00248,2025-12-05 00:00:00,492.52,USD,CashDeposit,Chloe Lewis,India,Online
TXN003171,ACCT00222,2025-12-05 00:00:00,757.1,USD,ACH,Priya Harris,UAE,Branch
TXN003172,ACCT00296,2025-12-06 00:00:00,1284.84,USD,ACH,Noah White,Netherlands,Online
TXN003173,ACCT00153,2025-12-06 00:00:00,2190.66,USD,ACH,Wei Martin,Australia,ATM
TXN003174,ACCT00240,2025-12-06 00:00:00,456.92,USD,Deposit,Crown Group,Netherlands,Wire
TXN003175,ACCT00097,2025-12-06 00:00:00,588.9,USD,Deposit,Karen White,France,Online
TXN003176,ACCT00018,2025-12-06 00:00:00,18773.12,USD,CashDeposit,William King,Afghanistan,Branch
TXN003177,ACCT00220,2025-12-07 00:00:00,714.82,USD,Withdrawal,Priya Young,Switzerland,Online
TXN003178,ACCT00310,2025-12-07 00:00:00,123.77,USD,WireTransfer,Liam Walker,India,Wire
TXN003179,ACCT00107,2025-12-07 00:00:00,495.02,USD,CashDeposit,Union Capital,Japan,Wire
TXN003180,ACCT00212,2025-12-07 00:00:00,392.98,USD,Deposit,Richard Garcia,United States,Branch
TXN003181,ACCT00208,2025-12-07 00:00:00,287.94,USD,ACH,Jessica Wilson,UAE,Online
TXN003182,ACCT00172,2025-12-07 00:00:00,884.36,USD,ACH,Linda Thomas,France,ATM
TXN003183,ACCT00062,2025-12-07 00:00:00,1863.63,USD,Withdrawal,Karen Lee,Japan,Wire
TXN003184,ACCT00088,2025-12-08 00:00:00,160.48,USD,WireTransfer,Diego White,United Kingdom,Wire
TXN003185,ACCT00217,2025-12-08 00:00:00,2259.92,USD,Withdrawal,Global Trading,Netherlands,Branch
TXN003186,ACCT00017,2025-12-08 00:00:00,28892.72,USD,WireTransfer,Liam Perez,Venezuela,Branch
TXN003187,ACCT00292,2025-12-08 00:00:00,1801.04,USD,Deposit,Atlas Ventures,Singapore,ATM
TXN003188,ACCT00294,2025-12-08 00:00:00,606.77,USD,ACH,Olga Walker,Singapore,ATM
TXN003189,ACCT00292,2025-12-09 00:00:00,778.81,USD,CashDeposit,Delta Ventures,Japan,Wire
TXN003190,ACCT00299,2025-12-09 00:00:00,972.19,USD,CashDeposit,Prime Trading,Canada,ATM
TXN003191,ACCT00251,2025-12-09 00:00:00,349.96,USD,WireTransfer,Atlas Exchange,France,Wire
TXN003192,ACCT00250,2025-12-09 00:00:00,265.89,USD,CashDeposit,John Martinez,France,Wire
TXN003193,ACCT00302,2025-12-09 00:00:00,4204.45,USD,Deposit,Summit Enterprises,Spain,Wire
TXN003194,ACCT00210,2025-12-09 00:00:00,351.67,USD,Withdrawal,Jennifer Thompson,France,ATM
TXN003195,ACCT00245,2025-12-09 00:00:00,299.52,USD,CashDeposit,Ava Smith,Switzerland,Online
TXN003196,ACCT00296,2025-12-10 00:00:00,1552.98,USD,CashDeposit,Barbara Lopez,UAE,Online
TXN003197,ACCT00216,2025-12-10 00:00:00,1689.51,USD,CashDeposit,Global Exchange,Germany,Wire
TXN003198,ACCT00297,2025-12-10 00:00:00,128.3,USD,Deposit,Mia Lee,Netherlands,Wire
TXN003199,ACCT00272,2025-12-10 00:00:00,172.5,USD,ACH,Horizon Imports,France,Branch
TXN003200,ACCT00259,2025-12-11 00:00:00,759.21,USD,Deposit,Barbara Perez,France,Online
TXN003201,ACCT00072,2025-12-11 00:00:00,339.17,USD,ACH,Sunrise Enterprises,Ireland,Wire
TXN003202,ACCT00187,2025-12-11 00:00:00,894.78,USD,WireTransfer,Mateo Lopez,Spain,Branch
TXN003203,ACCT00104,2025-12-11 00:00:00,410.45,USD,WireTransfer,William Green,Ireland,Wire
TXN003204,ACCT00005,2025-12-11 00:00:00,1174.9,USD,WireTransfer,Mia Jones,Iran,Branch
TXN003205,ACCT00045,2025-12-11 00:00:00,2966.49,USD,Withdrawal,Arjun Davis,Singapore,Online
TXN003206,ACCT00092,2025-12-11 00:00:00,8970.38,USD,Deposit,Jennifer Davis,India,Wire
TXN003207,ACCT00099,2025-12-11 00:00:00,135.0,USD,ACH,Richard Moore,Germany,Branch
TXN003208,ACCT00091,2025-12-11 00:00:00,346.76,USD,Deposit,Ahmed Ramirez,Spain,Online
TXN003209,ACCT00007,2025-12-11 00:00:00,412.54,USD,WireTransfer,Ava Anderson,Syria,Online
TXN003210,ACCT00102,2025-12-11 00:00:00,2097.79,USD,Deposit,Union Holdings,Singapore,Wire
TXN003211,ACCT00071,2025-12-11 00:00:00,2602.27,USD,WireTransfer,Fatima Williams,India,Online
TXN003212,ACCT00231,2025-12-11 00:00:00,554.23,USD,ACH,Priya Green,Canada,Branch
TXN003213,ACCT00298,2025-12-12 00:00:00,460.78,USD,Withdrawal,Prime Capital,France,Wire
TXN003214,ACCT00046,2025-12-12 00:00:00,792.78,USD,CashDeposit,Ahmed Thomas,UAE,Online
TXN003215,ACCT00118,2025-12-12 00:00:00,136.84,USD,CashDeposit,Ava Miller,India,Online
TXN003216,ACCT00080,2025-12-12 00:00:00,497.56,USD,Withdrawal,Barbara Lee,Singapore,Online
TXN003217,ACCT00051,2025-12-12 00:00:00,965.0,USD,ACH,Sven Johnson,Germany,Wire
TXN003218,ACCT00167,2025-12-12 00:00:00,216.47,USD,WireTransfer,Diego Sanchez,Japan,Wire
TXN003219,ACCT00008,2025-12-12 00:00:00,215.83,USD,ACH,Jessica Gonzalez,North Korea,Online
TXN003220,ACCT00212,2025-12-12 00:00:00,3731.99,USD,ACH,Arjun Hill,UAE,Branch
TXN003221,ACCT00104,2025-12-13 00:00:00,918.81,USD,Withdrawal,Liam Williams,Spain,Online
TXN003222,ACCT00188,2025-12-13 00:00:00,1108.53,USD,WireTransfer,Mary Rodriguez,Netherlands,ATM
TXN003223,ACCT00320,2025-12-13 00:00:00,79.54,USD,Withdrawal,Wei Hill,Australia,ATM
TXN003224,ACCT00038,2025-12-13 00:00:00,289.35,USD,Deposit,Michael Harris,Yemen,Online
TXN003225,ACCT00118,2025-12-13 00:00:00,1106.24,USD,WireTransfer,Susan Williams,India,Online
TXN003226,ACCT00225,2025-12-13 00:00:00,995.56,USD,ACH,Richard Green,France,ATM
TXN003227,ACCT00279,2025-12-13 00:00:00,880.96,USD,Deposit,Anchor Trading,United States,Branch
TXN003228,ACCT00039,2025-12-13 00:00:00,167.45,USD,WireTransfer,Robert Smith,Canada,Wire
TXN003229,ACCT00125,2025-12-14 00:00:00,668.81,USD,ACH,Chloe Garcia,Netherlands,Online
TXN003230,ACCT00187,2025-12-14 00:00:00,427.07,USD,CashDeposit,Barbara Young,Switzerland,ATM
TXN003231,ACCT00060,2025-12-14 00:00:00,863.22,USD,CashDeposit,Mateo Lopez,Netherlands,Online
TXN003232,ACCT00023,2025-12-14 00:00:00,1500.97,USD,Deposit,Patricia Moore,Ireland,Online
TXN003233,ACCT00235,2025-12-14 00:00:00,1280.54,USD,WireTransfer,Silver Capital,United States,Branch
TXN003234,ACCT00309,2025-12-14 00:00:00,575.22,USD,WireTransfer,Michael Hill,Ireland,Wire
TXN003235,ACCT00014,2025-12-14 00:00:00,219.97,USD,CashDeposit,Charles Clark,Iran,Online
TXN003236,ACCT00162,2025-12-14 00:00:00,465.43,USD,WireTransfer,Lucas Wright,Japan,Wire
TXN003237,ACCT00133,2025-12-14 00:00:00,652.81,USD,Withdrawal,Silver Ventures,France,Branch
TXN003238,ACCT00083,2025-12-14 00:00:00,1211.88,USD,ACH,Lucas Scott,Canada,ATM
TXN003239,ACCT00082,2025-12-14 00:00:00,709.44,USD,CashDeposit,John Williams,UAE,Online
TXN003240,ACCT00256,2025-12-14 00:00:00,1633.77,USD,Deposit,Union Holdings,Netherlands,Branch
TXN003241,ACCT00005,2025-12-15 00:00:00,1514.9,USD,CashDeposit,Falcon Holdings,Yemen,Branch
TXN003242,ACCT00244,2025-12-15 00:00:00,482.17,USD,WireTransfer,Crown Logistics,Switzerland,Wire
TXN003243,ACCT00077,2025-12-15 00:00:00,1162.5,USD,WireTransfer,Karen Ramirez,Netherlands,ATM
TXN003244,ACCT00311,2025-12-15 00:00:00,309.26,USD,WireTransfer,Michael Sanchez,UAE,Online
TXN003245,ACCT00220,2025-12-15 00:00:00,214.82,USD,Withdrawal,Elizabeth Flores,Australia,Branch
TXN003246,ACCT00175,2025-12-15 00:00:00,242.79,USD,Withdrawal,Delta Ventures,France,Online
TXN003247,ACCT00163,2025-12-15 00:00:00,863.72,USD,ACH,Charles Martinez,Switzerland,Branch
TXN003248,ACCT00155,2025-12-15 00:00:00,1193.22,USD,Withdrawal,William Martin,Netherlands,ATM
TXN003249,ACCT00245,2025-12-15 00:00:00,743.43,USD,CashDeposit,Delta Imports,UAE,Wire
TXN003250,ACCT00278,2025-12-15 00:00:00,927.61,USD,Withdrawal,Anchor Holdings,Japan,ATM
TXN003251,ACCT00003,2025-12-16 00:00:00,55385.8,USD,WireTransfer,Sofia Torres,Venezuela,Wire
TXN003252,ACCT00264,2025-12-16 00:00:00,397.34,USD,Deposit,Metro Group,France,ATM
TXN003253,ACCT00208,2025-12-16 00:00:00,145.96,USD,ACH,Yuki Walker,Australia,ATM
TXN003254,ACCT00223,2025-12-16 00:00:00,283.9,USD,CashDeposit,Linda Miller,Germany,Wire
TXN003255,ACCT00212,2025-12-16 00:00:00,9000.0,USD,WireTransfer,Global Holdings,Ireland,ATM
TXN003256,ACCT00202,2025-12-16 00:00:00,380.92,USD,Withdrawal,Pacific Traders,Netherlands,ATM
TXN003257,ACCT00285,2025-12-16 00:00:00,610.29,USD,ACH,William Johnson,Switzerland,Branch
TXN003258,ACCT00285,2025-12-16 00:00:00,479.77,USD,Withdrawal,Barbara Lewis,Canada,Branch
TXN003259,ACCT00045,2025-12-16 00:00:00,1139.13,USD,WireTransfer,Anchor Ventures,Spain,Online
TXN003260,ACCT00277,2025-12-16 00:00:00,611.72,USD,CashDeposit,Olga Wilson,India,Branch
TXN003261,ACCT00003,2025-12-16 20:00:00,54209.58,USD,WireTransfer,Jessica Gonzalez,Germany,Wire
TXN003262,ACCT00130,2025-12-17 00:00:00,858.57,USD,CashDeposit,Jennifer White,Canada,Wire
TXN003263,ACCT00138,2025-12-17 00:00:00,665.28,USD,ACH,Prime Imports,India,Branch
TXN003264,ACCT00313,2025-12-17 00:00:00,1776.36,USD,WireTransfer,Mateo Flores,Canada,Online
TXN003265,ACCT00054,2025-12-17 00:00:00,519.48,USD,ACH,Pacific Partners,Netherlands,Online
TXN003266,ACCT00213,2025-12-17 00:00:00,1419.3,USD,CashDeposit,Sunrise Group,Netherlands,Wire
TXN003267,ACCT00204,2025-12-17 00:00:00,112.59,USD,Deposit,Karen Hill,Germany,Branch
TXN003268,ACCT00072,2025-12-17 00:00:00,5682.51,USD,WireTransfer,Sarah Johnson,Canada,ATM
TXN003269,ACCT00206,2025-12-17 00:00:00,591.84,USD,ACH,Robert Wilson,Singapore,Online
TXN003270,ACCT00098,2025-12-17 00:00:00,238.84,USD,Deposit,James Sanchez,Spain,Online
TXN003271,ACCT00290,2025-12-17 00:00:00,158.67,USD,Deposit,Crown Freight,Netherlands,Online
TXN003272,ACCT00102,2025-12-17 00:00:00,139.41,USD,CashDeposit,Fatima King,Australia,Online
TXN003273,ACCT00011,2025-12-17 00:00:00,4388.87,USD,WireTransfer,Atlas Partners,Yemen,Branch
TXN003274,ACCT00130,2025-12-18 00:00:00,845.96,USD,CashDeposit,Union Partners,Switzerland,Online
TXN003275,ACCT00288,2025-12-18 00:00:00,205.17,USD,WireTransfer,Prime Group,Japan,Branch
TXN003276,ACCT00054,2025-12-18 00:00:00,819.24,USD,WireTransfer,Joseph Harris,Netherlands,Wire
TXN003277,ACCT00252,2025-12-18 00:00:00,1535.07,USD,Deposit,Atlas Imports,Germany,ATM
TXN003278,ACCT00027,2025-12-18 00:00:00,115.17,USD,WireTransfer,Delta Imports,Yemen,Branch
TXN003279,ACCT00148,2025-12-18 00:00:00,12634.94,USD,CashDeposit,Barbara Robinson,Yemen,Branch
TXN003280,ACCT00287,2025-12-18 00:00:00,165.91,USD,CashDeposit,Union Holdings,United Kingdom,ATM
TXN003281,ACCT00099,2025-12-18 00:00:00,647.09,USD,Withdrawal,Ethan Taylor,UAE,Wire
TXN003282,ACCT00060,2025-12-18 00:00:00,1277.07,USD,Withdrawal,Atlas Group,UAE,Branch
TXN003283,ACCT00275,2025-12-18 00:00:00,554.15,USD,ACH,Ahmed Williams,Germany,ATM
TXN003284,ACCT00020,2025-12-18 00:00:00,22392.12,USD,WireTransfer,Karen Nguyen,Australia,Branch
TXN003285,ACCT00265,2025-12-18 00:00:00,700.08,USD,Withdrawal,Susan Nguyen,India,Online
TXN003286,ACCT00258,2025-12-18 00:00:00,2082.79,USD,WireTransfer,Prime Group,Netherlands,Wire
TXN003287,ACCT00061,2025-12-19 00:00:00,634.65,USD,ACH,Union Ventures,France,Wire
TXN003288,ACCT00039,2025-12-19 00:00:00,8324.29,USD,CashDeposit,Ahmed Martinez,Myanmar,Branch
TXN003289,ACCT00302,2025-12-19 00:00:00,395.1,USD,WireTransfer,Charles Taylor,Japan,Wire
TXN003290,ACCT00055,2025-12-19 00:00:00,1676.79,USD,WireTransfer,Union Freight,Australia,Wire
TXN003291,ACCT00312,2025-12-19 00:00:00,256.91,USD,Withdrawal,Ethan Lopez,Spain,Online
TXN003292,ACCT00302,2025-12-19 00:00:00,3585.24,USD,CashDeposit,Chloe Brown,Ireland,Wire
TXN003293,ACCT00325,2025-12-19 00:00:00,652.05,USD,WireTransfer,Nova Capital,India,Online
TXN003294,ACCT00237,2025-12-19 00:00:00,62.16,USD,WireTransfer,Sven Davis,UAE,Online
TXN003295,ACCT00318,2025-12-19 00:00:00,311.96,USD,ACH,Elizabeth Scott,United States,Online
TXN003296,ACCT00150,2025-12-19 00:00:00,5035.71,USD,ACH,Delta Capital,United Kingdom,Online
TXN003297,ACCT00222,2025-12-19 00:00:00,161.35,USD,CashDeposit,Mary Harris,Switzerland,ATM
TXN003298,ACCT00245,2025-12-20 00:00:00,4680.41,USD,Deposit,Karen Sanchez,Spain,ATM
TXN003299,ACCT00079,2025-12-20 00:00:00,985.67,USD,Deposit,Sarah Robinson,UAE,Online
TXN003300,ACCT00245,2025-12-20 00:00:00,4454.01,USD,Deposit,Joseph Clark,Netherlands,Branch
TXN003301,ACCT00315,2025-12-20 00:00:00,541.73,USD,CashDeposit,Michael King,Spain,ATM
TXN003302,ACCT00095,2025-12-20 00:00:00,458.14,USD,Withdrawal,Priya Hernandez,India,ATM
TXN003303,ACCT00254,2025-12-20 00:00:00,3240.48,USD,Deposit,Lucas Hill,Singapore,Branch
TXN003304,ACCT00039,2025-12-20 00:00:00,4002.03,USD,ACH,Sunrise Traders,Ireland,Wire
TXN003305,ACCT00085,2025-12-20 00:00:00,426.97,USD,WireTransfer,Sarah Green,France,Branch
TXN003306,ACCT00209,2025-12-20 00:00:00,1314.69,USD,Withdrawal,Camila Miller,Switzerland,Branch
TXN003307,ACCT00220,2025-12-21 00:00:00,3030.23,USD,ACH,Linda King,Spain,Branch
TXN003308,ACCT00138,2025-12-21 00:00:00,774.61,USD,WireTransfer,Michael Scott,United States,Branch
TXN003309,ACCT00113,2025-12-21 00:00:00,469.04,USD,WireTransfer,Horizon Logistics,Netherlands,ATM
TXN003310,ACCT00240,2025-12-21 00:00:00,456.37,USD,CashDeposit,Linda Smith,Canada,Branch
TXN003311,ACCT00295,2025-12-21 00:00:00,35656.04,USD,CashDeposit,Horizon Ventures,Libya,Branch
TXN003312,ACCT00279,2025-12-21 00:00:00,393.64,USD,CashDeposit,Linda Williams,India,Wire
TXN003313,ACCT00307,2025-12-21 00:00:00,1422.71,USD,WireTransfer,Mary Martinez,Switzerland,ATM
TXN003314,ACCT00263,2025-12-21 00:00:00,2108.2,USD,ACH,Summit Trading,United States,ATM
TXN003315,ACCT00114,2025-12-22 00:00:00,579.72,USD,ACH,Union Freight,India,Wire
TXN003316,ACCT00184,2025-12-22 00:00:00,334.05,USD,Withdrawal,Union Ventures,Netherlands,Online
TXN003317,ACCT00059,2025-12-22 00:00:00,749.97,USD,ACH,Jessica Perez,Netherlands,Wire
TXN003318,ACCT00261,2025-12-22 00:00:00,5182.13,USD,Withdrawal,Fatima Miller,Singapore,ATM
TXN003319,ACCT00038,2025-12-22 00:00:00,4007.32,USD,Deposit,Sarah Green,North Korea,ATM
TXN003320,ACCT00061,2025-12-22 00:00:00,1801.31,USD,WireTransfer,Sarah Clark,Switzerland,ATM
TXN003321,ACCT00172,2025-12-22 00:00:00,1262.93,USD,WireTransfer,Wei Lopez,Singapore,Branch
TXN003322,ACCT00027,2025-12-22 00:00:00,811.24,USD,Deposit,Karen Miller,Venezuela,ATM
TXN003323,ACCT00035,2025-12-22 00:00:00,5000.0,USD,CashDeposit,Elizabeth Robinson,Iran,Branch
TXN003324,ACCT00109,2025-12-23 00:00:00,417.96,USD,ACH,Nova Freight,Singapore,Wire
TXN003325,ACCT00289,2025-12-23 00:00:00,327.08,USD,Withdrawal,Delta Enterprises,Spain,Online
TXN003326,ACCT00102,2025-12-23 00:00:00,1330.23,USD,Withdrawal,Elizabeth Thomas,Germany,Branch
TXN003327,ACCT00055,2025-12-23 00:00:00,375.71,USD,CashDeposit,Pacific Imports,Japan,Branch
TXN003328,ACCT00056,2025-12-23 00:00:00,2483.43,USD,Deposit,James Garcia,Japan,Online
TXN003329,ACCT00287,2025-12-23 00:00:00,272.38,USD,Withdrawal,Crown Logistics,Singapore,Wire
TXN003330,ACCT00007,2025-12-23 00:00:00,1877.21,USD,ACH,Metro Enterprises,Venezuela,Wire
TXN003331,ACCT00228,2025-12-23 00:00:00,1383.31,USD,CashDeposit,Nova Ventures,France,Branch
TXN003332,ACCT00067,2025-12-23 00:00:00,3141.83,USD,CashDeposit,James Jones,United States,ATM
TXN003333,ACCT00128,2025-12-23 00:00:00,280.05,USD,ACH,Anchor Traders,United Kingdom,ATM
TXN003334,ACCT00292,2025-12-24 00:00:00,848.11,USD,Deposit,Karen King,Spain,ATM
TXN003335,ACCT00176,2025-12-24 00:00:00,163.91,USD,CashDeposit,David Perez,Netherlands,Online
TXN003336,ACCT00227,2025-12-24 00:00:00,4865.16,USD,ACH,Susan Lee,Ireland,Online
TXN003337,ACCT00103,2025-12-24 00:00:00,321.18,USD,ACH,Atlas Enterprises,United Kingdom,Branch
TXN003338,ACCT00243,2025-12-25 00:00:00,235.74,USD,Deposit,Delta Logistics,India,Branch
TXN003339,ACCT00165,2025-12-25 00:00:00,253.72,USD,Withdrawal,Liam Garcia,UAE,Online
TXN003340,ACCT00151,2025-12-25 00:00:00,519.56,USD,CashDeposit,Jessica Hernandez,UAE,Wire
TXN003341,ACCT00135,2025-12-25 00:00:00,1939.43,USD,Withdrawal,Michael King,Germany,Wire
TXN003342,ACCT00010,2025-12-26 00:00:00,1034.96,USD,Withdrawal,Priya Nguyen,Venezuela,Branch
TXN003343,ACCT00307,2025-12-26 00:00:00,555.67,USD,ACH,Olga Scott,Australia,Wire
TXN003344,ACCT00201,2025-12-26 00:00:00,541.39,USD,CashDeposit,Summit Trading,India,Online
TXN003345,ACCT00161,2025-12-26 00:00:00,1094.16,USD,ACH,Chloe White,Canada,Online
TXN003346,ACCT00311,2025-12-26 00:00:00,961.73,USD,CashDeposit,Olga Rodriguez,United States,Branch
TXN003347,ACCT00103,2025-12-26 00:00:00,1029.22,USD,ACH,Pacific Partners,India,Wire
TXN003348,ACCT00142,2025-12-26 00:00:00,1077.63,USD,Deposit,Liam Miller,Japan,ATM
TXN003349,ACCT00305,2025-12-27 00:00:00,387.57,USD,Withdrawal,Barbara Martinez,Spain,Branch
TXN003350,ACCT00269,2025-12-27 00:00:00,1642.57,USD,Withdrawal,Barbara Thompson,United States,Branch
TXN003351,ACCT00039,2025-12-27 00:00:00,2182.86,USD,CashDeposit,Ava Wright,Switzerland,Online
TXN003352,ACCT00264,2025-12-27 00:00:00,134.61,USD,Withdrawal,Prime Group,France,ATM
TXN003353,ACCT00318,2025-12-27 00:00:00,36.44,USD,WireTransfer,Silver Capital,Netherlands,Branch
TXN003354,ACCT00316,2025-12-27 00:00:00,4857.77,USD,ACH,Chloe Robinson,United States,Branch
TXN003355,ACCT00136,2025-12-27 00:00:00,133.28,USD,ACH,Chloe Perez,Canada,Branch
TXN003356,ACCT00151,2025-12-28 00:00:00,5430.15,USD,CashDeposit,Sunrise Group,UAE,ATM
TXN003357,ACCT00281,2025-12-28 00:00:00,420.8,USD,Deposit,Falcon Logistics,India,Online
TXN003358,ACCT00130,2025-12-28 00:00:00,9000.0,USD,ACH,Yuki King,India,Online
TXN003359,ACCT00108,2025-12-28 00:00:00,79.69,USD,CashDeposit,Ethan Lee,Canada,Wire
TXN003360,ACCT00093,2025-12-28 00:00:00,201.16,USD,Withdrawal,Delta Exchange,Japan,Wire
TXN003361,ACCT00201,2025-12-28 00:00:00,141.37,USD,Withdrawal,Sarah Nguyen,Switzerland,Branch
TXN003362,ACCT00317,2025-12-28 00:00:00,447.5,USD,Withdrawal,Yuki Rodriguez,Singapore,ATM
TXN003363,ACCT00137,2025-12-29 00:00:00,113.4,USD,Deposit,Lucas Lewis,United Kingdom,Online
TXN003364,ACCT00254,2025-12-29 00:00:00,217.5,USD,Deposit,Mary Lewis,France,ATM
TXN003365,ACCT00147,2025-12-29 00:00:00,206.43,USD,CashDeposit,Emma Ramirez,India,ATM
TXN003366,ACCT00107,2025-12-29 00:00:00,2483.93,USD,Deposit,Sofia Garcia,Singapore,ATM
TXN003367,ACCT00286,2025-12-29 00:00:00,2448.62,USD,CashDeposit,Atlas Freight,Switzerland,ATM
TXN003368,ACCT00223,2025-12-29 00:00:00,381.62,USD,CashDeposit,Sven Walker,Switzerland,ATM
TXN003369,ACCT00237,2025-12-30 00:00:00,561.34,USD,WireTransfer,Diego Lee,United Kingdom,Wire
TXN003370,ACCT00275,2025-12-30 00:00:00,861.49,USD,Withdrawal,Arjun White,Singapore,Branch
TXN003371,ACCT00074,2025-12-30 00:00:00,26809.35,USD,CashDeposit,Falcon Logistics,Libya,Branch
TXN003372,ACCT00193,2025-12-30 00:00:00,1239.01,USD,ACH,Arjun Ramirez,Ireland,ATM
TXN003373,ACCT00183,2025-12-30 00:00:00,805.56,USD,ACH,Silver Traders,Ireland,Online
TXN003374,ACCT00153,2025-12-30 00:00:00,367.87,USD,WireTransfer,Metro Traders,Canada,Wire
TXN003375,ACCT00128,2025-12-30 00:00:00,188.4,USD,WireTransfer,Sunrise Enterprises,Switzerland,Wire
TXN003376,ACCT00117,2025-12-30 00:00:00,625.99,USD,Withdrawal,Emma Robinson,Switzerland,ATM
TXN003377,ACCT00014,2025-12-30 00:00:00,674.47,USD,Deposit,Anchor Logistics,Switzerland,Branch
TXN003378,ACCT00208,2025-12-31 00:00:00,362.17,USD,Withdrawal,Chloe White,Spain,Online
TXN003379,ACCT00140,2025-12-31 00:00:00,358.65,USD,WireTransfer,Nova Logistics,UAE,ATM
TXN003380,ACCT00305,2025-12-31 00:00:00,1352.6,USD,WireTransfer,Sven Scott,Spain,Online
TXN003381,ACCT00123,2025-12-31 00:00:00,106.1,USD,ACH,Jennifer Wright,UAE,Wire
TXN003382,ACCT00087,2025-12-31 00:00:00,4981.01,USD,CashDeposit,Elizabeth Hernandez,United Kingdom,ATM
TXN003383,ACCT00077,2025-12-31 00:00:00,966.86,USD,CashDeposit,Yuki Lee,Canada,Wire
TXN003384,ACCT00067,2025-12-31 00:00:00,330.26,USD,Deposit,Karen Perez,Germany,Branch
TXN003385,ACCT00023,2025-12-31 00:00:00,5000.0,USD,WireTransfer,Atlas Traders,France,Branch
